CARD_NBR,EMAIL,DOB,TIER,ENROLL_DT,HOME_STR
6034118822,member00001@example.com,1972-11-15,G,2019-04-02,01042
6046659051,member00027@example.com,1956-06-23,B,2022-05-24,00317
6044925192,member00028@example.com,1975-10-31,B,2022-11-05,00317
6029148652,member00029@example.com,1985-12-26,B,2017-02-04,01042
6054235733,member00030@example.com,1961-11-25,G,2018-01-31,01107
6088805929,member00031@example.com,1961-11-02,S,2023-06-14,02210
6070653794,member00032@example.com,1968-12-28,B,2025-01-25,02305
6073597746,member00033@example.com,1995-04-27,S,2026-04-12,02210
6039240758,member00034@example.com,1994-04-14,B,2017-04-20,02305
6012478261,member00035@example.com,1988-06-21,B,2019-12-24,01042
6060685361,member00036@example.com,1968-02-22,G,2023-05-30,01107
6052204727,member00037@example.com,2003-03-16,G,2025-01-22,01107
6004328986,member00038@example.com,1973-11-05,S,2017-06-29,01107
6003697117,member00039@example.com,2004-09-10,B,2015-05-15,02211
6024609539,member00040@example.com,1964-10-20,B,2024-05-05,01107
6085188888,member00041@example.com,1983-01-11,B,2015-06-16,01042
6065405153,member00042@example.com,2000-03-15,B,2017-04-29,03050
6020585277,member00043@example.com,1960-02-05,G,2019-02-02,00322
6004303054,member00044@example.com,1983-09-23,B,2026-07-24,00322
6040345054,member00045@example.com,1981-01-06,S,2017-10-16,00317
6076527758,member00046@example.com,1955-05-31,B,2020-12-24,01107
6069284511,member00047@example.com,1974-07-10,S,2022-05-10,00317
6027570596,member00048@example.com,1953-02-22,G,2021-02-27,00317
6058202970,member00049@example.com,1954-01-12,S,2017-10-31,03050
6056909275,member00050@example.com,1987-10-30,B,2023-05-06,02210
6085654310,member00051@example.com,1992-10-08,B,2019-03-05,01107
6044739473,member00052@example.com,1960-03-05,B,2017-10-01,00322
6027155188,member00053@example.com,1974-11-28,B,2021-07-06,02210
6058313237,member00054@example.com,1980-05-17,B,2015-08-04,03050
6078291146,member00055@example.com,1995-02-28,S,2025-09-26,00317
6091251778,member00056@example.com,1959-07-07,B,2022-09-23,02210
6026801824,member00057@example.com,1962-07-13,S,2018-09-10,02211
6058414384,member00058@example.com,2004-01-27,S,2017-10-22,01107
6082992299,member00059@example.com,1998-07-25,G,2022-07-28,01042
6010943969,member00060@example.com,1992-09-05,B,2015-09-06,02305
6047364710,member00061@example.com,1987-06-09,S,2018-07-18,00322
6035925556,member00062@example.com,1981-03-29,B,2017-12-07,01107
6053714732,member00063@example.com,1952-07-16,S,2017-03-04,00317
6096325953,member00064@example.com,1992-09-13,B,2018-07-29,00322
6074701687,member00065@example.com,1967-04-20,B,2020-05-26,01042
6004797480,member00066@example.com,1986-08-29,G,2017-05-30,02305
6056506098,member00067@example.com,1980-07-10,B,2019-05-14,01107
6068784991,member00068@example.com,1956-09-03,S,2017-11-20,03050
6085239868,member00069@example.com,1952-01-24,G,2015-11-26,03050
6078729825,member00070@example.com,1962-07-30,S,2022-02-22,02305
6095888794,member00071@example.com,1949-06-29,S,2025-08-26,01107
6069409749,member00072@example.com,1952-08-09,B,2020-02-08,02210
6089623091,member00073@example.com,1949-09-12,S,2019-04-12,00317
6026368970,member00074@example.com,1994-07-14,S,2018-02-05,03050
6078652785,member00075@example.com,1971-09-19,B,2022-12-12,02211
6034843443,member00076@example.com,1976-06-10,S,2025-12-19,02305
6041986652,member00077@example.com,1951-10-10,S,2021-07-07,01107
6057473384,member00078@example.com,1960-04-25,G,2021-02-03,02211
6030833016,member00079@example.com,1990-05-19,G,2022-05-29,02210
6008267734,member00080@example.com,1973-08-09,B,2022-03-16,01107
6093802620,member00081@example.com,1992-06-10,S,2023-11-27,02305
6000499154,member00082@example.com,1996-09-27,B,2025-03-11,02210
6087431527,member00083@example.com,1964-09-14,G,2020-10-08,03050
6049329668,member00084@example.com,1955-10-13,S,2022-05-10,01107
6022753046,member00085@example.com,1988-01-29,B,2020-04-13,03050
6049904530,member00086@example.com,1989-10-02,S,2017-08-26,00317
6084145933,member00087@example.com,1990-11-25,S,2017-12-30,03050
6068783391,member00088@example.com,1995-05-21,B,2025-01-07,01107
6091088398,member00089@example.com,1962-10-05,S,2018-05-12,00322
6013971870,member00090@example.com,1959-11-02,B,2025-03-03,00322
6090874064,member00091@example.com,1967-07-20,B,2015-01-25,01042
6065180170,member00092@example.com,1984-09-05,S,2021-06-09,02210
6065676618,member00093@example.com,1979-03-14,G,2017-12-25,00317
6082300478,member00094@example.com,1995-09-21,S,2024-07-06,02211
6037524310,member00095@example.com,2003-03-02,B,2024-05-27,01042
6033119079,member00096@example.com,1969-12-15,B,2016-02-03,00317
6073830284,member00097@example.com,1999-09-07,S,2020-04-02,03050
6034283644,member00098@example.com,1997-12-11,B,2016-05-14,02210
6068705685,member00099@example.com,1984-08-16,G,2024-05-03,00317
6028733427,member00100@example.com,1998-06-15,S,2016-04-17,00317
6088263435,member00101@example.com,1988-05-08,B,2016-10-09,01107
6083046990,member00102@example.com,1964-11-17,B,2016-08-19,02211
6073540331,member00103@example.com,1969-10-06,B,2025-09-28,02211
6063854678,member00104@example.com,1975-09-02,S,2023-01-22,00322
6071753556,member00105@example.com,1998-06-19,B,2016-01-10,02210
6004899642,member00106@example.com,1977-08-05,S,2019-05-27,02211
6078547772,member00107@example.com,1963-03-09,G,2022-11-25,00322
6028080100,member00108@example.com,1960-05-02,B,2024-04-01,02211
6012038750,member00109@example.com,1991-10-08,G,2025-11-02,00317
6000848408,member00110@example.com,1964-01-31,G,2024-08-28,01107
6082339845,member00111@example.com,1983-08-10,G,2020-12-29,00317
6079334101,member00112@example.com,1982-01-09,S,2024-02-03,00322
6000217659,member00113@example.com,1995-05-20,B,2017-02-20,02211
6039740148,member00114@example.com,1964-02-03,B,2015-09-27,03050
6003926142,member00115@example.com,1998-11-03,B,2020-05-23,00317
6085621850,member00116@example.com,1987-03-19,S,2017-03-11,01107
6059996504,member00117@example.com,1992-01-06,S,2025-02-07,00317
6062961943,member00118@example.com,1955-05-12,S,2016-08-25,00317
6026551104,member00119@example.com,1980-04-15,B,2024-12-22,01107
6021267888,member00120@example.com,1957-04-07,G,2024-02-25,03050
6081995604,member00121@example.com,1982-10-16,B,2024-04-12,02211
6098262244,member00122@example.com,1992-03-28,G,2021-01-07,02210
6064647154,member00123@example.com,2004-01-28,S,2020-07-13,02211
6071240659,member00124@example.com,1977-07-25,S,2023-07-10,00317
6092459375,member00125@example.com,1983-09-23,B,2018-12-26,02305
6079356465,member00126@example.com,1998-08-02,S,2017-07-21,02210
6080737416,member00127@example.com,1960-06-26,B,2026-03-14,02211
6042661797,member00128@example.com,1995-12-10,B,2023-12-28,00317
6080589113,member00129@example.com,1962-12-03,B,2022-12-18,01042
6096561014,member00130@example.com,1993-10-24,B,2019-12-24,02211
6075679825,member00131@example.com,1991-04-24,G,2015-07-21,00317
6077514010,member00133@example.com,1957-10-23,B,2022-09-11,02210
6038282586,member00134@example.com,1968-10-19,B,2025-05-13,02210
6026609379,member00135@example.com,1982-11-19,G,2024-08-19,02211
6034191825,member00136@example.com,1965-09-05,S,2022-04-24,02305
6078596969,member00137@example.com,1979-03-19,S,2017-07-24,00322
6092499125,member00138@example.com,1969-05-27,S,2017-08-23,02210
6052866929,member00139@example.com,1985-12-14,S,2023-08-10,02210
6082742257,member00140@example.com,1980-03-17,B,2016-03-15,00322
6023688767,member00141@example.com,1987-10-27,S,2024-04-27,01107
6090340438,member00142@example.com,1963-02-02,B,2021-06-22,00322
6088191485,member00143@example.com,1987-08-06,B,2015-12-07,00317
6013407451,member00144@example.com,1958-07-13,B,2024-11-05,02211
6039596292,member00145@example.com,1966-07-26,B,2019-08-20,03050
6084982544,member00146@example.com,1994-02-24,B,2020-12-30,01107
6026042232,member00147@example.com,1970-03-17,B,2022-03-23,00317
6072946671,member00148@example.com,1984-02-21,B,2017-02-01,02305
6057759017,member00149@example.com,1953-09-06,B,2023-01-13,00317
6036374545,member00150@example.com,1998-10-16,B,2017-12-05,03050
6000170127,member00151@example.com,1948-01-23,B,2025-03-28,00317
6032424154,member00152@example.com,1981-05-11,B,2016-11-06,02210
6006436110,member00153@example.com,1990-10-11,G,2019-10-15,02211
6087005162,member00154@example.com,1954-05-09,S,2025-09-18,01107
6011554262,member00155@example.com,1954-02-19,B,2018-03-16,01042
6092753269,member00156@example.com,1967-06-28,G,2024-12-03,01107
6021965652,member00157@example.com,1972-11-05,B,2020-07-22,02211
6089994043,member00158@example.com,2002-06-13,B,2026-08-12,00317
6040376137,member00159@example.com,1995-05-24,B,2016-08-04,01042
6055269658,member00160@example.com,1990-04-04,B,2018-11-16,01107
6009104300,member00161@example.com,1993-06-13,S,2023-12-05,00317
6066188924,member00162@example.com,1975-10-21,G,2016-11-15,02211
6028569146,member00163@example.com,1953-03-12,S,2020-05-08,00317
6017990421,member00164@example.com,1960-04-23,B,2015-04-14,02210
6075884252,member00165@example.com,1958-08-04,B,2021-01-10,01042
6056481491,member00166@example.com,1988-11-01,B,2026-02-16,01042
6079252419,member00167@example.com,1968-06-28,B,2017-08-02,01042
6000307562,member00168@example.com,1951-03-04,B,2019-01-06,00317
6035365419,member00169@example.com,1958-09-17,B,2023-05-13,01042
6023806174,member00170@example.com,1977-05-12,G,2021-12-20,00322
6005349493,member00171@example.com,1981-01-14,B,2025-05-28,00322
6038320603,member00172@example.com,1948-11-10,B,2022-10-08,01042
6064138367,member00173@example.com,1960-10-09,B,2016-05-05,01107
6003865719,member00174@example.com,1993-05-05,G,2017-02-21,00317
6019906234,member00175@example.com,1976-04-05,B,2020-11-08,00317
6055743132,member00176@example.com,1961-12-10,G,2017-06-11,00322
6075618537,member00177@example.com,1989-07-26,S,2021-11-30,01107
6012490352,member00178@example.com,1970-04-08,B,2017-01-17,00317
6080442067,member00179@example.com,1956-06-30,S,2020-08-08,02210
6010032365,member00180@example.com,2000-03-29,B,2016-11-19,01107
6001372151,member00181@example.com,1989-05-10,G,2015-12-16,00317
6067066253,member00182@example.com,1972-09-01,S,2019-03-14,02210
6009993476,member00183@example.com,1953-06-21,G,2025-09-29,00317
6026383806,member00184@example.com,1991-01-13,B,2023-01-20,00322
6059856420,member00185@example.com,2001-07-27,S,2022-02-25,02305
6007859321,member00186@example.com,1969-08-20,S,2020-07-23,01042
6039652239,member00187@example.com,1980-03-09,B,2022-02-18,01042
6059929378,member00188@example.com,1963-10-01,S,2021-12-06,01107
6003930870,member00189@example.com,2003-02-04,S,2022-06-10,02210
6052500292,member00190@example.com,1995-03-20,B,2017-06-27,01107
6056915452,member00191@example.com,1987-03-12,B,2018-07-14,00322
6052895392,member00192@example.com,1975-07-11,B,2023-06-27,02305
6022096902,member00193@example.com,2002-11-06,S,2022-02-19,01107
6072513552,member00194@example.com,1978-02-13,S,2016-12-27,02305
6033154100,member00195@example.com,1987-04-25,B,2023-08-28,02210
6067658617,member00196@example.com,1962-08-04,S,2020-01-22,01042
6040541152,member00197@example.com,1962-06-08,B,2023-06-03,01107
6059970629,member00198@example.com,1962-02-03,G,2024-09-26,03050
6033688444,member00199@example.com,1956-08-08,G,2020-04-29,00322
6020506149,member00200@example.com,1965-11-29,G,2025-10-09,02211
6024171467,member00201@example.com,1971-10-10,G,2025-12-20,00317
6025652704,member00202@example.com,1989-09-21,S,2024-11-11,02305
6090211586,member00203@example.com,1997-08-31,G,2020-02-07,00317
6086879374,member00204@example.com,1983-06-02,B,2016-10-08,01042
6089899217,member00205@example.com,1962-12-30,B,2018-11-17,02211
6020616329,member00206@example.com,1976-09-07,B,2020-10-13,01107
6016868548,member00207@example.com,1949-02-09,B,2025-04-11,00317
6016229991,member00208@example.com,1998-06-25,B,2017-05-15,02305
6085646799,member00209@example.com,1951-05-12,S,2025-08-11,00317
6029960653,member00210@example.com,1990-08-19,B,2016-02-08,03050
6005444713,member00211@example.com,1974-12-16,B,2018-01-05,00322
6054691373,member00212@example.com,1991-06-18,B,2024-02-18,03050
6008214862,member00213@example.com,1963-08-03,S,2015-08-26,02211
6003070534,member00214@example.com,1989-08-24,B,2023-04-06,01107
6003579727,member00215@example.com,1978-11-19,S,2022-11-05,02305
6014060293,member00216@example.com,1968-03-12,B,2019-12-19,02305
6068007229,member00217@example.com,1968-01-28,S,2015-03-11,02305
6046657437,member00218@example.com,1994-09-16,B,2021-10-11,00317
6091085899,member00219@example.com,1974-10-11,B,2021-05-04,00322
6015454443,member00220@example.com,1994-05-29,B,2018-05-13,01042
6096520744,member00221@example.com,1984-04-18,S,2024-05-21,01042
6099353875,member00222@example.com,1974-12-06,B,2026-05-18,02210
6041724825,member00223@example.com,1967-12-09,S,2017-01-01,02305
6065549471,member00224@example.com,1952-10-24,B,2025-07-21,01107
6073816846,member00225@example.com,1961-07-11,G,2016-03-18,02211
6056972521,member00226@example.com,1977-11-03,B,2025-12-08,02210
6050074329,member00227@example.com,1991-12-03,B,2018-07-21,01107
6029666676,member00228@example.com,1951-05-21,B,2015-02-08,03050
6005830033,member00229@example.com,1975-12-31,G,2022-09-21,00317
6089421044,member00230@example.com,1994-09-04,B,2025-03-23,03050
6062575326,member00231@example.com,1968-06-28,S,2015-06-06,02210
6030982150,member00232@example.com,1970-12-12,B,2023-06-01,01042
6090100167,member00233@example.com,1959-02-01,B,2023-07-13,00322
6023046184,member00234@example.com,1985-07-29,B,2018-01-28,01107
6089141173,member00235@example.com,1971-08-05,B,2019-06-25,02211
6056420873,member00236@example.com,1977-08-29,S,2025-10-12,01042
6011972181,member00237@example.com,1970-12-16,B,2017-04-09,00322
6044701204,member00238@example.com,1976-01-20,S,2023-01-29,01107
6010022557,member00239@example.com,1956-05-03,S,2021-01-06,03050
6021667467,member00240@example.com,1962-12-18,G,2024-06-16,01042
6021697972,member00241@example.com,1980-03-03,B,2023-07-08,02210
6077167014,member00242@example.com,1949-02-09,B,2022-01-18,02211
6058891637,member00243@example.com,1982-07-12,G,2022-10-03,01042
6002877217,member00244@example.com,1969-08-11,S,2022-03-11,02305
6008386631,member00245@example.com,1987-11-07,B,2025-04-18,00322
6017751701,member00246@example.com,1984-12-28,G,2024-01-18,01042
6019948837,member00247@example.com,1980-08-06,B,2022-08-24,02211
6075899757,member00248@example.com,1956-09-27,B,2017-07-23,02211
6005548851,member00249@example.com,1962-09-23,S,2016-01-11,00317
6014933163,member00250@example.com,1965-02-04,B,2025-04-02,01107
6060917798,member00251@example.com,1992-10-01,G,2018-01-07,01042
6086978292,member00252@example.com,1957-04-16,S,2017-11-17,03050
6086693465,member00253@example.com,1988-08-16,B,2021-08-06,02210
6069848583,member00254@example.com,1966-10-24,B,2019-07-04,02305
6052288515,member00255@example.com,2000-04-14,B,2025-10-10,00317
6084608106,member00256@example.com,1952-10-04,B,2018-04-05,02211
6042442043,member00257@example.com,1980-03-06,B,2015-09-22,01107
6098386384,member00258@example.com,1982-03-26,S,2016-01-20,03050
6080043973,member00259@example.com,2000-10-14,B,2023-04-01,02211
6034721228,member00260@example.com,1981-11-03,G,2017-09-04,02305
6084229405,member00261@example.com,1961-11-20,G,2025-06-17,03050
6090947985,member00262@example.com,1976-07-07,B,2016-08-20,02210
6081826886,member00263@example.com,1979-05-07,S,2017-01-23,02211
6055543987,member00264@example.com,1958-04-17,B,2015-03-14,00322
6039930561,member00265@example.com,1971-01-07,B,2023-08-28,02305
6008588770,member00266@example.com,1965-04-09,S,2021-08-25,01107
6012880133,member00267@example.com,1957-04-28,S,2024-07-07,00317
6012075011,member00268@example.com,1963-12-20,B,2016-03-20,01107
6093466766,member00269@example.com,1949-07-07,S,2022-02-04,01107
6080919015,member00270@example.com,1957-07-09,S,2026-04-12,02305
6091476607,member00271@example.com,1995-11-10,S,2018-07-04,00317
6084245088,member00272@example.com,1959-01-21,G,2018-03-04,00317
6088143536,member00273@example.com,1960-10-11,S,2026-06-30,02211
6094312908,member00274@example.com,1997-04-24,G,2025-05-06,01107
6041397552,member00275@example.com,1956-12-22,S,2020-04-05,01107
6035775949,member00276@example.com,1998-09-27,B,2018-06-02,03050
6062053364,member00277@example.com,1960-01-18,B,2023-01-23,03050
6077754781,member00278@example.com,2002-06-03,G,2018-12-10,02305
6028341108,member00279@example.com,2000-03-15,B,2015-09-13,02211
6008488725,member00280@example.com,1968-01-13,B,2023-10-21,02305
6027881658,member00281@example.com,1969-06-06,B,2015-03-28,02210
6082722992,member00282@example.com,1980-03-10,G,2025-11-04,00322
6031453038,member00283@example.com,1982-10-26,S,2023-02-07,00322
6000518449,member00284@example.com,1981-10-16,B,2018-11-25,03050
6091846386,member00285@example.com,1978-12-15,S,2022-11-30,00322
6090827231,member00286@example.com,1973-03-11,S,2026-07-17,02210
6025913651,member00287@example.com,1990-12-15,S,2025-10-19,02210
6060302992,member00288@example.com,2004-06-23,B,2018-01-08,02210
6002428699,member00289@example.com,1973-06-06,B,2015-06-02,02211
6079772369,member00290@example.com,2000-04-09,B,2018-03-15,02210
6098425799,member00291@example.com,1968-08-13,S,2016-07-17,02210
6010388629,member00292@example.com,1963-12-01,S,2017-02-27,01042
6088117298,member00293@example.com,1986-09-17,B,2015-01-10,03050
6008637659,member00294@example.com,1986-03-04,G,2017-03-11,00322
6031498643,member00295@example.com,1948-08-21,B,2015-02-14,01107
6080635651,member00296@example.com,1986-03-23,B,2018-06-21,02305
6048695946,member00297@example.com,1985-01-26,B,2019-07-27,00322
6025887449,member00298@example.com,1983-09-19,B,2022-09-21,01107
6037213865,member00299@example.com,1962-06-03,S,2016-03-02,01042
6012796114,member00300@example.com,1981-04-08,G,2019-12-22,01042
6066984902,member00301@example.com,1987-05-20,G,2026-02-01,02305
6030988392,member00302@example.com,1980-04-09,S,2015-10-23,01042
6021465669,member00303@example.com,1994-06-13,G,2019-06-29,01107
6018489554,member00304@example.com,2002-05-26,B,2020-01-28,00322
6069042681,member00305@example.com,1993-02-20,S,2016-08-15,01107
6084894769,member00306@example.com,1969-10-28,B,2025-11-05,00322
6079071416,member00307@example.com,1968-08-17,B,2019-12-11,00317
6058804341,member00308@example.com,1978-09-06,G,2023-12-13,02210
6075539423,member00309@example.com,1965-11-29,S,2026-03-11,02211
6043333952,member00310@example.com,1958-10-03,B,2017-05-23,00322
6090807595,member00311@example.com,1999-07-17,B,2026-01-16,00322
6028463920,member00312@example.com,1990-11-29,B,2024-06-28,01042
6085627187,member00313@example.com,1948-10-02,G,2022-01-29,02211
6069155942,member00314@example.com,1969-04-10,S,2020-11-23,03050
6052763655,member00315@example.com,1973-01-31,S,2023-12-26,02210
6093143866,member00316@example.com,1961-01-31,B,2019-05-26,02210
6070267288,member00317@example.com,1991-08-28,S,2022-01-30,01042
6061203471,member00318@example.com,1978-01-09,S,2025-02-02,03050
6088450615,member00319@example.com,1999-10-02,B,2019-06-18,02210
6045587716,member00320@example.com,1989-08-09,B,2021-06-05,02210
6025699611,member00321@example.com,1978-10-29,S,2018-08-20,03050
6002341326,member00323@example.com,1956-07-28,G,2017-04-23,00322
6080068114,member00324@example.com,1955-07-25,B,2018-06-26,00317
6043347228,member00325@example.com,1950-07-25,G,2018-10-29,03050
6057784872,member00326@example.com,2001-01-02,B,2018-12-21,00317
6088457831,member00327@example.com,1975-08-15,S,2024-11-28,02305
6024008254,member00328@example.com,1996-01-03,G,2025-07-10,00322
6074064930,member00329@example.com,1964-12-01,S,2023-05-19,00317
6063266341,member00330@example.com,2004-02-06,S,2024-06-20,02305
6048463122,member00331@example.com,1957-11-25,B,2021-06-30,00322
6049735020,member00332@example.com,1964-09-05,B,2015-07-01,02305
6042703120,member00333@example.com,1967-06-26,S,2026-01-26,02305
6075705120,member00334@example.com,1983-03-16,G,2020-12-23,00322
6023460136,member00335@example.com,1970-03-05,B,2024-12-07,01042
6037183764,member00336@example.com,1962-03-25,B,2022-03-31,01042
6088147435,member00337@example.com,1967-07-16,B,2016-03-02,02211
6065024916,member00338@example.com,1948-10-19,B,2020-06-14,00322
6092513271,member00339@example.com,2004-01-31,G,2022-08-04,03050
6028127358,member00340@example.com,1987-05-11,B,2022-10-16,01042
6065240778,member00341@example.com,1996-09-09,B,2021-08-11,02211
6092855749,member00342@example.com,1954-03-06,B,2018-08-06,00322
6044857086,member00343@example.com,1949-09-05,B,2019-02-28,03050
6093518638,member00344@example.com,1997-06-22,S,2026-02-27,02305
6056511810,member00345@example.com,1964-01-10,B,2017-11-29,02211
6017310967,member00346@example.com,1952-05-27,S,2020-09-27,01107
6003717058,member00347@example.com,1981-02-09,B,2024-04-30,01042
6094801413,member00348@example.com,1956-09-17,G,2026-08-26,02211
6086338392,member00349@example.com,1957-06-19,B,2024-04-24,03050
6076122868,member00350@example.com,1962-03-11,B,2022-07-27,00322
6055855665,member00351@example.com,1998-07-10,B,2020-05-25,00317
6084577600,member00352@example.com,2001-06-12,G,2021-05-19,02210
6040433504,member00353@example.com,1997-11-28,B,2026-06-20,02210
6010752245,member00354@example.com,1968-11-25,S,2020-08-08,02305
6019693157,member00355@example.com,1991-10-21,B,2018-11-17,01107
6094096105,member00356@example.com,1986-12-18,S,2022-10-21,01107
6039060480,member00357@example.com,1996-06-09,B,2022-02-28,03050
6083206799,member00358@example.com,1956-01-30,S,2026-04-27,02305
6062251790,member00359@example.com,1971-07-22,G,2023-12-15,00317
6022783769,member00360@example.com,1998-05-06,B,2019-05-26,02211
6031465911,member00361@example.com,1985-12-30,S,2024-04-11,02211
6055904259,member00362@example.com,2003-11-28,G,2024-12-01,01042
6033521103,member00363@example.com,1973-10-22,G,2018-04-24,01107
6047705383,member00364@example.com,1997-01-08,B,2019-07-28,02305
6087920698,member00365@example.com,1970-12-01,S,2015-12-23,02305
6039407016,member00366@example.com,1980-04-25,B,2021-01-31,01042
6046368157,member00367@example.com,1964-09-21,S,2016-12-22,00322
6080038457,member00368@example.com,1962-01-31,G,2023-10-28,03050
6054384046,member00369@example.com,1997-10-14,B,2015-08-30,02211
6025621689,member00370@example.com,1985-06-10,S,2020-02-07,02210
6064957823,member00371@example.com,2000-02-16,B,2018-02-09,02211
6024826292,member00372@example.com,1954-01-31,B,2022-02-13,01107
6025205664,member00373@example.com,1972-07-24,S,2024-12-08,02211
6012209949,member00374@example.com,2001-07-02,S,2020-03-06,01042
6051728975,member00375@example.com,1982-10-05,S,2019-02-16,02210
6023306046,member00376@example.com,1966-03-13,B,2019-12-29,01107
6027975736,member00377@example.com,1951-10-02,B,2024-01-30,00317
6056999880,member00378@example.com,1957-10-22,S,2026-09-05,01042
6038860868,member00379@example.com,1965-01-12,S,2016-02-08,00317
6044726490,member00380@example.com,1960-10-04,S,2026-08-06,00322
6018129826,member00381@example.com,1977-01-07,S,2024-04-10,02210
6079371452,member00382@example.com,1956-03-07,G,2017-10-09,00322
6051868926,member00383@example.com,1951-12-09,B,2023-07-15,03050
6092222064,member00384@example.com,1988-01-13,S,2021-12-10,02210
6012309407,member00385@example.com,1992-09-25,B,2026-02-28,01042
6097339776,member00386@example.com,1955-02-14,B,2024-11-28,01042
6038498302,member00387@example.com,1952-12-09,B,2018-04-29,01042
6020994510,member00388@example.com,1985-05-28,B,2017-06-11,02210
6049998279,member00389@example.com,1951-03-20,G,2023-01-29,02305
6055616814,member00390@example.com,1960-01-26,G,2025-07-23,02305
6058683390,member00391@example.com,1999-04-05,B,2017-06-14,01107
6079469548,member00392@example.com,1959-08-21,B,2022-12-08,00322
6087729343,member00393@example.com,1958-08-09,G,2015-01-13,01107
6039660558,member00394@example.com,1949-01-05,B,2019-10-06,02305
6041448850,member00395@example.com,1977-11-25,S,2017-07-21,01042
6023557702,member00396@example.com,1961-12-09,B,2025-10-19,03050
6076084958,member00397@example.com,1966-09-07,B,2015-06-03,03050
6051240568,member00398@example.com,1999-03-23,B,2018-09-21,02210
6091450461,member00399@example.com,1969-04-27,S,2026-02-23,02305
6038421503,member00400@example.com,1987-10-24,B,2017-01-28,00322
6082357845,member00401@example.com,1956-10-24,B,2018-03-19,02210
6030768104,member00402@example.com,2001-04-25,B,2015-12-27,03050
6070184094,member00403@example.com,1976-10-14,S,2019-09-16,02305
6048571422,member00404@example.com,1958-04-08,G,2021-02-19,01107
6038585424,member00405@example.com,1963-05-14,G,2020-06-28,03050
6087020701,member00406@example.com,1952-10-28,G,2023-08-09,00317
6029979545,member00407@example.com,1995-11-11,G,2019-06-12,00322
6092171747,member00408@example.com,1968-10-14,B,2025-07-21,02210
6094562557,member00409@example.com,1950-09-18,G,2025-12-07,01107
6057724599,member00410@example.com,1993-07-27,G,2017-11-09,01107
6058148769,member00411@example.com,1969-05-27,B,2024-04-09,02210
6076153966,member00412@example.com,1996-11-07,B,2022-09-04,02210
6019719975,member00413@example.com,1987-12-10,S,2017-03-10,00317
6019196570,member00414@example.com,1967-07-10,B,2017-01-11,01042
6022784699,member00415@example.com,1965-07-21,S,2025-01-11,03050
6049465190,member00416@example.com,1984-04-05,B,2026-06-13,02305
6005800851,member00417@example.com,1950-10-18,S,2021-04-30,00317
6056666832,member00418@example.com,1960-06-23,S,2025-08-26,00317
6056242201,member00419@example.com,1960-12-01,B,2015-05-09,00322
6062126796,member00420@example.com,1988-10-06,B,2019-01-12,00322
6065326909,member00421@example.com,1969-03-28,B,2026-03-04,02305
6068950097,member00422@example.com,1958-02-25,B,2023-04-08,01107
6028478189,member00423@example.com,1969-12-31,S,2016-12-25,01107
6089490580,member00424@example.com,1988-09-24,B,2025-07-07,00322
6095654420,member00425@example.com,1998-07-28,S,2021-10-26,00322
6092904904,member00426@example.com,1955-05-27,G,2025-11-15,01107
6044294440,member00427@example.com,2002-03-04,S,2017-07-02,02210
6075243728,member00428@example.com,1978-10-04,B,2015-09-29,02210
6092766372,member00429@example.com,1999-10-31,B,2019-09-24,03050
6004102767,member00430@example.com,1990-09-23,B,2021-10-04,02211
6066742860,member00431@example.com,1988-04-06,S,2021-06-23,03050
6080185694,member00432@example.com,1972-04-02,S,2022-07-07,01107
6049673938,member00433@example.com,1964-02-21,S,2022-07-27,01042
6001061817,member00434@example.com,1967-09-07,B,2022-11-19,02305
6030091093,member00435@example.com,1958-10-06,G,2017-09-24,02210
6069212447,member00436@example.com,1988-09-05,B,2016-09-12,02305
6065421406,member00437@example.com,1977-11-04,B,2023-09-19,02305
6042717396,member00438@example.com,1992-02-22,G,2019-01-01,00317
6039174101,member00439@example.com,1999-04-04,B,2016-07-30,00322
6007200642,member00440@example.com,1983-02-09,B,2022-05-25,00322
6076618306,member00441@example.com,1958-11-15,B,2025-10-24,03050
6054601585,member00442@example.com,1989-03-27,B,2016-10-21,02305
6032806346,member00443@example.com,2004-07-29,B,2017-05-24,00322
6017320309,member00444@example.com,1991-11-22,S,2020-05-07,02305
6078700505,member00445@example.com,1984-05-18,G,2015-12-17,00322
6082931027,member00446@example.com,1990-04-10,B,2015-06-06,01042
6032020417,member00447@example.com,2001-01-09,G,2018-10-30,01107
6017993136,member00448@example.com,1984-01-25,S,2022-07-26,02210
6053092511,member00449@example.com,1960-09-02,B,2021-02-21,02210
6058273902,member00450@example.com,2004-09-18,B,2017-03-29,02210
6007100219,member00451@example.com,1985-05-04,B,2021-05-13,00322
6023248763,member00452@example.com,2002-10-10,B,2018-11-30,02210
6079145608,member00453@example.com,1965-03-20,G,2020-04-14,01107
6095883734,member00454@example.com,1965-05-18,G,2016-03-10,02210
6077220054,member00455@example.com,1986-12-30,S,2019-09-13,00322
6001082207,member00456@example.com,1958-05-31,G,2026-07-20,02211
6079956353,member00457@example.com,1977-04-04,S,2017-06-21,02211
6063631797,member00458@example.com,1987-02-07,G,2016-03-21,00322
6026527354,member00459@example.com,1978-02-18,G,2019-07-15,01042
6042177625,member00460@example.com,1974-06-24,B,2019-12-07,02210
6098316873,member00461@example.com,1989-07-07,S,2025-08-14,00317
6033569392,member00462@example.com,1985-06-24,B,2015-02-11,01042
6078068671,member00463@example.com,1992-06-07,S,2025-02-23,01042
6063254310,member00464@example.com,1975-05-07,S,2025-10-05,00322
6099077262,member00465@example.com,2004-03-26,S,2023-04-23,01042
6016580464,member00466@example.com,1955-04-06,B,2019-08-24,03050
6008501657,member00467@example.com,1980-10-18,S,2015-12-01,01107
6083253817,member00468@example.com,1968-03-23,S,2019-09-15,02305
6086401557,member00469@example.com,1992-12-26,B,2025-11-27,01107
6078847951,member00470@example.com,1989-01-28,G,2019-03-23,00317
6024112412,member00471@example.com,1961-07-02,B,2026-02-17,01042
6046827567,member00472@example.com,1974-02-25,S,2015-06-25,01042
6038569557,member00473@example.com,1989-02-01,S,2024-12-26,02210
6042437540,member00474@example.com,1979-09-06,S,2018-04-30,02210
6092842222,member00475@example.com,1958-06-28,G,2020-05-02,03050
6092745238,member00476@example.com,1976-06-07,B,2015-10-12,02210
6057828410,member00477@example.com,1992-10-20,B,2024-01-28,00322
6052088547,member00478@example.com,1999-06-21,B,2021-07-02,00322
6051702814,member00479@example.com,1984-01-12,B,2015-07-23,02211
6075150939,member00480@example.com,1972-12-07,S,2019-12-25,01107
6087186375,member00481@example.com,1953-01-10,B,2026-06-22,03050
6062656504,member00482@example.com,1979-07-10,S,2022-09-26,00322
6081376742,member00483@example.com,1985-02-27,G,2024-07-04,01107
6023478519,member00484@example.com,1955-12-08,G,2023-06-06,02305
6062879232,member00485@example.com,1973-12-20,B,2023-07-25,01042
6049478730,member00486@example.com,1961-10-26,S,2015-01-21,00322
6014627301,member00487@example.com,1992-03-26,B,2021-03-20,01107
6095979647,member00488@example.com,1981-06-25,B,2017-09-06,01042
6042902572,member00489@example.com,1962-08-26,G,2023-01-06,03050
6065044818,member00490@example.com,2004-05-05,S,2019-05-07,01107
6092855445,member00491@example.com,1995-12-11,B,2017-02-24,02210
6002845765,member00492@example.com,1957-03-10,S,2018-08-28,02211
6038988816,member00493@example.com,1954-11-08,G,2025-04-30,02210
6001322342,member00495@example.com,1959-09-06,B,2019-09-16,00317
6011076031,member00496@example.com,1994-01-24,B,2015-09-26,00322
6014014011,member00497@example.com,2000-09-18,B,2019-08-10,02210
6050124955,member00498@example.com,1992-11-29,B,2018-08-08,02211
6089119083,member00499@example.com,1973-04-14,S,2019-04-19,01042
6013875927,member00500@example.com,1964-03-23,B,2017-05-29,00317
6063836151,member00501@example.com,1957-11-23,B,2025-06-13,00322
6054801571,member00502@example.com,1973-06-11,S,2023-08-19,02305
6073864631,member00503@example.com,1980-12-18,S,2025-09-01,00322
6016781126,member00504@example.com,2000-12-24,B,2023-12-26,02210
6015353961,member00505@example.com,1986-02-06,B,2020-03-22,02305
6099465796,member00506@example.com,1993-11-18,S,2025-11-13,00322
6011477320,member00507@example.com,1952-09-27,B,2017-03-26,00322
6002695249,member00508@example.com,1954-11-12,B,2017-02-28,00322
6073477848,member00509@example.com,1996-06-29,B,2022-09-15,01042
6061675677,member00510@example.com,1950-12-12,S,2015-10-22,02305
6027624671,member00511@example.com,1997-09-06,B,2026-01-01,00322
6078280647,member00512@example.com,2003-05-07,B,2023-06-22,02305
6050090255,member00513@example.com,2004-02-01,S,2015-08-09,01107
6065565033,member00514@example.com,1975-12-31,B,2020-04-06,01107
6041520850,member00515@example.com,1985-11-25,B,2025-05-03,00317
6040790569,member00516@example.com,1976-12-04,B,2023-10-03,00322
6013578529,member00517@example.com,1980-08-05,B,2021-09-19,02211
6071834404,member00518@example.com,1968-04-06,B,2024-01-07,01107
6091954198,member00519@example.com,1986-04-26,S,2025-08-29,01107
6048468536,member00520@example.com,1970-07-17,B,2024-01-09,00322
6082082973,member00521@example.com,1972-01-14,B,2025-06-25,00317
6090835723,member00522@example.com,1974-12-09,B,2018-05-17,00317
6051364424,member00523@example.com,1984-05-30,S,2020-04-18,02210
6030347786,member00524@example.com,1951-04-27,S,2024-06-19,02305
6020448207,member00525@example.com,1952-12-17,B,2015-06-13,01107
6059416516,member00526@example.com,1969-03-05,G,2018-02-25,01107
6089847139,member00527@example.com,1976-02-12,S,2017-09-28,00317
6036321234,member00528@example.com,1984-08-20,S,2024-11-09,01042
6078515867,member00529@example.com,1972-11-30,B,2020-07-11,02210
6057540900,member00530@example.com,1970-09-11,B,2020-05-17,02305
6051837606,member00531@example.com,1974-12-29,G,2020-09-24,02211
6043275604,member00532@example.com,1992-02-10,S,2016-10-18,00317
6056124815,member00533@example.com,2002-01-07,B,2024-06-09,03050
6070027206,member00534@example.com,2004-05-14,S,2019-06-28,01107
6012382965,member00535@example.com,1990-12-01,B,2025-02-15,02210
6042954316,member00536@example.com,1964-04-26,S,2023-03-31,00317
6093008931,member00537@example.com,1965-10-14,S,2025-05-16,02210
6006969421,member00538@example.com,1963-04-06,B,2023-04-03,01107
6008677133,member00539@example.com,1971-11-18,S,2019-04-10,00322
6062639343,member00540@example.com,1964-03-07,S,2024-05-19,02210
6004439735,member00541@example.com,1955-09-10,G,2025-04-11,02210
6056366941,member00542@example.com,1997-12-20,G,2017-02-19,03050
6037599004,member00543@example.com,2003-08-04,S,2026-04-26,00317
6052809242,member00544@example.com,1992-03-19,B,2026-04-19,00322
6021586241,member00545@example.com,1951-12-18,B,2022-01-10,00322
6045644948,member00546@example.com,1987-02-04,B,2022-01-08,03050
6072870320,member00547@example.com,1964-06-06,G,2020-02-27,02305
6027617075,member00548@example.com,1989-01-24,S,2025-11-18,02210
6015134228,member00549@example.com,1998-07-13,B,2021-02-12,02211
6090892613,member00550@example.com,1956-06-17,B,2026-03-04,01042
6041659152,member00551@example.com,1955-04-10,S,2015-08-25,00322
6074905097,member00552@example.com,1999-01-23,G,2022-04-15,01042
6045018961,member00553@example.com,1970-11-22,S,2023-12-12,00317
6010326642,member00554@example.com,1974-10-13,S,2017-09-14,00317
6049251583,member00555@example.com,1987-12-18,B,2025-12-24,00322
6049961659,member00556@example.com,1986-12-11,B,2019-03-07,01107
6008573278,member00557@example.com,1974-01-29,S,2016-11-18,01107
6074224386,member00558@example.com,1999-01-02,G,2021-08-17,01107
6008186617,member00559@example.com,1979-11-21,S,2020-09-06,01107
6080172260,member00560@example.com,1985-05-05,B,2016-11-13,02305
6059779452,member00561@example.com,1964-08-08,G,2019-09-26,02305
6016800610,member00562@example.com,1990-10-21,S,2018-11-07,00317
6097499564,member00563@example.com,1959-03-22,G,2016-12-18,02211
6010303723,member00564@example.com,2004-03-01,B,2024-10-09,02211
6014727601,member00565@example.com,1961-09-03,B,2018-09-22,00322
6077079334,member00566@example.com,1952-07-26,S,2023-10-15,01107
6066799840,member00567@example.com,1983-11-09,S,2025-12-07,00322
6030806958,member00568@example.com,1972-01-11,B,2016-06-04,00317
6071795760,member00569@example.com,1973-11-02,B,2018-08-14,00322
6057383959,member00570@example.com,1959-10-07,B,2025-07-04,00317
6065729341,member00571@example.com,1959-08-01,S,2025-10-30,02210
6097167433,member00572@example.com,1949-08-17,S,2016-01-21,02305
6052280156,member00573@example.com,2003-05-28,S,2017-07-22,02211
6074550842,member00574@example.com,2002-03-19,B,2026-07-24,01042
6077119918,member00575@example.com,1993-07-06,G,2015-12-10,01107
6035247871,member00576@example.com,1980-08-18,S,2018-06-17,02210
6013760375,member00577@example.com,1993-04-22,S,2021-06-07,02305
6056532863,member00578@example.com,1986-06-21,S,2018-02-04,00317
6078507208,member00579@example.com,1955-08-10,S,2016-07-24,00317
6026060290,member00580@example.com,1974-07-13,S,2026-08-29,02305
6055048926,member00581@example.com,1966-05-27,B,2025-01-03,00322
6056341085,member00582@example.com,1959-04-21,B,2023-09-30,02305
6031884852,member00583@example.com,1950-07-02,B,2015-07-11,02305
6034681054,member00584@example.com,1979-10-20,G,2026-05-20,01107
6074907539,member00585@example.com,1979-06-06,S,2020-03-30,02210
6068315893,member00586@example.com,1988-10-03,G,2023-02-07,00317
6061106273,member00587@example.com,1955-01-02,S,2025-01-02,00317
6098864976,member00588@example.com,1991-12-02,B,2024-11-14,00317
6022827728,member00589@example.com,1967-01-28,S,2017-08-25,01042
6028519611,member00590@example.com,1999-04-18,S,2023-04-16,02210
6015454470,member00591@example.com,1960-10-01,B,2018-03-16,00317
6004432701,member00592@example.com,1954-01-22,B,2022-10-27,00317
6079497567,member00593@example.com,1960-06-05,B,2017-12-23,00322
6077251996,member00594@example.com,1968-11-20,B,2023-09-08,03050
6080741209,member00595@example.com,1998-05-02,B,2021-12-05,01107
6039890983,member00596@example.com,1993-02-03,B,2025-09-03,01107
6082043397,member00597@example.com,1995-11-13,B,2016-11-24,00317
6090705626,member00598@example.com,1995-05-12,S,2015-07-17,02305
6011182422,member00599@example.com,1956-01-15,S,2020-09-24,00317
6020952004,member00600@example.com,1956-11-09,S,2023-09-30,00317
6054610339,member00601@example.com,1992-03-23,B,2020-04-21,00317
6014057861,member00602@example.com,1950-08-05,S,2025-11-10,02211
6004891382,member00603@example.com,1998-12-24,S,2021-10-31,01107
6083258238,member00604@example.com,1997-10-21,S,2024-07-03,01042
6079420074,member00605@example.com,1982-02-07,B,2020-08-17,02211
6098402891,member00606@example.com,1956-01-18,S,2021-09-28,01107
6028463985,member00607@example.com,1971-06-13,B,2022-09-07,00322
6043553795,member00608@example.com,1959-12-30,B,2015-05-11,01042
6097002687,member00609@example.com,1996-04-11,G,2023-10-23,01107
6080715695,member00610@example.com,1963-11-24,B,2023-09-04,01042
6017537030,member00611@example.com,1980-02-07,S,2021-04-22,02305
6033750479,member00612@example.com,1948-08-21,S,2019-09-09,00317
6014987283,member00613@example.com,1953-11-11,B,2018-12-08,01107
6024938430,member00614@example.com,1998-04-01,B,2020-09-02,01042
6060566418,member00615@example.com,1992-06-16,S,2025-06-19,01042
6030468750,member00616@example.com,1965-06-16,S,2023-10-16,01042
6036133254,member00617@example.com,2004-02-28,B,2016-05-29,01042
6076095431,member00618@example.com,1969-05-20,B,2025-08-15,01042
6058319971,member00619@example.com,1999-12-09,G,2025-01-05,01042
6006512070,member00620@example.com,2002-10-16,B,2021-10-05,01107
6010804661,member00621@example.com,1968-11-29,B,2024-03-21,01042
6076769915,member00622@example.com,1988-09-26,B,2015-08-01,02211
6011091939,member00623@example.com,1993-08-27,S,2017-10-29,00317
6079723200,member00624@example.com,1975-12-17,B,2017-11-11,03050
6049822749,member00625@example.com,1974-02-10,S,2022-09-10,01042
6089203880,member00626@example.com,1978-11-05,S,2024-06-19,02211
6031537795,member00627@example.com,2003-04-10,S,2022-07-12,03050
6021707303,member00628@example.com,1989-11-08,B,2020-03-01,02211
6075636205,member00629@example.com,1954-08-13,S,2015-03-23,01107
6024739500,member00630@example.com,1965-09-30,S,2019-06-20,02211
6042583230,member00631@example.com,1971-06-27,B,2018-12-13,01042
6026153473,member00632@example.com,1981-05-28,B,2023-04-17,00317
6011223386,member00633@example.com,1976-07-10,B,2023-05-24,02211
6009938425,member00634@example.com,1952-10-11,B,2020-07-17,02305
6028973179,member00635@example.com,1963-01-08,B,2016-06-15,03050
6078725587,member00636@example.com,1990-07-03,S,2026-02-05,00317
6090333736,member00637@example.com,1975-06-14,S,2019-11-26,00317
6092548121,member00638@example.com,1987-11-17,B,2021-08-14,02211
6090789567,member00639@example.com,1986-10-20,S,2025-06-27,00322
6054602734,member00640@example.com,1980-03-19,B,2016-09-13,02305
6088814311,member00641@example.com,1980-04-26,G,2016-08-07,02211
6053544439,member00642@example.com,1996-09-22,B,2018-02-03,01042
6044566907,member00643@example.com,1961-05-23,B,2026-07-01,02211
6033738987,member00644@example.com,1978-07-24,B,2025-05-07,03050
6036637780,member00645@example.com,1960-06-19,B,2023-05-28,02210
6040755366,member00646@example.com,1996-03-25,S,2024-01-18,01042
6090225999,member00647@example.com,1982-03-18,S,2023-10-08,00317
6018637159,member00648@example.com,1975-05-01,G,2025-02-15,01107
6082097023,member00649@example.com,1982-08-14,S,2016-07-23,02211
6048170580,member00650@example.com,1977-04-25,B,2018-11-08,00317
6062128671,member00651@example.com,1966-07-10,G,2023-09-22,02211
6046729949,member00652@example.com,1993-01-29,B,2019-07-21,00322
6043027169,member00653@example.com,1995-03-06,S,2020-07-15,00322
6077901475,member00654@example.com,1983-02-01,B,2021-09-02,02210
6063296762,member00655@example.com,1983-04-22,B,2017-02-21,01042
6032484137,member00656@example.com,1997-08-05,G,2024-03-23,03050
6011856724,member00657@example.com,1993-05-26,G,2019-08-26,01042
6017656360,member00658@example.com,1970-06-25,G,2015-03-29,02210
6057771183,member00659@example.com,1960-07-31,S,2024-10-25,02305
6022091241,member00660@example.com,1963-02-10,G,2023-10-07,01042
6042752308,member00661@example.com,1987-08-29,B,2019-11-06,01107
6064709006,member00662@example.com,1970-05-27,S,2019-07-11,02211
6031060053,member00663@example.com,1967-10-15,B,2016-06-01,01107
6022068155,member00664@example.com,2004-01-16,S,2019-04-02,00317
6061331552,member00665@example.com,1984-01-29,B,2015-05-03,01042
6063731495,member00666@example.com,1954-01-15,B,2015-12-26,00317
6049718924,member00667@example.com,2001-10-25,S,2017-02-15,00317
6025257150,member00668@example.com,1982-04-21,B,2025-01-25,02211
6089030914,member00669@example.com,1986-06-11,B,2020-04-20,01107
6002574326,member00670@example.com,1951-05-27,S,2019-08-02,00322
6052450864,member00671@example.com,1968-07-18,B,2015-07-14,03050
6053380339,member00672@example.com,1994-10-13,S,2023-07-23,00322
6001713023,member00673@example.com,1956-03-25,S,2017-10-25,02211
6038167423,member00674@example.com,1986-01-15,S,2020-06-29,02211
6044973471,member00675@example.com,1983-09-23,S,2023-01-24,00322
6076896270,member00676@example.com,1986-05-05,B,2023-07-22,02305
6098282467,member00677@example.com,1988-09-10,S,2021-11-10,00322
6015273230,member00678@example.com,1992-12-01,B,2015-04-16,03050
6076665674,member00679@example.com,1984-09-03,B,2016-08-06,01107
6069236458,member00680@example.com,1981-01-11,B,2025-12-16,00317
6063370502,member00681@example.com,2002-04-25,S,2020-11-10,02210
6043992011,member00682@example.com,1983-09-04,B,2023-08-15,01107
6083626448,member00683@example.com,2000-07-30,S,2023-08-02,00317
6011952436,member00684@example.com,1948-07-29,B,2021-11-28,00322
6001168646,member00685@example.com,1963-10-29,S,2018-10-29,02210
6037281793,member00686@example.com,1966-01-10,G,2019-03-01,02210
6034679121,member00687@example.com,1955-09-09,S,2021-07-29,02305
6015093771,member00688@example.com,1953-06-23,S,2015-03-19,01042
6090138069,member00689@example.com,1971-11-06,B,2026-08-31,00322
6059655553,member00690@example.com,1983-10-01,S,2023-02-07,01042
6055107620,member00691@example.com,1995-08-09,S,2017-10-03,02211
6057978630,member00692@example.com,1949-06-28,B,2022-03-24,01042
6057397691,member00693@example.com,1986-05-22,B,2022-10-24,00322
6016493289,member00694@example.com,1950-11-06,G,2026-04-26,01107
6048727178,member00695@example.com,1969-10-31,S,2020-05-27,01107
6016025643,member00696@example.com,1990-09-24,B,2020-10-11,01107
6028715399,member00697@example.com,1978-10-16,S,2016-06-13,00317
6086334141,member00698@example.com,1955-12-30,S,2017-07-01,02211
6019525690,member00699@example.com,1953-07-20,B,2021-12-21,02211
6066552899,member00700@example.com,1957-07-24,S,2019-12-25,00322
6052437729,member00701@example.com,1961-01-31,B,2021-05-10,01042
6095481497,member00702@example.com,1992-05-29,S,2019-11-03,00317
6005233027,member00703@example.com,1974-10-31,B,2023-10-15,02210
6008656756,member00704@example.com,1954-06-11,B,2023-10-09,02305
6043861259,member00705@example.com,1975-04-12,S,2016-03-19,02210
6092774233,member00706@example.com,1948-10-26,S,2019-05-22,01107
6026620157,member00707@example.com,1952-09-15,G,2019-01-11,03050
6096263013,member00708@example.com,1991-11-02,S,2023-11-24,02210
6061764750,member00709@example.com,1958-06-18,G,2017-09-10,00322
6083099974,member00710@example.com,2001-03-10,S,2017-02-13,00322
6064921518,member00711@example.com,1984-05-12,B,2019-02-23,01042
6068887189,member00712@example.com,1966-08-12,B,2017-10-13,01107
6029208751,member00713@example.com,1959-07-23,B,2015-11-17,02210
6018401184,member00714@example.com,1996-11-03,S,2023-02-26,01042
6034084872,member00715@example.com,1976-01-28,B,2025-12-31,03050
6098831030,member00716@example.com,1960-09-16,S,2019-03-21,02211
6029839542,member00717@example.com,1954-09-02,B,2024-06-19,02305
6062671462,member00718@example.com,1954-05-01,B,2019-07-28,02305
6035989262,member00719@example.com,1986-11-26,S,2022-02-04,02211
6014181861,member00720@example.com,1955-12-25,S,2022-05-22,03050
6042340163,member00721@example.com,1957-06-02,B,2023-06-29,01107
6028497185,member00722@example.com,1997-06-24,S,2021-04-29,01107
6002562588,member00723@example.com,1990-10-12,B,2024-01-12,02305
6008222694,member00724@example.com,1981-03-17,B,2016-03-09,02211
6096727578,member00725@example.com,1972-09-29,B,2021-06-07,02211
6041465111,member00726@example.com,1956-05-26,S,2020-05-20,01042
6014870682,member00727@example.com,1992-08-29,B,2025-10-04,01107
6060930685,member00728@example.com,1995-05-19,B,2020-06-23,01042
6097283215,member00729@example.com,1994-01-31,S,2017-12-28,01042
6067625153,member00730@example.com,1974-01-08,S,2017-08-23,02305
6043096348,member00731@example.com,1989-07-17,B,2015-10-18,00322
6005097545,member00732@example.com,1948-06-17,S,2017-05-27,02210
6065016731,member00733@example.com,1961-10-15,S,2026-07-15,00322
6002437654,member00734@example.com,1986-06-05,B,2023-03-05,02305
6017722560,member00735@example.com,1965-10-21,G,2023-01-21,02305
6002665023,member00736@example.com,1971-11-05,G,2025-10-01,00322
6087256862,member00737@example.com,1957-09-04,B,2017-06-17,02210
6025803056,member00738@example.com,1986-12-19,S,2015-03-07,02305
6071639282,member00739@example.com,1973-03-22,B,2020-08-05,02305
6036371892,member00740@example.com,2001-01-14,B,2019-03-26,02210
6031260432,member00741@example.com,1949-08-01,B,2024-07-24,01107
6006684335,member00742@example.com,1990-12-28,G,2024-07-22,00317
6004145456,member00743@example.com,1976-09-10,B,2020-07-16,02210
6000053474,member00744@example.com,1986-08-28,S,2017-04-05,00322
6055411082,member00745@example.com,1980-05-07,B,2022-06-06,03050
6098953439,member00746@example.com,1955-10-29,B,2023-08-13,02210
6091093371,member00747@example.com,1997-01-13,B,2016-09-05,02305
6073820236,member00748@example.com,1998-04-09,B,2020-08-30,03050
6071617688,member00749@example.com,1962-12-23,B,2015-06-29,02210
6040903678,member00750@example.com,1954-09-23,S,2026-07-08,00317
6086694320,member00751@example.com,1999-04-22,S,2018-08-03,01042
6087884434,member00752@example.com,1997-07-14,G,2021-01-08,02211
6008340242,member00753@example.com,1952-08-15,B,2021-01-24,02211
6038105955,member00754@example.com,1997-04-11,S,2016-11-12,02210
6069450053,member00755@example.com,1963-11-09,S,2021-04-10,01042
6089164983,member00756@example.com,1967-10-17,S,2024-12-01,02211
6096273652,member00757@example.com,1956-05-28,S,2025-09-29,00322
6022397240,member00758@example.com,1962-08-13,B,2021-12-15,00317
6093121637,member00759@example.com,1956-12-28,B,2024-01-11,02210
6009166010,member00760@example.com,1959-11-10,S,2015-12-25,01107
6042900185,member00761@example.com,1966-02-24,G,2016-11-27,00322
6024572308,member00762@example.com,2004-04-17,B,2020-12-31,01042
6001841862,member00763@example.com,1968-02-15,G,2015-01-10,00317
6062543617,member00764@example.com,1957-11-17,S,2018-10-21,02305
6051951510,member00765@example.com,1963-12-22,S,2018-05-22,03050
6092624945,member00766@example.com,1972-04-27,B,2017-05-01,03050
6041022526,member00767@example.com,1990-12-03,B,2025-01-07,01107
6096421522,member00768@example.com,1979-08-20,S,2023-08-21,00317
6076952366,member00769@example.com,1996-05-01,B,2026-02-24,02211
6061968931,member00770@example.com,1980-06-13,G,2020-04-10,01042
6058721055,member00771@example.com,1974-06-09,S,2018-02-15,00317
6033302126,member00772@example.com,1986-02-06,S,2015-08-04,01107
6091792025,member00773@example.com,1955-02-01,S,2018-03-03,01042
6096227284,member00774@example.com,1984-12-01,B,2025-07-18,00322
6004120092,member00775@example.com,1962-05-21,G,2026-04-15,00317
6078498436,member00776@example.com,1972-05-21,B,2018-07-08,00317
6023690362,member00777@example.com,1990-01-09,S,2016-09-24,00317
6062056341,member00778@example.com,1954-12-24,S,2017-05-05,03050
6003428113,member00779@example.com,1975-09-25,S,2015-03-31,02211
6003419909,member00780@example.com,1952-02-05,G,2025-11-07,01107
6040546835,member00781@example.com,1979-12-04,B,2023-10-06,01107
6056818209,member00782@example.com,1990-10-15,B,2023-07-28,01042
6042271133,member00783@example.com,1962-06-13,B,2018-02-27,03050
6072545960,member00784@example.com,1969-06-14,S,2023-09-11,01107
6029710248,member00785@example.com,1992-10-04,G,2016-12-15,03050
6024214955,member00786@example.com,1954-05-19,S,2016-12-31,00322
6047472197,member00787@example.com,1980-08-10,B,2015-11-21,00317
6069275895,member00788@example.com,1955-06-28,B,2023-05-20,00322
6040903802,member00789@example.com,1974-01-28,S,2017-05-12,00317
6013671577,member00790@example.com,1957-10-15,G,2025-06-05,01107
6066365155,member00791@example.com,1967-01-28,B,2025-11-27,00322
6014708272,member00792@example.com,1976-09-21,B,2019-10-15,00317
6005673030,member00793@example.com,1972-03-17,S,2024-06-26,02210
6012146147,member00794@example.com,1995-01-29,S,2024-05-31,02305
6020165423,member00795@example.com,1985-08-07,S,2022-11-01,02210
6065960893,member00796@example.com,1999-11-24,B,2016-09-29,03050
6050272751,member00797@example.com,1971-07-30,B,2024-02-12,01042
6072791033,member00798@example.com,1996-12-28,B,2024-06-04,00317
6035339055,member00799@example.com,1975-02-02,B,2015-05-13,01107
6076528928,member00801@example.com,1982-03-26,S,2024-10-10,00317
6049111109,member00802@example.com,1957-04-20,S,2024-03-23,01107
6078904633,member00803@example.com,1997-06-26,S,2025-03-13,02211
6071576605,member00804@example.com,1993-07-14,S,2020-01-09,02305
6046306000,member00805@example.com,1981-08-03,B,2018-06-10,03050
6052963863,member00806@example.com,1952-08-17,B,2023-10-28,00317
6026265826,member00807@example.com,1956-12-06,B,2020-03-07,02210
6081964825,member00808@example.com,1956-05-13,G,2019-07-28,00317
6009209819,member00809@example.com,1950-04-08,B,2023-07-30,02210
6075233438,member00810@example.com,1981-12-02,B,2020-07-02,01042
6041209117,member00811@example.com,1957-08-09,G,2017-10-02,02305
6021175361,member00812@example.com,1949-12-20,S,2026-01-05,00322
6013665722,member00813@example.com,1948-11-28,B,2021-09-13,01042
6015579980,member00814@example.com,1994-10-22,B,2018-07-21,01107
6039080882,member00815@example.com,1980-09-25,G,2019-11-07,02211
6005231244,member00816@example.com,1965-11-15,B,2025-10-20,03050
6084776863,member00817@example.com,1963-07-08,S,2020-08-10,02305
6061994237,member00818@example.com,1988-01-10,S,2024-09-20,02305
6059196639,member00819@example.com,1981-07-19,B,2022-12-01,01107
6072084964,member00820@example.com,1983-09-25,G,2022-11-25,02210
6056253135,member00821@example.com,1961-01-04,B,2023-05-06,01107
6005053795,member00822@example.com,1998-05-21,G,2020-03-20,02305
6093831849,member00823@example.com,1999-06-29,B,2016-09-04,00317
6065533077,member00824@example.com,1972-08-14,S,2016-01-19,01107
6072959639,member00825@example.com,1973-07-28,G,2015-06-24,01042
6074260880,member00826@example.com,1949-06-17,G,2022-07-26,01107
6064455618,member00827@example.com,1992-04-20,B,2022-01-09,00317
6047715910,member00828@example.com,1952-04-16,B,2020-01-10,02210
6015632135,member00829@example.com,1952-09-16,S,2015-02-10,01042
6010414596,member00830@example.com,1963-04-13,B,2021-01-20,00322
6074573144,member00832@example.com,1979-09-02,B,2016-11-09,02211
6031170303,member00833@example.com,1982-07-18,S,2025-07-02,01107
6053988547,member00834@example.com,1993-04-05,G,2018-06-15,02210
6035679836,member00835@example.com,1954-02-27,S,2019-03-20,02210
6049127113,member00836@example.com,1989-05-06,S,2015-05-16,01042
6078754181,member00837@example.com,1986-09-16,S,2022-12-13,00317
6086850745,member00838@example.com,1952-05-29,B,2017-03-12,00317
6034362948,member00839@example.com,1994-07-12,S,2026-01-26,01042
6031310094,member00840@example.com,1953-11-27,B,2020-05-09,02305
6039666134,member00841@example.com,1966-06-15,S,2026-02-08,02211
6054940128,member00842@example.com,1975-05-23,B,2025-09-10,02211
6025122572,member00843@example.com,1990-07-30,S,2015-04-15,01042
6024120957,member00844@example.com,1991-10-22,B,2015-01-09,00322
6010094388,member00845@example.com,1961-02-24,B,2018-10-02,01107
6045775847,member00846@example.com,1980-09-06,S,2020-09-07,03050
6045897148,member00847@example.com,1961-04-08,B,2015-06-19,02211
6025703965,member00848@example.com,1956-01-04,S,2019-08-18,00317
6014878245,member00849@example.com,1983-01-30,B,2022-06-06,02305
6043098591,member00850@example.com,1988-10-27,B,2024-09-20,03050
6041072728,member00851@example.com,2003-12-18,B,2021-07-01,02210
6047414070,member00852@example.com,1973-05-22,B,2019-11-16,01107
6007406500,member00853@example.com,1960-05-09,S,2020-08-21,02305
6088214236,member00854@example.com,1974-02-02,S,2016-10-23,00322
6053666144,member00855@example.com,1963-07-19,B,2021-12-20,03050
6092342683,member00856@example.com,1975-05-13,G,2021-10-02,00322
6082661287,member00857@example.com,1993-03-14,B,2022-01-10,03050
6075676670,member00858@example.com,1985-10-05,G,2015-08-05,02210
6094398529,member00859@example.com,1952-10-20,B,2021-07-31,00317
6026078701,member00860@example.com,1972-03-28,B,2016-03-24,01107
6059149750,member00861@example.com,2000-06-12,B,2017-09-21,01042
6038287232,member00862@example.com,2004-05-12,S,2021-09-30,01042
6079311029,member00863@example.com,1994-08-20,G,2017-09-18,02211
6017087601,member00864@example.com,1984-04-17,S,2021-09-22,02210
6038497916,member00865@example.com,1949-12-10,S,2018-04-13,02211
6028837744,member00866@example.com,2000-10-26,S,2017-03-30,02305
6066176620,member00867@example.com,1989-01-02,G,2021-05-10,00317
6009409705,member00868@example.com,1989-12-23,B,2018-02-15,00322
6040258835,member00869@example.com,1994-01-10,G,2023-10-05,02210
6059572446,member00870@example.com,1991-05-26,S,2016-07-12,00322
6092988425,member00871@example.com,2000-06-08,B,2022-10-22,00317
6010023117,member00872@example.com,1977-01-13,B,2025-09-07,02211
6012661094,member00873@example.com,1951-05-11,B,2017-07-26,01107
6075902517,member00874@example.com,1959-12-14,B,2023-06-21,02211
6034774332,member00875@example.com,1995-06-01,B,2024-09-25,02211
6019013020,member00876@example.com,1984-08-09,B,2023-01-24,01107
6052873397,member00877@example.com,1979-08-03,S,2026-03-26,02210
6017661912,member00878@example.com,1974-10-03,G,2026-08-08,00322
6030985034,member00879@example.com,1983-01-10,B,2020-08-21,01107
6024189389,member00880@example.com,1976-01-05,S,2026-03-20,01042
6081974005,member00881@example.com,1971-05-28,S,2024-06-14,01042
6023850371,member00882@example.com,1979-01-10,B,2015-10-17,00317
6099187240,member00883@example.com,1951-03-12,S,2017-05-02,02211
6056743000,member00884@example.com,1995-12-04,B,2019-05-27,00317
6008706626,member00885@example.com,1997-04-20,G,2024-07-28,00322
6019553560,member00886@example.com,1968-10-25,G,2020-05-05,01042
6036890030,member00887@example.com,1953-01-30,G,2016-09-19,02210
6040559342,member00888@example.com,1990-12-12,B,2023-12-03,01107
6014837537,member00889@example.com,1980-12-01,B,2021-10-15,02305
6038458810,member00890@example.com,1984-11-09,B,2022-10-10,00322
6041328348,member00891@example.com,1959-01-05,S,2019-09-23,02210
6003771070,member00892@example.com,1972-12-08,B,2021-01-23,02305
6010496706,member00893@example.com,1987-11-01,G,2023-08-18,02211
6062680408,member00894@example.com,1950-05-01,B,2022-10-20,03050
6049305966,member00895@example.com,1957-10-18,B,2016-04-12,02305
6087699842,member00896@example.com,1989-12-04,B,2023-07-21,02211
6020441384,member00897@example.com,1999-03-27,S,2022-07-28,02305
6054490149,member00898@example.com,1971-09-24,B,2022-03-14,00322
6070707057,member00899@example.com,1984-08-28,G,2019-11-20,01107
6049851724,member00900@example.com,1971-04-14,B,2021-03-12,02210
6032290310,member00901@example.com,1993-06-17,B,2019-02-18,03050
6008304405,member00902@example.com,2001-11-17,S,2016-01-02,01107
6018718133,member00903@example.com,1999-03-03,S,2022-04-22,00317
6016420595,member00904@example.com,1984-08-12,B,2022-07-07,03050
6074902504,member00905@example.com,2001-01-15,G,2018-05-14,02211
6058895369,member00906@example.com,1961-06-18,S,2015-09-25,01107
6013989868,member00907@example.com,1995-05-07,B,2017-09-20,00322
6088754394,member00908@example.com,1977-06-27,S,2020-06-22,03050
6037513765,member00909@example.com,1979-07-30,B,2016-10-14,01107
6057937639,member00910@example.com,1996-03-25,S,2017-10-23,00317
6092944551,member00911@example.com,1984-08-24,S,2016-10-29,02210
6097327021,member00912@example.com,1971-08-18,B,2024-05-22,00322
6012060212,member00913@example.com,1995-06-27,B,2026-07-20,00317
6052683415,member00914@example.com,2001-01-23,B,2022-07-20,01107
6001576764,member00915@example.com,1960-01-28,B,2025-09-13,01107
6020995765,member00916@example.com,1963-11-08,B,2024-11-01,02305
6013475098,member00917@example.com,1986-04-12,S,2026-05-26,00317
6052203684,member00918@example.com,1956-12-03,S,2022-01-19,02210
6014477324,member00919@example.com,2002-05-19,B,2020-10-26,02211
6042138820,member00920@example.com,1996-06-06,B,2015-11-22,02211
6007053496,member00921@example.com,1994-09-24,G,2024-12-23,00322
6041176741,member00922@example.com,1972-12-24,B,2018-01-25,01107
6051315285,member00923@example.com,1988-09-06,B,2021-03-11,01107
6050618538,member00924@example.com,2004-12-03,B,2015-10-19,02211
6029633472,member00925@example.com,1964-10-14,B,2025-11-13,02305
6023183061,member00926@example.com,1998-01-13,B,2026-01-02,02210
6006496935,member00927@example.com,1995-08-04,B,2025-11-10,02210
6043477695,member00928@example.com,1974-07-03,G,2025-10-15,01107
6046753612,member00929@example.com,1976-08-10,B,2025-06-04,03050
6062779630,member00930@example.com,1972-01-14,B,2021-07-11,00317
6008545667,member00931@example.com,1983-10-07,S,2024-07-15,01042
6047350476,member00932@example.com,1999-05-12,B,2019-12-18,02211
6019952980,member00933@example.com,1982-01-07,G,2015-06-22,03050
6058108358,member00934@example.com,1962-01-31,B,2019-06-14,00317
6034255638,member00935@example.com,1949-03-22,G,2020-07-30,01042
6081867024,member00936@example.com,1950-03-05,S,2021-10-05,02211
6004166241,member00937@example.com,1954-08-18,B,2016-09-18,00317
6000892196,member00938@example.com,2002-05-04,B,2019-05-11,03050
6068044731,member00939@example.com,1999-09-10,S,2020-12-04,02305
6061368474,member00940@example.com,1969-12-11,S,2026-05-13,00322
6065817390,member00941@example.com,1968-10-27,S,2023-11-30,00322
6091452118,member00942@example.com,1966-08-19,B,2018-10-18,00322
6093126978,member00943@example.com,1953-04-15,B,2020-03-19,02305
6064520599,member00944@example.com,1948-07-01,S,2024-02-13,02211
6087875357,member00945@example.com,1994-02-24,B,2025-10-31,01107
6016162028,member00946@example.com,1962-11-28,S,2017-09-22,01107
6006728728,member00947@example.com,1983-10-31,G,2024-05-18,01107
6064485959,member00948@example.com,1960-09-11,S,2018-09-21,02211
6095894773,member00949@example.com,1960-02-21,S,2022-05-28,00322
6005622710,member00950@example.com,1964-11-01,S,2021-12-29,01107
6087510979,member00951@example.com,1953-12-27,S,2018-07-05,02211
6050344694,member00952@example.com,2004-01-10,B,2023-03-28,02305
6088319213,member00953@example.com,1963-12-31,S,2021-04-12,01107
6028965999,member00954@example.com,2003-04-03,B,2021-03-21,00322
6032033192,member00955@example.com,1962-10-14,S,2018-03-20,01042
6051028767,member00956@example.com,1975-02-22,B,2022-05-03,01107
6024268774,member00958@example.com,1998-01-19,B,2017-09-12,03050
6020575639,member00959@example.com,1982-04-24,S,2019-04-14,01042
6037583094,member00960@example.com,1956-06-10,B,2022-05-14,02305
6080940476,member00961@example.com,1970-09-13,S,2015-12-26,01042
6090797727,member00962@example.com,1951-06-05,S,2017-05-01,02210
6022161070,member00963@example.com,1956-09-29,B,2022-01-18,02305
6039055295,member00964@example.com,1949-04-09,B,2026-07-31,00317
6060138241,member00965@example.com,1987-10-12,G,2018-11-14,02211
6086204485,member00966@example.com,1978-08-19,S,2017-08-22,01107
6097111212,member00967@example.com,2001-01-12,B,2022-02-13,01042
6020357134,member00968@example.com,1959-11-28,S,2019-04-15,00317
6042429563,member00969@example.com,1972-06-22,B,2019-03-23,02210
6044741759,member00970@example.com,1979-04-19,B,2023-02-26,00322
6020962893,member00971@example.com,1979-02-14,B,2024-09-24,02305
6035884183,member00972@example.com,1967-07-31,S,2020-10-16,01042
6018272795,member00973@example.com,1998-07-30,S,2023-05-08,01042
6051502675,member00974@example.com,1956-12-27,S,2022-07-21,03050
6042782079,member00975@example.com,2001-04-02,B,2025-03-28,00317
6067345957,member00976@example.com,1974-12-06,G,2023-12-31,02211
6081664969,member00977@example.com,1962-09-18,B,2015-08-22,02305
6098392250,member00978@example.com,1975-09-30,B,2017-01-10,02210
6057627023,member00979@example.com,1975-01-11,S,2018-11-10,02210
6033613285,member00980@example.com,1990-10-28,S,2015-02-10,01107
6078637673,member00981@example.com,1982-10-09,G,2017-02-23,02210
6065469681,member00982@example.com,1991-10-22,B,2022-10-12,01042
6039235558,member00983@example.com,2002-10-11,B,2015-01-14,00317
6013273034,member00984@example.com,1956-04-30,S,2024-10-06,02210
6062446704,member00985@example.com,1964-02-08,S,2024-06-16,01107
6071516025,member00986@example.com,1999-07-23,B,2017-11-20,00322
6007660464,member00987@example.com,2002-02-25,B,2017-08-07,00322
6085758512,member00988@example.com,1995-09-14,B,2024-07-05,01107
6020594389,member00989@example.com,1987-01-06,G,2025-03-16,02305
6001775095,member00990@example.com,1986-03-11,S,2020-08-29,02305
6008424560,member00991@example.com,1977-02-14,S,2025-01-07,01042
6091508632,member00992@example.com,1995-12-30,G,2016-11-19,02210
6076457938,member00993@example.com,1951-08-24,G,2025-04-13,03050
6002916815,member00994@example.com,1985-11-27,S,2021-10-09,02210
6041613944,member00995@example.com,1996-05-15,B,2026-07-13,02211
6005973642,member00996@example.com,1992-12-30,B,2021-03-17,00317
6024406306,member00997@example.com,1972-08-25,S,2017-11-29,03050
6013305319,member00998@example.com,2002-08-31,B,2021-06-15,00317
6095867805,member00999@example.com,1976-09-04,S,2022-08-22,00322
6027738264,member01000@example.com,1950-11-23,B,2024-01-14,01107
6078513854,member01001@example.com,1976-04-15,S,2021-07-18,00322
6002992959,member01002@example.com,1985-04-07,B,2024-09-05,01042
6048736826,member01003@example.com,1956-09-12,S,2017-10-08,02211
6019422686,member01004@example.com,1967-07-15,S,2022-11-23,02305
6055158886,member01005@example.com,1984-03-29,S,2020-01-19,00322
6047226408,member01006@example.com,1989-08-18,B,2022-06-29,01107
6069666309,member01007@example.com,1960-06-06,B,2020-01-11,01107
6099605932,member01008@example.com,1956-02-28,B,2025-08-01,01042
6096883275,member01009@example.com,1963-09-20,S,2020-05-14,02211
6052410397,member01010@example.com,1969-12-25,B,2025-04-19,00322
6032781952,member01011@example.com,1989-06-19,B,2020-06-28,01107
6000687616,member01012@example.com,1996-03-16,G,2020-10-31,01042
6077046056,member01013@example.com,2004-06-14,B,2026-06-22,00317
6011249125,member01014@example.com,1978-06-27,G,2024-04-05,02211
6073415177,member01015@example.com,1971-04-29,S,2020-06-27,00322
6057494902,member01016@example.com,1994-10-23,S,2018-04-27,02211
6059544294,member01017@example.com,1987-06-18,B,2025-08-29,02210
6022946430,member01018@example.com,2000-04-28,S,2019-09-30,01042
6045886792,member01019@example.com,1961-12-25,B,2022-09-20,03050
6085672872,member01020@example.com,1982-01-29,G,2025-11-08,01107
6053433249,member01021@example.com,1965-09-01,S,2017-09-06,00322
6090833506,member01022@example.com,1977-07-24,B,2017-03-20,02305
6088810798,member01023@example.com,1969-12-14,S,2020-07-24,02210
6033720948,member01024@example.com,1956-03-12,B,2021-03-23,01107
6028403339,member01025@example.com,1989-08-26,G,2025-09-14,01042
6051371717,member01026@example.com,1956-12-16,B,2019-06-06,02211
6097490961,member01027@example.com,1965-06-23,B,2024-12-05,00322
6004694725,member01028@example.com,1991-05-11,B,2026-05-18,02305
6048354884,member01029@example.com,1957-12-31,B,2024-11-13,02210
6070587722,member01030@example.com,1986-10-04,B,2016-06-21,01107
6075823133,member01031@example.com,1993-01-06,S,2021-11-21,00322
6014939252,member01032@example.com,1983-07-19,B,2019-04-22,02210
6092587964,member01033@example.com,1971-08-01,S,2020-02-17,02305
6052455574,member01034@example.com,1998-07-14,S,2024-07-16,00317
6006065274,member01035@example.com,1966-02-21,S,2015-06-09,02305
6045056658,member01036@example.com,1967-04-15,B,2019-06-22,00322
6041132579,member01037@example.com,1952-02-16,B,2025-07-16,00317
6073499601,member01038@example.com,1978-09-29,S,2016-04-04,03050
6074172156,member01039@example.com,1961-06-29,B,2018-05-28,02211
6081735984,member01040@example.com,1949-12-17,G,2021-07-15,01107
6055732573,member01041@example.com,1980-06-29,S,2025-05-02,02305
6049021666,member01042@example.com,1952-04-22,B,2025-11-28,01042
6085096085,member01043@example.com,1973-05-10,B,2026-01-13,01107
6019181828,member01044@example.com,1999-06-28,B,2016-12-19,02211
6016477251,member01045@example.com,1999-08-09,S,2019-01-28,00317
6006940960,member01046@example.com,1968-03-16,S,2015-03-11,02210
6043958739,member01047@example.com,1999-10-02,S,2022-12-15,02210
6034210890,member01048@example.com,1996-06-14,S,2017-11-09,01107
6055333426,member01049@example.com,1968-11-25,B,2021-01-29,02211
6050271607,member01050@example.com,1982-02-16,G,2019-09-05,00322
6063369112,member01051@example.com,1999-11-18,B,2026-05-13,01107
6023179556,member01052@example.com,1966-11-14,B,2019-04-14,03050
6074817006,member01053@example.com,1983-11-30,B,2024-06-02,01107
6055416431,member01054@example.com,1990-04-15,G,2023-09-28,02305
6050232902,member01055@example.com,1961-12-21,G,2026-08-19,00322
6000934596,member01056@example.com,1985-08-11,S,2018-07-14,02210
6025120734,member01057@example.com,2004-02-06,S,2024-01-20,02305
6095005070,member01058@example.com,1984-07-28,G,2018-03-28,00317
6098221053,member01059@example.com,1985-09-01,B,2017-01-24,01107
6077687290,member01060@example.com,1990-09-22,S,2021-12-26,02305
6025859177,member01061@example.com,1959-04-16,S,2019-05-27,02210
6023116491,member01062@example.com,1968-04-17,S,2020-08-08,02305
6057988942,member01063@example.com,1985-11-10,S,2022-05-10,02210
6090603202,member01064@example.com,1969-05-03,S,2015-10-07,03050
6009775396,member01065@example.com,1967-04-10,S,2025-02-20,02305
6087148552,member01066@example.com,1978-08-04,B,2020-09-22,00322
6087158415,member01067@example.com,1950-04-12,B,2024-07-26,02210
6013711842,member01068@example.com,1975-07-18,S,2022-10-18,01107
6082683230,member01069@example.com,1979-10-02,B,2019-06-16,02210
6098808583,member01070@example.com,1981-08-05,S,2018-09-28,02210
6093289634,member01071@example.com,1983-12-18,S,2016-02-05,00317
6077524014,member01072@example.com,1966-09-23,B,2021-12-27,01107
6006227236,member01073@example.com,1985-08-04,S,2018-07-30,02211
6035134261,member01074@example.com,1966-06-19,S,2018-05-28,02305
6050184819,member01075@example.com,1968-10-30,B,2025-07-26,02305
6018972154,member01076@example.com,1982-03-24,B,2015-12-02,02305
6037660144,member01078@example.com,1993-07-23,S,2020-08-23,02305
6051017397,member01079@example.com,2001-01-10,S,2019-12-19,02305
6017899698,member01080@example.com,1951-10-11,B,2023-08-01,01107
6091135996,member01081@example.com,1951-07-30,S,2023-10-31,00322
6079806603,member01082@example.com,1950-03-02,B,2019-01-20,03050
6014607455,member01083@example.com,1970-04-24,S,2022-11-26,01042
6057423885,member01084@example.com,1979-04-08,B,2024-01-01,02210
6071559835,member01085@example.com,1957-02-01,B,2021-11-10,01107
6065972634,member01086@example.com,1979-06-15,S,2025-11-20,00322
6052250139,member01087@example.com,1993-05-28,B,2021-12-18,02305
6088269131,member01088@example.com,2001-08-24,B,2017-01-11,00317
6042585626,member01089@example.com,1974-05-14,B,2017-04-28,01107
6053703824,member01090@example.com,1992-05-12,S,2015-08-04,02211
6033732043,member01091@example.com,2002-12-04,S,2015-06-20,00322
6068893628,member01092@example.com,2004-04-09,B,2023-12-18,00317
6045465535,member01093@example.com,1954-11-29,B,2023-01-04,02210
6053892187,member01094@example.com,1957-05-27,B,2022-01-12,02211
6058374907,member01095@example.com,1992-08-07,B,2024-10-27,01107
6020878057,member01096@example.com,1953-09-20,B,2018-04-26,01107
6049409762,member01097@example.com,1967-04-22,B,2023-11-21,02305
6084539862,member01098@example.com,1948-08-10,B,2022-01-20,01042
6059119186,member01099@example.com,1965-06-17,S,2018-08-13,02210
6020715116,member01100@example.com,1984-07-25,S,2023-09-09,00322
6025214526,member01101@example.com,1992-10-29,G,2020-08-26,02305
6063351571,member01102@example.com,1949-10-30,B,2020-10-12,01042
6080512080,member01103@example.com,1977-04-28,S,2015-02-08,01042
6099512397,member01104@example.com,1996-01-06,S,2019-01-29,03050
6012959272,member01105@example.com,1961-05-09,B,2026-05-19,00322
6009081441,member01106@example.com,1964-03-08,B,2022-10-30,02210
6017392957,member01107@example.com,1988-03-08,B,2023-09-21,01107
6053523736,member01108@example.com,1980-02-23,G,2015-12-07,00322
6045273466,member01110@example.com,1981-10-29,G,2024-10-04,01042
6071587964,member01111@example.com,1973-10-06,B,2026-02-28,01042
6080314998,member01112@example.com,1976-02-20,B,2018-11-21,01042
6004635806,member01113@example.com,1995-01-03,B,2026-05-27,03050
6003172351,member01114@example.com,1992-06-07,S,2019-07-26,01042
6006314035,member01115@example.com,1982-12-24,B,2018-12-21,03050
6060229394,member01116@example.com,1999-03-09,B,2024-06-25,02305
6034606664,member01117@example.com,1991-10-19,S,2019-04-02,01042
6060723111,member01118@example.com,1991-10-30,G,2018-07-25,03050
6024648449,member01119@example.com,1957-09-25,B,2020-11-12,00317
6031873280,member01120@example.com,1990-12-15,G,2025-07-08,02211
6006211369,member01121@example.com,1987-04-21,B,2023-04-27,00322
6090833509,member01122@example.com,1961-09-13,S,2015-04-27,02305
6025730662,member01123@example.com,1993-05-11,G,2021-07-18,02210
6035707139,member01124@example.com,1997-12-15,S,2021-06-15,03050
6001168809,member01125@example.com,1976-11-09,S,2018-10-23,02210
6013060906,member01126@example.com,1968-02-22,B,2017-09-07,01042
6098107964,member01127@example.com,1988-05-04,B,2023-09-04,02211
6079457727,member01128@example.com,1968-01-30,G,2023-01-29,02210
6064250642,member01129@example.com,1989-04-06,S,2015-12-15,02211
6062536667,member01130@example.com,1987-10-28,B,2025-02-22,00322
6055562833,member01131@example.com,1965-02-17,B,2019-11-13,03050
6078654362,member01132@example.com,1957-09-30,B,2025-07-19,00322
6049603358,member01133@example.com,1982-06-23,B,2018-07-07,00317
6027036924,member01134@example.com,1984-01-20,B,2018-06-30,02211
6026573275,member01135@example.com,1956-09-15,B,2015-10-17,01107
6000051553,member01136@example.com,1967-02-09,S,2018-05-18,01107
6059597752,member01137@example.com,1975-03-16,G,2021-07-01,02210
6022618962,member01138@example.com,1973-03-25,B,2025-07-13,02211
6012710267,member01139@example.com,1990-10-13,S,2023-07-05,01042
6095799270,member01140@example.com,1998-11-06,S,2026-01-11,03050
6015122946,member01141@example.com,1957-12-15,B,2018-05-09,02211
6054159709,member01142@example.com,1963-03-02,S,2024-05-15,02305
6038480752,member01143@example.com,1969-06-04,B,2016-03-02,02305
6076504715,member01144@example.com,1959-09-21,B,2015-09-15,01042
6090463766,member01145@example.com,1972-03-31,B,2015-10-22,03050
6058665254,member01146@example.com,1991-11-08,S,2019-04-30,01107
6071581021,member01147@example.com,1954-09-04,S,2020-06-13,01107
6029311005,member01148@example.com,1962-01-06,B,2016-07-30,00322
6051910231,member01149@example.com,1956-03-23,B,2019-03-01,01107
6006330165,member01150@example.com,1990-09-16,B,2019-04-28,00322
6092749072,member01151@example.com,1948-07-25,G,2026-05-21,02211
6042893113,member01152@example.com,1976-10-31,B,2019-03-13,02211
6026949684,member01153@example.com,1986-04-07,S,2019-11-23,03050
6038044210,member01154@example.com,1992-04-23,S,2016-05-29,01042
6096170159,member01155@example.com,2002-04-28,B,2023-02-09,01107
6094575757,member01156@example.com,1991-11-17,S,2021-09-25,02211
6039205677,member01157@example.com,1984-03-05,S,2022-04-11,00322
6072266025,member01158@example.com,2004-09-18,G,2023-07-22,03050
6006229231,member01159@example.com,1983-02-07,S,2015-05-15,02305
6053076248,member01160@example.com,1968-06-06,S,2021-03-24,00322
6066270511,member01161@example.com,1990-10-07,B,2022-04-02,02210
6038736704,member01162@example.com,1978-05-17,B,2018-07-23,00317
6091928455,member01163@example.com,1981-02-25,B,2017-11-15,00322
6010756335,member01164@example.com,1976-01-15,B,2020-03-27,00322
6048595325,member01165@example.com,2001-03-09,B,2020-02-19,02211
6079705816,member01166@example.com,2003-12-12,S,2018-04-30,00322
6079417634,member01167@example.com,1980-08-20,B,2018-03-18,01042
6073305597,member01168@example.com,1972-06-20,B,2018-04-12,00322
6059833991,member01169@example.com,1953-06-07,B,2021-08-18,02211
6088436604,member01170@example.com,1966-04-28,G,2020-11-08,01042
6006157276,member01171@example.com,2001-04-11,S,2018-07-09,03050
6014743974,member01172@example.com,2000-08-12,G,2018-08-27,01042
6010587525,member01173@example.com,1997-05-09,G,2023-05-31,00317
6056259045,member01174@example.com,1993-11-27,G,2015-11-19,02210
6071122182,member01175@example.com,1956-03-29,B,2020-04-09,03050
6051651768,member01176@example.com,1995-01-26,S,2016-05-24,00317
6028137214,member01177@example.com,1969-06-19,G,2020-02-06,01042
6003700332,member01178@example.com,1992-11-28,S,2018-02-01,00317
6060847068,member01179@example.com,1951-08-07,S,2016-07-10,01042
6033970519,member01180@example.com,1993-09-04,B,2023-04-04,02210
6063280944,member01181@example.com,1993-10-31,S,2023-05-25,02211
6094535461,member01182@example.com,1988-07-08,G,2021-05-26,00317
6032106133,member01183@example.com,1967-03-25,B,2021-09-12,02305
6057039438,member01184@example.com,1975-10-20,G,2015-07-15,02210
6053765769,member01185@example.com,1992-02-10,S,2018-09-15,02305
6031910090,member01186@example.com,1972-08-08,B,2015-04-02,02305
6076921053,member01187@example.com,1985-12-18,B,2019-04-12,03050
6014604014,member01188@example.com,1971-07-27,S,2018-03-07,02211
6010720113,member01189@example.com,2000-01-06,B,2025-03-18,02305
6040971231,member01190@example.com,1981-11-10,G,2023-12-01,00322
6067620901,member01191@example.com,1973-04-05,B,2021-04-19,02211
6040433700,member01192@example.com,1998-02-22,B,2024-10-06,00322
6030451957,member01193@example.com,1996-11-09,S,2025-08-06,03050
6088255629,member01194@example.com,1981-05-20,S,2024-01-05,03050
6042786561,member01195@example.com,1960-05-07,S,2020-09-05,03050
6077820582,member01196@example.com,1996-06-18,B,2022-08-30,02210
6092361618,member01197@example.com,1994-08-12,G,2015-12-10,01042
6048235715,member01198@example.com,1997-03-15,B,2023-05-17,00317
6039561372,member01199@example.com,1948-01-20,B,2019-03-23,01107
6072143643,member01200@example.com,1965-02-18,G,2017-03-02,01042
6041321147,member01201@example.com,1985-11-07,B,2017-09-01,00317
6009456534,member01202@example.com,2003-07-22,B,2024-08-11,00322
6099070755,member01203@example.com,1970-12-12,B,2015-09-12,00317
6081699570,member01204@example.com,1951-06-21,B,2023-07-10,01107
6074811317,member01205@example.com,1978-04-08,S,2023-07-09,00322
6005487396,member01206@example.com,1948-12-03,B,2017-02-16,01042
6087182749,member01207@example.com,1996-01-21,B,2023-09-15,01042
6049187274,member01208@example.com,1951-07-28,S,2018-08-26,03050
6061213773,member01209@example.com,1982-09-30,B,2015-02-16,02210
6060423597,member01210@example.com,1987-11-22,B,2020-02-17,01107
6012229907,member01211@example.com,1980-11-23,B,2026-02-16,00317
6008581670,member01212@example.com,1987-02-21,B,2021-04-03,00317
6011145768,member01213@example.com,1960-05-03,G,2020-06-15,02210
6019237858,member01214@example.com,1990-11-15,G,2020-11-24,02210
6096180332,member01215@example.com,1959-12-14,B,2021-09-26,00317
6005080184,member01216@example.com,1975-03-19,B,2015-03-14,02210
6053733777,member01217@example.com,1956-11-19,S,2019-10-21,01107
6022821781,member01218@example.com,1970-03-01,B,2018-09-11,00317
6053460605,member01219@example.com,1950-06-25,S,2023-11-07,03050
6067932798,member01220@example.com,1962-02-09,S,2024-02-13,02305
6071690618,member01221@example.com,1961-01-21,B,2016-11-26,01042
6054647548,member01222@example.com,1975-08-24,B,2022-05-03,00322
6087698999,member01223@example.com,1990-02-07,S,2018-01-29,00322
6058891444,member01224@example.com,2001-04-30,B,2021-06-25,03050
6053935435,member01225@example.com,1984-12-02,S,2026-08-11,00317
6039243588,member01226@example.com,1966-05-05,B,2022-03-15,02210
6014339527,member01227@example.com,1970-01-13,S,2023-05-30,02305
6097852491,member01228@example.com,1959-03-01,B,2020-08-30,00317
6001347789,member01229@example.com,1993-11-08,B,2021-03-19,02211
6040679176,member01230@example.com,1976-02-04,G,2023-09-05,02210
6015001418,member01231@example.com,1959-06-07,B,2021-01-07,00317
6030900159,member01232@example.com,1973-06-30,S,2021-03-20,02211
6039994853,member01233@example.com,1950-01-22,B,2018-05-27,03050
6032638902,member01234@example.com,1999-04-01,B,2017-01-16,02305
6071136337,member01235@example.com,1963-07-27,B,2018-09-18,02305
6010346996,member01236@example.com,1967-02-22,S,2025-01-02,01107
6067726960,member01237@example.com,1966-05-27,B,2021-02-03,00322
6068550789,member01238@example.com,1987-09-02,B,2023-09-13,03050
6021962633,member01239@example.com,1979-09-10,S,2022-01-18,02211
6043697093,member01240@example.com,1988-07-28,B,2016-06-13,01042
6069556076,member01241@example.com,1986-01-19,G,2024-12-27,02305
6053454722,member01242@example.com,2000-07-11,B,2019-12-01,02211
6006503121,member01243@example.com,1970-06-18,G,2016-02-15,02305
6072426423,member01244@example.com,1975-12-15,S,2024-03-08,01107
6031909248,member01245@example.com,1985-12-21,B,2025-07-19,02211
6003911142,member01246@example.com,1989-06-30,B,2017-10-13,03050
6022823052,member01247@example.com,1994-01-17,B,2021-02-08,01042
6062207223,member01248@example.com,1999-06-26,B,2023-03-28,00322
6037213290,member01249@example.com,1981-11-10,G,2016-07-03,02305
6078768868,member01250@example.com,1994-08-15,S,2025-06-19,00317
6048628720,member01251@example.com,1954-08-02,B,2019-08-22,03050
6041966645,member01252@example.com,1976-03-21,S,2015-07-15,01042
6036279246,member01253@example.com,1960-10-07,G,2020-06-25,02211
6074767753,member01254@example.com,1959-09-13,S,2025-05-23,01042
6032145057,member01255@example.com,1986-11-18,G,2023-09-02,02305
6058870715,member01256@example.com,1965-05-10,S,2022-06-08,02210
6001284008,member01257@example.com,2004-07-30,B,2019-11-27,01042
6076597595,member01258@example.com,1981-01-04,G,2021-05-23,01107
6077680898,member01259@example.com,1961-10-03,B,2016-07-05,00317
6057422319,member01260@example.com,1972-09-27,S,2023-08-11,01042
6004023693,member01261@example.com,1961-08-09,S,2024-05-13,02305
6030120471,member01262@example.com,1990-01-05,B,2019-11-30,02210
6071175957,member01263@example.com,1999-10-08,B,2020-10-15,03050
6058298493,member01264@example.com,1949-12-29,S,2020-01-28,02305
6058476094,member01265@example.com,1957-07-21,B,2020-10-11,02211
6033721885,member01266@example.com,1983-11-15,S,2024-04-03,03050
6041329715,member01267@example.com,1987-01-30,S,2016-04-11,00317
6026705514,member01268@example.com,1991-08-25,B,2020-04-14,00322
6069366343,member01269@example.com,1978-02-25,S,2018-09-12,03050
6096111102,member01270@example.com,1992-03-13,B,2024-08-11,02210
6000720245,member01271@example.com,1999-04-26,G,2023-01-05,02210
6045109109,member01272@example.com,1965-03-31,B,2015-01-02,00317
6071494981,member01273@example.com,1960-06-08,G,2021-05-19,02305
6028179340,member01274@example.com,1978-05-20,B,2023-10-28,00322
6075844663,member01275@example.com,1977-04-20,S,2021-12-08,00322
6022010912,member01276@example.com,1988-04-10,G,2017-06-01,01107
6045593766,member01277@example.com,1997-07-13,B,2017-10-01,02305
6037052635,member01278@example.com,1952-05-21,G,2016-06-25,02305
6062776572,member01279@example.com,1985-11-21,B,2022-05-02,02210
6002461752,member01280@example.com,1960-08-03,S,2015-12-11,00322
6043260055,member01281@example.com,1978-04-01,G,2023-05-14,00322
6083325848,member01282@example.com,1995-06-08,B,2023-10-06,02211
6060798487,member01283@example.com,1973-07-10,S,2015-12-31,00317
6091767993,member01284@example.com,2001-01-04,S,2022-01-25,02305
6040394640,member01285@example.com,1951-08-21,S,2020-02-21,00322
6036060148,member01286@example.com,1949-06-19,B,2024-05-07,02305
6090793884,member01287@example.com,1969-01-25,B,2017-08-07,00317
6085283061,member01288@example.com,1970-01-12,B,2022-05-17,01042
6012424462,member01289@example.com,1966-04-23,B,2024-07-25,03050
6014488112,member01290@example.com,1948-04-19,B,2017-09-21,01107
6042175188,member01291@example.com,1993-10-28,G,2025-06-08,02305
6015152638,member01292@example.com,1949-08-20,B,2020-08-12,01107
6012252883,member01293@example.com,2004-08-29,S,2025-09-26,03050
6066186323,member01294@example.com,2000-08-08,B,2025-11-04,01107
6037876553,member01295@example.com,1951-04-07,S,2015-12-10,01042
6095055605,member01296@example.com,1955-08-24,G,2025-05-24,01107
6098819277,member01297@example.com,1958-09-29,B,2022-08-23,01042
6053486401,member01298@example.com,1974-12-07,B,2016-03-25,02210
6046245618,member01299@example.com,1954-09-27,S,2023-02-28,02305
6060045212,member01300@example.com,1980-07-10,G,2017-03-31,02305
6055129391,member01301@example.com,1952-05-27,S,2020-03-11,01107
6089848416,member01302@example.com,1975-12-25,B,2015-11-30,00317
6015402119,member01303@example.com,1957-08-01,B,2015-02-02,01042
6075681429,member01304@example.com,1955-05-11,S,2020-07-21,02210
6091073228,member01305@example.com,1984-08-05,G,2020-05-08,02305
6093783063,member01306@example.com,1965-04-07,B,2023-09-18,02305
6052696944,member01307@example.com,2003-04-19,B,2020-08-02,01107
6064970169,member01308@example.com,1970-09-10,B,2019-04-16,02210
6091320330,member01309@example.com,1983-05-31,G,2016-08-14,02211
6041903106,member01310@example.com,1978-08-16,S,2017-05-26,02210
6021556684,member01311@example.com,1966-01-30,B,2024-12-11,02210
6036533774,member01312@example.com,1952-05-22,S,2024-10-23,00317
6072007843,member01313@example.com,1957-11-27,B,2024-04-09,02210
6044260781,member01314@example.com,1979-03-17,S,2025-03-11,02211
6073476427,member01315@example.com,1987-04-22,B,2019-12-12,01042
6037638821,member01316@example.com,1981-04-08,B,2021-01-01,01107
6048460191,member01317@example.com,1973-05-16,S,2020-05-30,02211
6089982780,member01318@example.com,1949-10-03,S,2018-05-06,00317
6095073214,member01319@example.com,1970-07-14,B,2024-07-12,02305
6093699951,member01320@example.com,1990-05-01,B,2023-07-10,02211
6050557385,member01321@example.com,1968-06-01,S,2026-01-22,01042
6011923603,member01322@example.com,1984-12-29,B,2025-06-23,01107
6018723335,member01323@example.com,1951-04-14,S,2017-03-04,00317
6014973153,member01324@example.com,1956-05-22,B,2017-08-31,02211
6007482073,member01325@example.com,1977-09-02,G,2024-03-27,02211
6094065578,member01326@example.com,1950-05-31,B,2018-09-07,01042
6043223023,member01327@example.com,1965-09-24,G,2019-09-09,00322
6007392013,member01328@example.com,2004-04-05,B,2023-03-23,02305
6062127602,member01329@example.com,1951-02-25,B,2023-05-27,00317
6011231261,member01330@example.com,1968-07-26,B,2024-09-30,02210
6048889957,member01331@example.com,2001-04-25,B,2018-07-13,02211
6076297454,member01332@example.com,1949-10-18,S,2019-10-21,02305
6068719120,member01333@example.com,1995-11-13,B,2020-02-26,01107
6087692082,member01334@example.com,1959-05-05,S,2020-03-13,01042
6089813881,member01335@example.com,1995-02-08,B,2022-08-10,02305
6045822067,member01336@example.com,1960-07-14,B,2019-08-09,02211
6018297168,member01337@example.com,1976-11-15,S,2016-10-18,02305
6050000001,member01338@example.com,1962-10-18,B,2022-03-26,01107
6013717850,member01339@example.com,1961-06-08,B,2015-07-31,03050
6061844421,member01340@example.com,2001-11-10,B,2018-04-26,00322
6047812248,member01341@example.com,1976-03-06,S,2015-12-14,01042
6086700900,member01342@example.com,1970-01-13,S,2020-11-10,03050
6015848266,member01343@example.com,1969-02-25,S,2017-10-04,02305
6083550542,member01344@example.com,1951-10-04,B,2023-06-02,01042
6070633699,member01345@example.com,2003-06-14,S,2025-04-26,01042
6098221040,member01346@example.com,1983-02-20,S,2017-09-29,01107
6088044287,member01347@example.com,1970-05-04,B,2026-03-07,00317
6038164321,member01348@example.com,1983-11-22,B,2018-03-05,02305
6028946420,member01349@example.com,1985-08-29,B,2020-06-11,02210
6058631441,member01350@example.com,1951-08-29,B,2025-05-12,02305
6062554026,member01351@example.com,1981-02-08,S,2020-02-20,02210
6043017646,member01352@example.com,1974-01-26,B,2021-04-11,01042
6031538882,member01353@example.com,1977-09-29,B,2021-03-06,02210
6079050404,member01354@example.com,1966-05-11,B,2020-05-10,02211
6053849516,member01355@example.com,1960-09-07,B,2019-12-23,01107
6019787180,member01356@example.com,1969-08-18,B,2019-06-16,02211
6073265306,member01357@example.com,1954-11-22,B,2015-10-12,00322
6056178688,member01358@example.com,1948-12-15,B,2015-03-10,02211
6000915618,member01359@example.com,2001-07-29,B,2017-11-13,01042
6036577449,member01360@example.com,1985-04-11,B,2017-09-07,02211
6065952014,member01361@example.com,1959-01-19,B,2016-08-03,02305
6018433687,member01362@example.com,1950-05-14,B,2022-09-10,00317
6032239982,member01363@example.com,1969-07-17,S,2016-08-25,03050
6056114042,member01364@example.com,1996-02-05,S,2026-08-28,01042
6050537666,member01365@example.com,1994-08-04,B,2016-01-15,01107
6026003083,member01366@example.com,1983-01-15,S,2023-02-07,01107
6006271531,member01367@example.com,1967-08-12,S,2018-12-08,03050
6050688269,member01368@example.com,1991-07-19,B,2017-06-10,00322
6068293844,member01369@example.com,1958-05-23,S,2015-11-27,01042
6087354378,member01370@example.com,1984-07-21,G,2018-01-23,02211
6059101570,member01371@example.com,1993-07-09,S,2016-01-25,01107
6044920749,member01372@example.com,1984-02-21,B,2018-09-18,00317
6099648997,member01373@example.com,1994-11-06,S,2017-01-04,03050
6096932591,member01374@example.com,1949-11-28,B,2021-08-08,02305
6099323123,member01375@example.com,1960-09-03,B,2021-08-08,00317
6069806908,member01376@example.com,1961-11-27,S,2025-08-10,01107
6076072348,member01377@example.com,1994-08-26,B,2020-02-12,03050
6095382804,member01378@example.com,1978-12-03,B,2015-01-26,01107
6029965082,member01379@example.com,2000-12-22,B,2024-02-10,02210
6064186965,member01380@example.com,2004-07-20,G,2024-02-16,02211
6008761238,member01381@example.com,1999-04-10,S,2022-01-13,01107
6043468239,member01382@example.com,1993-08-31,S,2021-12-20,01042
6002730086,member01383@example.com,1982-12-04,G,2023-10-06,01042
6016831139,member01384@example.com,1950-04-15,G,2022-07-06,01107
6068094149,member01385@example.com,1976-10-31,G,2016-08-22,00317
6028397620,member01386@example.com,1967-10-13,B,2023-04-06,02305
6007779462,member01387@example.com,1988-04-13,B,2016-04-21,00317
6062925081,member01388@example.com,2004-02-08,B,2026-01-14,00317
6002991406,member01389@example.com,1954-01-09,B,2020-11-22,02211
6037312552,member01390@example.com,1978-12-05,B,2019-07-18,00317
6017817032,member01391@example.com,1955-01-19,B,2017-04-12,01042
6061363852,member01392@example.com,1992-06-22,B,2025-06-28,03050
6061337184,member01393@example.com,1971-09-27,B,2021-11-20,02210
6095026480,member01394@example.com,1986-09-06,S,2017-02-13,01042
6037341678,member01395@example.com,1960-09-19,B,2017-06-06,00322
6082210217,member01396@example.com,1957-03-07,B,2019-02-03,02305
6086298579,member01397@example.com,1968-12-24,B,2024-10-27,02211
6083182856,member01398@example.com,1978-05-14,S,2015-08-27,00322
6007986617,member01399@example.com,1953-06-24,S,2025-09-23,00322
6036820506,member01400@example.com,1955-07-27,B,2018-03-22,02210
