MATNR,COST_EFF_DT,STD_COST,CRNCY_CD
93321,20240101,0.92,USD
93322,20240101,1.07,USD
93325,20240101,2.47,USD
93325,20260714,2.63,USD
93401,20240101,3.40,USD
93401,20251117,3.51,USD
93402,20240101,1.78,USD
93410,20240101,2.47,USD
93410,20251031,2.61,USD
93501,20240101,2.78,USD
93502,20240101,2.47,USD
93502,20251205,2.62,USD
93503,20240101,2.32,USD
93503,20250510,2.43,USD
94101,20240101,2.15,USD
94101,20251120,2.28,USD
94102,20240101,2.16,USD
94103,20240101,2.35,USD
94201,20240101,0.91,USD
94201,20260725,0.98,USD
94202,20240101,1.23,USD
94202,20260721,1.31,USD
94203,20240101,0.92,USD
94301,20240101,2.72,USD
94301,20260527,2.89,USD
94302,20240101,3.40,USD
20101,20240101,1.10,USD
20101,20251228,1.14,USD
20102,20240101,1.81,USD
20103,20240101,2.20,USD
20201,20240101,2.42,USD
20201,20260713,2.53,USD
20202,20240101,3.11,USD
20202,20260708,3.29,USD
20203,20240101,3.37,USD
20203,20250829,3.60,USD
30101,20240101,4.40,USD
30102,20240101,10.64,USD
30102,20260813,11.32,USD
30103,20240101,6.38,USD
30201,20240101,6.29,USD
30202,20240101,8.16,USD
30203,20240101,5.35,USD
31101,20240101,17.74,USD
31102,20240101,14.19,USD
31102,20251129,14.73,USD
40101,20240101,9.49,USD
40102,20240101,9.85,USD
40201,20240101,4.49,USD
40202,20240101,7.49,USD
40202,20260625,7.73,USD
40203,20240101,6.95,USD
5012,20240101,2.59,USD
5013,20240101,2.53,USD
5020,20240101,3.28,USD
5020,20260428,3.39,USD
5101,20240101,5.83,USD
5101,20250401,6.19,USD
5102,20240101,3.57,USD
5103,20240101,4.54,USD
5103,20250528,4.73,USD
5201,20240101,2.59,USD
5202,20240101,4.37,USD
5301,20240101,4.01,USD
5302,20240101,2.27,USD
4471023,20240101,2.23,USD
4471024,20240101,2.23,USD
4471030,20240101,2.55,USD
4471040,20240101,1.39,USD
4471040,20250626,1.44,USD
4472001,20240101,2.55,USD
4472002,20240101,2.51,USD
4472002,20260801,2.66,USD
4472003,20240101,2.11,USD
4473001,20240101,1.91,USD
4473002,20240101,1.79,USD
4473003,20240101,2.23,USD
4481001,20240101,5.11,USD
4481002,20240101,5.11,USD
4481003,20240101,2.79,USD
4482001,20240101,8.95,USD
4482002,20240101,10.07,USD
4482002,20250723,10.45,USD
4482003,20240101,3.51,USD
4482003,20260303,3.71,USD
4483001,20240101,3.19,USD
4483002,20240101,1.95,USD
4483002,20260528,2.10,USD
4491001,20240101,1.59,USD
4491001,20250315,1.68,USD
4491002,20240101,3.91,USD
4491002,20250330,4.08,USD
4491003,20240101,1.11,USD
4491003,20260702,1.16,USD
4492001,20240101,1.00,USD
4492002,20240101,0.95,USD
4492003,20240101,1.47,USD
4492003,20250913,1.54,USD
4493001,20240101,3.51,USD
4493001,20260420,3.63,USD
4493002,20240101,2.23,USD
551020,20240101,9.23,USD
551020,20250812,9.74,USD
551021,20240101,6.95,USD
552001,20240101,2.96,USD
552002,20240101,2.31,USD
552002,20250820,2.45,USD
561001,20240101,6.59,USD
561002,20240101,4.34,USD
562001,20240101,7.25,USD
562001,20260409,7.68,USD
562002,20240101,4.92,USD
4492050,20240101,1.40,USD
4472050,20240101,2.55,USD
