MATNR,VKORG,MAKTX,MATKL,BRAND_NM,MEINS,STATUS
94301,US01,Vine Tomatoes,P0203,Green Valley,KG,A
4483001,CA01,SPRING WATER 24X500ML,C0423,Summit Spring,EA,A
20103,CA01,SOURDOUGH LOAF,B0101,FreshCart Select,EA,A
94101,CA01,SPRING MIX 142G,P0201,FreshCart,EA,A
93402,CA01,GALA APPLES,P0102,FreshCart,KG,A
94201,US01,Carrots,P0202,FreshCart,KG,A
5202,US01,Free Range Eggs 12pk,E0301,Sunny Acres,EA,A
40202,US01,Lasagna Family Tray,D0201,FreshCart Select,EA,A
4491002,US01,Basmati Rice 2kg,C0431,FreshCart,EA,A
4472003,US01,Oat Crunch Biscuits 400g,C0413,Golden Hollow,EA,A
30101,CA01,GROUND BEEF 85% 500G,M0101,FreshCart,EA,A
30201,CA01,CHICKEN BREASTS 700G,M0102,FreshCart,EA,A
93503,CA01,RASPBERRIES 170G,P0103,FreshCart Select,EA,A
94103,CA01,BABY SPINACH 142G,P0201,Green Valley,EA,A
4481001,US01,Cola 12x355ml,C0421,Brightfizz,EA,A
4493001,US01,Honey Oat Clusters 500g,C0433,Harvest Moon,EA,A
20102,CA01,WHOLE WHEAT BREAD 675G,B0101,Baker's Row,EA,A
20201,CA01,BUTTER CROISSANTS 4PK,B0201,FreshCart Select,EA,A
30102,CA01,RIBEYE STEAK 340G,M0101,Prairie Gold,EA,A
5301,US01,Greek Yogurt Plain 750g,E0401,Northfield,EA,A
31102,CA01,COD FILLET,M0201,Coastline,KG,A
93322,US01,Organic Bananas,P0101,FreshCart Select,KG,A
4481003,CA01,SPARKLING WATER LIME 8PK,C0421,FreshCart,EA,A
5020,US01,Oat Beverage 1.75L,E0101,Northfield,EA,A
94302,US01,Red Bell Peppers,P0203,Green Valley,KG,A
4473003,US01,Gummy Bears 350g,C0414,Candy Lane,EA,A
562001,CA01,TOILET TISSUE 12 ROLLS,H0202,SoftLeaf,EA,A
93502,US01,Blueberries 170g,P0103,Sunny Acres,EA,A
20201,US01,Butter Croissants 4pk,B0201,FreshCart Select,EA,A
4481003,US01,Sparkling Water Lime 8pk,C0421,FreshCart,EA,A
551020,CA01,LAUNDRY DETERGENT 2.95L,H0101,Clearbright,EA,A
31102,US01,Cod Fillet,M0201,Coastline,KG,A
30102,US01,Ribeye Steak 340g,M0101,Prairie Gold,EA,A
562002,CA01,TOILET TISSUE 12 ROLLS,H0202,FreshCart,EA,A
94102,CA01,ROMAINE HEARTS 3PK,P0201,Green Valley,EA,A
4491001,US01,Spaghetti 900g,C0431,Pantry Lane,EA,A
5101,CA01,AGED CHEDDAR 400G,E0201,Northfield,EA,A
31101,US01,Atlantic Salmon Fillet,M0201,Coastline,KG,A
5202,CA01,FREE RANGE EGGS 12PK,E0301,Sunny Acres,EA,A
4482002,US01,Espresso Beans 1kg,C0422,FreshCart Select,EA,A
5013,US01,2% Milk 4L,E0101,FreshCart,EA,A
552001,CA01,MULTI-SURFACE SPRAY 950ML,H0102,Clearbright,EA,A
4492002,US01,Chickpeas 540ml,C0432,Pantry Lane,EA,A
4492002,CA01,CHICKPEAS 540ML,C0432,Pantry Lane,EA,A
5020,CA01,OAT BEVERAGE 1.75L,E0101,Northfield,EA,A
552002,US01,Disinfecting Wipes 80ct,H0102,FreshCart,EA,A
30103,US01,Stewing Beef 450g,M0101,Prairie Gold,EA,A
5201,US01,Large Eggs 12pk,E0301,FreshCart,EA,A
94302,CA01,RED BELL PEPPERS,P0203,Green Valley,KG,A
20101,US01,White Sandwich Bread 675g,B0101,FreshCart,EA,A
94103,US01,Baby Spinach 142g,P0201,Green Valley,EA,A
4492003,CA01,TUNA CHUNKS 170G,C0432,Coastline,EA,A
4491003,CA01,PENNE 900G,C0431,FreshCart,EA,A
40201,CA01,CHICKEN CAESAR SALAD BOWL,D0201,FreshCart,EA,A
30202,CA01,WHOLE CHICKEN,M0102,Prairie Gold,EA,A
4471030,US01,Tortilla Chips 300g,C0412,Golden Hollow,EA,A
4491002,CA01,BASMATI RICE 2KG,C0431,FreshCart,EA,A
20203,CA01,CINNAMON ROLLS 6PK,B0201,Baker's Row,EA,A
5103,CA01,BRIE 200G,E0201,FreshCart Select,EA,A
4481002,US01,Lemon Lime Soda 12x355ml,C0421,Brightfizz,EA,D
5102,US01,Mozzarella 320g,E0201,FreshCart,EA,A
4473001,US01,Dark Chocolate Bar 100g,C0414,Velvet Peak,EA,A
4493002,US01,Corn Flakes 750g,C0433,FreshCart,EA,A
20103,US01,Sourdough Loaf,B0101,FreshCart Select,EA,A
4482002,CA01,ESPRESSO BEANS 1KG,C0422,FreshCart Select,EA,A
4472003,CA01,OAT CRUNCH BISCUITS 400G,C0413,Golden Hollow,EA,A
5302,CA01,VANILLA YOGURT 4PK,E0401,FreshCart,EA,A
20102,US01,Whole Wheat Bread 675g,B0101,Baker's Row,EA,A
562002,US01,Toilet Tissue 12 Rolls,H0202,FreshCart,EA,A
5102,CA01,MOZZARELLA 320G,E0201,FreshCart,EA,A
20202,US01,Blueberry Muffins 4pk,B0201,Baker's Row,EA,A
4473002,CA01,MILK CHOCOLATE BAR 100G,C0414,Velvet Peak,EA,A
5103,US01,Brie 200g,E0201,FreshCart Select,EA,A
93401,US01,Honeycrisp Apples,P0102,Maple Ridge Farms,KG,A
561002,US01,Paper Towels 6 Rolls,H0201,FreshCart,EA,A
561001,US01,Paper Towels 6 Rolls,H0201,SoftLeaf,EA,A
5302,US01,Vanilla Yogurt 4pk,E0401,FreshCart,EA,A
4491001,CA01,SPAGHETTI 900G,C0431,Pantry Lane,EA,A
4482003,CA01,ORANGE PEKOE TEA 72PK,C0422,Morning Harbor,EA,A
4482001,CA01,MEDIUM ROAST GROUND COFFEE 925G,C0422,Morning Harbor,EA,A
94201,CA01,CARROTS,P0202,FreshCart,KG,A
93410,US01,Bartlett Pears,P0102,Maple Ridge Farms,KG,A
31101,CA01,ATLANTIC SALMON FILLET,M0201,Coastline,KG,A
4483001,US01,Spring Water 24x500ml,C0423,Summit Spring,EA,A
20202,CA01,BLUEBERRY MUFFINS 4PK,B0201,Baker's Row,EA,A
4493001,CA01,HONEY OAT CLUSTERS 500G,C0433,Harvest Moon,EA,A
552001,US01,Multi-Surface Spray 950ml,H0102,Clearbright,EA,A
5013,CA01,2% MILK 4L,E0101,FreshCart,EA,A
94101,US01,Spring Mix 142g,P0201,FreshCart,EA,A
93501,CA01,STRAWBERRIES 450G,P0103,Sunny Acres,EA,A
4473001,CA01,DARK CHOCOLATE BAR 100G,C0414,Velvet Peak,EA,A
30101,US01,Ground Beef 85% 500g,M0101,FreshCart,EA,A
5201,CA01,LARGE EGGS 12PK,E0301,FreshCart,EA,A
4471023,CA01,CRUNCHY SEA SALT CHIPS 200G,C0412,Crunchwell,EA,A
4492003,US01,Tuna Chunks 170g,C0432,Coastline,EA,A
4471040,CA01,LIGHTLY SALTED CHIPS 200G,C0412,FreshCart,EA,A
4492050,CA01,MAPLE BAKED BEANS 398ML,C0432,Pantry Lane,EA,A
40202,CA01,LASAGNA FAMILY TRAY,D0201,FreshCart Select,EA,A
4483002,US01,Spring Water 24x500ml,C0423,FreshCart,EA,A
40201,US01,Chicken Caesar Salad Bowl,D0201,FreshCart,EA,A
30202,US01,Whole Chicken,M0102,Prairie Gold,EA,A
94102,US01,Romaine Hearts 3pk,P0201,Green Valley,EA,A
40101,US01,Smoked Turkey Breast,D0101,FreshCart Select,KG,A
93410,CA01,BARTLETT PEARS,P0102,Maple Ridge Farms,KG,A
4471030,CA01,TORTILLA CHIPS 300G,C0412,Golden Hollow,EA,A
4491003,US01,Penne 900g,C0431,FreshCart,EA,A
30103,CA01,STEWING BEEF 450G,M0101,Prairie Gold,EA,A
30203,CA01,CHICKEN THIGHS 900G,M0102,FreshCart,EA,A
93501,US01,Strawberries 450g,P0103,Sunny Acres,EA,A
94203,CA01,RUSSET POTATOES,P0202,Green Valley,KG,A
40203,US01,Sushi Combo 12pc,D0201,Harbor Sushi,EA,A
30201,US01,Chicken Breasts 700g,M0102,FreshCart,EA,A
4472001,CA01,CHOCOLATE CHIP COOKIES 300G,C0413,Golden Hollow,EA,A
4493002,CA01,CORN FLAKES 750G,C0433,FreshCart,EA,A
552002,CA01,DISINFECTING WIPES 80CT,H0102,FreshCart,EA,A
93322,CA01,ORGANIC BANANAS,P0101,FreshCart Select,KG,A
94202,US01,Yellow Onions,P0202,Green Valley,KG,A
561001,CA01,PAPER TOWELS 6 ROLLS,H0201,SoftLeaf,EA,A
4492001,US01,Diced Tomatoes 796ml,C0432,FreshCart,EA,A
40102,CA01,BLACK FOREST HAM,D0101,Old Mill Deli,KG,A
4472001,US01,Chocolate Chip Cookies 300g,C0413,Golden Hollow,EA,A
4472002,US01,Butter Shortbread 250g,C0413,FreshCart Select,EA,A
561002,CA01,PAPER TOWELS 6 ROLLS,H0201,FreshCart,EA,A
4471040,US01,Lightly Salted Chips 200g,C0412,FreshCart,EA,A
93401,CA01,HONEYCRISP APPLES,P0102,Maple Ridge Farms,KG,A
40203,CA01,SUSHI COMBO 12PC,D0201,Harbor Sushi,EA,A
93325,CA01,MANGOES,P0101,Sunny Acres,KG,A
94203,US01,Russet Potatoes,P0202,Green Valley,KG,A
93321,US01,Bananas,P0101,Sunny Acres,KG,A
4473003,CA01,GUMMY BEARS 350G,C0414,Candy Lane,EA,A
4482001,US01,Medium Roast Ground Coffee 925g,C0422,Morning Harbor,EA,A
4492001,CA01,DICED TOMATOES 796ML,C0432,FreshCart,EA,A
20101,CA01,WHITE SANDWICH BREAD 675G,B0101,FreshCart,EA,A
94202,CA01,YELLOW ONIONS,P0202,Green Valley,KG,A
4482003,US01,Orange Pekoe Tea 72pk,C0422,Morning Harbor,EA,A
40102,US01,Black Forest Ham,D0101,Old Mill Deli,KG,A
562001,US01,Toilet Tissue 12 Rolls,H0202,SoftLeaf,EA,A
20203,US01,Cinnamon Rolls 6pk,B0201,Baker's Row,EA,D
551021,US01,Laundry Pods 42ct,H0101,FreshCart,EA,A
5012,US01,Whole Milk 4L,E0101,FreshCart,EA,A
4471024,CA01,BBQ KETTLE CHIPS 200G,C0412,Crunchwell,EA,A
5301,CA01,GREEK YOGURT PLAIN 750G,E0401,Northfield,EA,A
4481001,CA01,COLA 12X355ML,C0421,Brightfizz,EA,A
551021,CA01,LAUNDRY PODS 42CT,H0101,FreshCart,EA,A
93503,US01,Raspberries 170g,P0103,FreshCart Select,EA,A
5101,US01,Aged Cheddar 400g,E0201,Northfield,EA,A
4473002,US01,Milk Chocolate Bar 100g,C0414,Velvet Peak,EA,A
4471024,US01,BBQ Kettle Chips 200g,C0412,Crunchwell,EA,D
4481002,CA01,LEMON LIME SODA 12X355ML,C0421,Brightfizz,EA,A
551020,US01,Laundry Detergent 2.95L,H0101,Clearbright,EA,A
4483002,CA01,SPRING WATER 24X500ML,C0423,FreshCart,EA,A
4472002,CA01,BUTTER SHORTBREAD 250G,C0413,FreshCart Select,EA,A
4471023,US01,Crunchy Sea Salt Chips 200g,C0412,Crunchwell,EA,A
93325,US01,Mangoes,P0101,Sunny Acres,KG,A
94301,CA01,VINE TOMATOES,P0203,Green Valley,KG,A
93502,CA01,BLUEBERRIES 170G,P0103,Sunny Acres,EA,A
40101,CA01,SMOKED TURKEY BREAST,D0101,FreshCart Select,KG,A
93402,US01,Gala Apples,P0102,FreshCart,KG,A
5012,CA01,WHOLE MILK 4L,E0101,FreshCart,EA,A
30203,US01,Chicken Thighs 900g,M0102,FreshCart,EA,A
93321,CA01,BANANAS,P0101,Sunny Acres,KG,A
4472050,CA01,MAPLE LEAF CREAM COOKIES 350G,C0413,Golden Hollow,EA,A
