RATE_DT,FROM_CCY,TO_CCY,RATE
2025-01-02,CAD,USD,0.7315
2025-01-03,CAD,USD,0.7347
2025-01-06,CAD,USD,0.7391
2025-01-07,CAD,USD,0.7389
2025-01-08,CAD,USD,0.7386
2025-01-09,CAD,USD,0.7383
2025-01-10,CAD,USD,0.7344
2025-01-13,CAD,USD,0.7430
2025-01-14,CAD,USD,0.7418
2025-01-15,CAD,USD,0.7426
2025-01-16,CAD,USD,0.7458
2025-01-17,CAD,USD,0.7474
2025-01-20,CAD,USD,0.7459
2025-01-21,CAD,USD,0.7450
2025-01-22,CAD,USD,0.7428
2025-01-23,CAD,USD,0.7444
2025-01-24,CAD,USD,0.7438
2025-01-27,CAD,USD,0.7375
2025-01-28,CAD,USD,0.7372
2025-01-29,CAD,USD,0.7398
2025-01-30,CAD,USD,0.7382
2025-01-31,CAD,USD,0.7369
2025-02-03,CAD,USD,0.7392
2025-02-04,CAD,USD,0.7437
2025-02-05,CAD,USD,0.7458
2025-02-06,CAD,USD,0.7464
2025-02-07,CAD,USD,0.7497
2025-02-10,CAD,USD,0.7463
2025-02-11,CAD,USD,0.7397
2025-02-12,CAD,USD,0.7380
2025-02-13,CAD,USD,0.7348
2025-02-14,CAD,USD,0.7326
2025-02-17,CAD,USD,0.7340
2025-02-18,CAD,USD,0.7378
2025-02-19,CAD,USD,0.7356
2025-02-20,CAD,USD,0.7391
2025-02-21,CAD,USD,0.7356
2025-02-24,CAD,USD,0.7324
2025-02-25,CAD,USD,0.7295
2025-02-26,CAD,USD,0.7304
2025-02-27,CAD,USD,0.7260
2025-02-28,CAD,USD,0.7272
2025-03-03,CAD,USD,0.7263
2025-03-04,CAD,USD,0.7271
2025-03-05,CAD,USD,0.7294
2025-03-06,CAD,USD,0.7342
2025-03-07,CAD,USD,0.7322
2025-03-10,CAD,USD,0.7391
2025-03-11,CAD,USD,0.7388
2025-03-12,CAD,USD,0.7383
2025-03-13,CAD,USD,0.7368
2025-03-14,CAD,USD,0.7354
2025-03-17,CAD,USD,0.7336
2025-03-18,CAD,USD,0.7349
2025-03-19,CAD,USD,0.7378
2025-03-20,CAD,USD,0.7373
2025-03-21,CAD,USD,0.7349
2025-03-24,CAD,USD,0.7393
2025-03-25,CAD,USD,0.7419
2025-03-26,CAD,USD,0.7404
2025-03-27,CAD,USD,0.7401
2025-03-28,CAD,USD,0.7387
2025-03-31,CAD,USD,0.7353
2025-04-01,CAD,USD,0.7339
2025-04-02,CAD,USD,0.7339
2025-04-03,CAD,USD,0.7295
2025-04-04,CAD,USD,0.7258
2025-04-07,CAD,USD,0.7287
2025-04-08,CAD,USD,0.7268
2025-04-09,CAD,USD,0.7228
2025-04-10,CAD,USD,0.7202
2025-04-11,CAD,USD,0.7230
2025-04-14,CAD,USD,0.7261
2025-04-15,CAD,USD,0.7230
2025-04-16,CAD,USD,0.7199
2025-04-17,CAD,USD,0.7225
2025-04-21,CAD,USD,0.7280
2025-04-22,CAD,USD,0.7307
2025-04-23,CAD,USD,0.7353
2025-04-24,CAD,USD,0.7372
2025-04-25,CAD,USD,0.7409
2025-04-28,CAD,USD,0.7417
2025-04-29,CAD,USD,0.7445
2025-04-30,CAD,USD,0.7421
2025-05-01,CAD,USD,0.7427
2025-05-02,CAD,USD,0.7457
2025-05-05,CAD,USD,0.7470
2025-05-06,CAD,USD,0.7472
2025-05-07,CAD,USD,0.7533
2025-05-08,CAD,USD,0.7517
2025-05-09,CAD,USD,0.7479
2025-05-12,CAD,USD,0.7477
2025-05-13,CAD,USD,0.7461
2025-05-14,CAD,USD,0.7490
2025-05-15,CAD,USD,0.7479
2025-05-16,CAD,USD,0.7505
2025-05-19,CAD,USD,0.7522
2025-05-20,CAD,USD,0.7520
2025-05-21,CAD,USD,0.7558
2025-05-22,CAD,USD,0.7571
2025-05-23,CAD,USD,0.7563
2025-05-26,CAD,USD,0.7541
2025-05-27,CAD,USD,0.7534
2025-05-28,CAD,USD,0.7557
2025-05-29,CAD,USD,0.7549
2025-05-30,CAD,USD,0.7564
2025-06-02,CAD,USD,0.7572
2025-06-03,CAD,USD,0.7564
2025-06-04,CAD,USD,0.7543
2025-06-05,CAD,USD,0.7513
2025-06-06,CAD,USD,0.7489
2025-06-09,CAD,USD,0.7569
2025-06-10,CAD,USD,0.7565
2025-06-11,CAD,USD,0.7559
2025-06-12,CAD,USD,0.7536
2025-06-13,CAD,USD,0.7571
2025-06-16,CAD,USD,0.7508
2025-06-17,CAD,USD,0.7538
2025-06-18,CAD,USD,0.7528
2025-06-19,CAD,USD,0.7550
2025-06-20,CAD,USD,0.7552
2025-06-23,CAD,USD,0.7526
2025-06-24,CAD,USD,0.7510
2025-06-25,CAD,USD,0.7522
2025-06-26,CAD,USD,0.7555
2025-06-27,CAD,USD,0.7582
2025-06-30,CAD,USD,0.7573
2025-07-02,CAD,USD,0.7578
2025-07-03,CAD,USD,0.7549
2025-07-04,CAD,USD,0.7553
2025-07-07,CAD,USD,0.7581
2025-07-08,CAD,USD,0.7550
2025-07-09,CAD,USD,0.7549
2025-07-10,CAD,USD,0.7556
2025-07-11,CAD,USD,0.7565
2025-07-14,CAD,USD,0.7563
2025-07-15,CAD,USD,0.7542
2025-07-16,CAD,USD,0.7548
2025-07-17,CAD,USD,0.7543
2025-07-18,CAD,USD,0.7553
2025-07-21,CAD,USD,0.7561
2025-07-22,CAD,USD,0.7531
2025-07-23,CAD,USD,0.7483
2025-07-24,CAD,USD,0.7490
2025-07-25,CAD,USD,0.7472
2025-07-28,CAD,USD,0.7448
2025-07-29,CAD,USD,0.7508
2025-07-30,CAD,USD,0.7526
2025-07-31,CAD,USD,0.7521
2025-08-01,CAD,USD,0.7570
2025-08-04,CAD,USD,0.7571
2025-08-05,CAD,USD,0.7610
2025-08-06,CAD,USD,0.7612
2025-08-07,CAD,USD,0.7606
2025-08-08,CAD,USD,0.7589
2025-08-11,CAD,USD,0.7525
2025-08-12,CAD,USD,0.7549
2025-08-13,CAD,USD,0.7572
2025-08-14,CAD,USD,0.7564
2025-08-15,CAD,USD,0.7565
2025-08-18,CAD,USD,0.7531
2025-08-19,CAD,USD,0.7533
2025-08-20,CAD,USD,0.7566
2025-08-21,CAD,USD,0.7602
2025-08-22,CAD,USD,0.7553
2025-08-25,CAD,USD,0.7548
2025-08-26,CAD,USD,0.7563
2025-08-27,CAD,USD,0.7580
2025-08-28,CAD,USD,0.7596
2025-08-29,CAD,USD,0.7554
2025-09-01,CAD,USD,0.7531
2025-09-02,CAD,USD,0.7569
2025-09-03,CAD,USD,0.7525
2025-09-04,CAD,USD,0.7523
2025-09-05,CAD,USD,0.7497
2025-09-08,CAD,USD,0.7516
2025-09-09,CAD,USD,0.7493
2025-09-10,CAD,USD,0.7494
2025-09-11,CAD,USD,0.7472
2025-09-12,CAD,USD,0.7508
2025-09-15,CAD,USD,0.7447
2025-09-16,CAD,USD,0.7475
2025-09-17,CAD,USD,0.7519
2025-09-18,CAD,USD,0.7509
2025-09-19,CAD,USD,0.7493
2025-09-22,CAD,USD,0.7507
2025-09-23,CAD,USD,0.7550
2025-09-24,CAD,USD,0.7596
2025-09-25,CAD,USD,0.7650
2025-09-26,CAD,USD,0.7615
2025-09-29,CAD,USD,0.7594
2025-09-30,CAD,USD,0.7606
2025-10-01,CAD,USD,0.7637
2025-10-02,CAD,USD,0.7595
2025-10-03,CAD,USD,0.7638
2025-10-06,CAD,USD,0.7650
2025-10-07,CAD,USD,0.7639
2025-10-08,CAD,USD,0.7625
2025-10-09,CAD,USD,0.7637
2025-10-10,CAD,USD,0.7634
2025-10-13,CAD,USD,0.7635
2025-10-14,CAD,USD,0.7595
2025-10-15,CAD,USD,0.7602
2025-10-16,CAD,USD,0.7595
2025-10-17,CAD,USD,0.7617
2025-10-20,CAD,USD,0.7638
2025-10-21,CAD,USD,0.7617
2025-10-22,CAD,USD,0.7593
2025-10-23,CAD,USD,0.7598
2025-10-24,CAD,USD,0.7608
2025-10-27,CAD,USD,0.7614
2025-10-28,CAD,USD,0.7610
2025-10-29,CAD,USD,0.7541
2025-10-30,CAD,USD,0.7499
2025-10-31,CAD,USD,0.7469
2025-11-03,CAD,USD,0.7454
2025-11-04,CAD,USD,0.7459
2025-11-05,CAD,USD,0.7486
2025-11-06,CAD,USD,0.7468
2025-11-07,CAD,USD,0.7448
2025-11-10,CAD,USD,0.7472
2025-11-11,CAD,USD,0.7475
2025-11-12,CAD,USD,0.7455
2025-11-13,CAD,USD,0.7477
2025-11-14,CAD,USD,0.7476
2025-11-17,CAD,USD,0.7462
2025-11-18,CAD,USD,0.7491
2025-11-19,CAD,USD,0.7483
2025-11-20,CAD,USD,0.7489
2025-11-21,CAD,USD,0.7474
2025-11-24,CAD,USD,0.7416
2025-11-25,CAD,USD,0.7400
2025-11-26,CAD,USD,0.7415
2025-11-27,CAD,USD,0.7422
2025-11-28,CAD,USD,0.7452
2025-12-01,CAD,USD,0.7511
2025-12-02,CAD,USD,0.7532
2025-12-03,CAD,USD,0.7545
2025-12-04,CAD,USD,0.7556
2025-12-05,CAD,USD,0.7557
2025-12-08,CAD,USD,0.7598
2025-12-09,CAD,USD,0.7632
2025-12-10,CAD,USD,0.7626
2025-12-11,CAD,USD,0.7627
2025-12-12,CAD,USD,0.7642
2025-12-15,CAD,USD,0.7638
2025-12-16,CAD,USD,0.7596
2025-12-17,CAD,USD,0.7608
2025-12-18,CAD,USD,0.7631
2025-12-19,CAD,USD,0.7614
2025-12-22,CAD,USD,0.7611
2025-12-23,CAD,USD,0.7637
2025-12-24,CAD,USD,0.7613
2025-12-26,CAD,USD,0.7650
2025-12-29,CAD,USD,0.7620
2025-12-30,CAD,USD,0.7577
2025-12-31,CAD,USD,0.7574
2026-01-02,CAD,USD,0.7536
2026-01-05,CAD,USD,0.7540
2026-01-06,CAD,USD,0.7515
2026-01-07,CAD,USD,0.7500
2026-01-08,CAD,USD,0.7495
2026-01-09,CAD,USD,0.7484
2026-01-12,CAD,USD,0.7481
2026-01-13,CAD,USD,0.7475
2026-01-14,CAD,USD,0.7459
2026-01-15,CAD,USD,0.7469
2026-01-16,CAD,USD,0.7430
2026-01-19,CAD,USD,0.7507
2026-01-20,CAD,USD,0.7494
2026-01-21,CAD,USD,0.7514
2026-01-22,CAD,USD,0.7504
2026-01-23,CAD,USD,0.7519
2026-01-26,CAD,USD,0.7503
2026-01-27,CAD,USD,0.7500
2026-01-28,CAD,USD,0.7448
2026-01-29,CAD,USD,0.7487
2026-01-30,CAD,USD,0.7476
2026-02-02,CAD,USD,0.7421
2026-02-03,CAD,USD,0.7403
2026-02-04,CAD,USD,0.7406
2026-02-05,CAD,USD,0.7437
2026-02-06,CAD,USD,0.7439
2026-02-09,CAD,USD,0.7400
2026-02-10,CAD,USD,0.7401
2026-02-11,CAD,USD,0.7434
2026-02-12,CAD,USD,0.7447
2026-02-13,CAD,USD,0.7436
2026-02-16,CAD,USD,0.7384
2026-02-17,CAD,USD,0.7398
2026-02-18,CAD,USD,0.7373
2026-02-19,CAD,USD,0.7341
2026-02-20,CAD,USD,0.7354
2026-02-23,CAD,USD,0.7330
2026-02-24,CAD,USD,0.7360
2026-02-25,CAD,USD,0.7349
2026-02-26,CAD,USD,0.7347
2026-02-27,CAD,USD,0.7366
2026-03-02,CAD,USD,0.7312
2026-03-03,CAD,USD,0.7286
2026-03-04,CAD,USD,0.7297
2026-03-05,CAD,USD,0.7322
2026-03-06,CAD,USD,0.7345
2026-03-09,CAD,USD,0.7291
2026-03-10,CAD,USD,0.7296
2026-03-11,CAD,USD,0.7304
2026-03-12,CAD,USD,0.7322
2026-03-13,CAD,USD,0.7328
2026-03-16,CAD,USD,0.7306
2026-03-17,CAD,USD,0.7301
2026-03-18,CAD,USD,0.7323
2026-03-19,CAD,USD,0.7342
2026-03-20,CAD,USD,0.7359
2026-03-23,CAD,USD,0.7302
2026-03-24,CAD,USD,0.7319
2026-03-25,CAD,USD,0.7309
2026-03-26,CAD,USD,0.7336
2026-03-27,CAD,USD,0.7373
2026-03-30,CAD,USD,0.7369
2026-03-31,CAD,USD,0.7344
2026-04-01,CAD,USD,0.7357
2026-04-02,CAD,USD,0.7309
2026-04-06,CAD,USD,0.7291
2026-04-07,CAD,USD,0.7259
2026-04-08,CAD,USD,0.7247
2026-04-09,CAD,USD,0.7296
2026-04-10,CAD,USD,0.7276
2026-04-13,CAD,USD,0.7222
2026-04-14,CAD,USD,0.7213
2026-04-15,CAD,USD,0.7223
2026-04-16,CAD,USD,0.7262
2026-04-17,CAD,USD,0.7256
2026-04-20,CAD,USD,0.7215
2026-04-21,CAD,USD,0.7199
2026-04-22,CAD,USD,0.7180
2026-04-23,CAD,USD,0.7224
2026-04-24,CAD,USD,0.7242
2026-04-27,CAD,USD,0.7158
2026-04-28,CAD,USD,0.7141
2026-04-29,CAD,USD,0.7137
2026-04-30,CAD,USD,0.7158
2026-05-01,CAD,USD,0.7190
2026-05-04,CAD,USD,0.7147
2026-05-05,CAD,USD,0.7136
2026-05-06,CAD,USD,0.7131
2026-05-07,CAD,USD,0.7174
2026-05-08,CAD,USD,0.7194
2026-05-11,CAD,USD,0.7210
2026-05-12,CAD,USD,0.7157
2026-05-13,CAD,USD,0.7161
2026-05-14,CAD,USD,0.7157
2026-05-15,CAD,USD,0.7176
2026-05-18,CAD,USD,0.7170
2026-05-19,CAD,USD,0.7150
2026-05-20,CAD,USD,0.7138
2026-05-21,CAD,USD,0.7159
2026-05-22,CAD,USD,0.7163
2026-05-25,CAD,USD,0.7130
2026-05-26,CAD,USD,0.7114
2026-05-27,CAD,USD,0.7101
2026-05-28,CAD,USD,0.7090
2026-05-29,CAD,USD,0.7116
2026-06-01,CAD,USD,0.7103
2026-06-02,CAD,USD,0.7094
2026-06-03,CAD,USD,0.7088
2026-06-04,CAD,USD,0.7102
2026-06-05,CAD,USD,0.7099
2026-06-08,CAD,USD,0.7127
2026-06-09,CAD,USD,0.7141
2026-06-10,CAD,USD,0.7169
2026-06-11,CAD,USD,0.7194
2026-06-12,CAD,USD,0.7186
2026-06-15,CAD,USD,0.7131
2026-06-16,CAD,USD,0.7163
2026-06-17,CAD,USD,0.7175
2026-06-18,CAD,USD,0.7174
2026-06-19,CAD,USD,0.7164
2026-06-22,CAD,USD,0.7210
2026-06-23,CAD,USD,0.7222
2026-06-24,CAD,USD,0.7251
2026-06-25,CAD,USD,0.7278
2026-06-26,CAD,USD,0.7240
2026-06-29,CAD,USD,0.7175
2026-06-30,CAD,USD,0.7179
2026-07-02,CAD,USD,0.7132
2026-07-03,CAD,USD,0.7165
2026-07-06,CAD,USD,0.7134
2026-07-07,CAD,USD,0.7122
2026-07-08,CAD,USD,0.7106
2026-07-09,CAD,USD,0.7132
2026-07-10,CAD,USD,0.7118
2026-07-13,CAD,USD,0.7095
2026-07-14,CAD,USD,0.7097
2026-07-15,CAD,USD,0.7085
2026-07-16,CAD,USD,0.7087
2026-07-17,CAD,USD,0.7067
2026-07-20,CAD,USD,0.7105
2026-07-21,CAD,USD,0.7068
2026-07-22,CAD,USD,0.7059
2026-07-23,CAD,USD,0.7049
2026-07-24,CAD,USD,0.7047
2026-07-27,CAD,USD,0.6953
2026-07-28,CAD,USD,0.6965
2026-07-29,CAD,USD,0.6982
2026-07-30,CAD,USD,0.7015
2026-07-31,CAD,USD,0.7049
2026-08-03,CAD,USD,0.6952
2026-08-04,CAD,USD,0.7000
2026-08-05,CAD,USD,0.6992
2026-08-06,CAD,USD,0.6950
2026-08-07,CAD,USD,0.6988
2026-08-10,CAD,USD,0.6950
2026-08-11,CAD,USD,0.6958
2026-08-12,CAD,USD,0.6994
2026-08-13,CAD,USD,0.6984
2026-08-14,CAD,USD,0.6976
2026-08-17,CAD,USD,0.6961
2026-08-18,CAD,USD,0.6962
2026-08-19,CAD,USD,0.6975
2026-08-20,CAD,USD,0.6972
2026-08-21,CAD,USD,0.6968
2026-08-24,CAD,USD,0.6997
2026-08-25,CAD,USD,0.6983
2026-08-26,CAD,USD,0.6999
2026-08-27,CAD,USD,0.7014
2026-08-28,CAD,USD,0.7006
2026-08-31,CAD,USD,0.7108
2026-09-01,CAD,USD,0.7080
2026-09-02,CAD,USD,0.7155
2026-09-03,CAD,USD,0.7167
2026-09-04,CAD,USD,0.7191
2026-09-07,CAD,USD,0.7182
2026-09-08,CAD,USD,0.7185
2026-09-09,CAD,USD,0.7214
2026-09-10,CAD,USD,0.7245
2026-09-11,CAD,USD,0.7258
2026-09-14,CAD,USD,0.7336
2026-09-15,CAD,USD,0.7330
2026-09-16,CAD,USD,0.7333
2026-09-17,CAD,USD,0.7329
2026-09-18,CAD,USD,0.7331
2026-09-21,CAD,USD,0.7372
2026-09-22,CAD,USD,0.7391
2026-09-23,CAD,USD,0.7378
2026-09-24,CAD,USD,0.7374
2026-09-25,CAD,USD,0.7424
