STR_NBR,ITM_ID,SNAP_DT,OH_QTY,ON_ORD_QTY
01042,000000093321,20260628,15.066,0
01042,000000093321,20260629,11.691,0
01042,000000093321,20260630,10.511,0
01042,000000093322,20260628,18.170,0
01042,000000093322,20260629,10.732,0
01042,000000093322,20260630,7.490,0
01042,000000093325,20260628,14.754,0
01042,000000093325,20260629,6.636,0
01042,000000093325,20260630,4.048,24
01042,000000093401,20260628,7.257,0
01042,000000093401,20260629,11.437,12
01042,000000093401,20260630,9.377,0
01042,000000093402,20260628,34.819,0
01042,000000093402,20260629,27.342,0
01042,000000093402,20260630,26.625,0
01042,000000093410,20260628,19.153,0
01042,000000093410,20260629,15.170,0
01042,000000093410,20260630,10.809,0
01042,000000093501,20260628,31,0
01042,000000093501,20260629,24,0
01042,000000093501,20260630,19,0
01042,000000093502,20260628,15,0
01042,000000093502,20260629,11,0
01042,000000093502,20260630,9,0
01042,000000093503,20260628,15,0
01042,000000093503,20260629,8,0
01042,000000093503,20260630,27,24
01042,000000094101,20260628,10,0
01042,000000094101,20260629,27,24
01042,000000094101,20260630,23,0
01042,000000094102,20260628,10,0
01042,000000094102,20260629,18,12
01042,000000094102,20260630,11,0
01042,000000094103,20260628,25,0
01042,000000094103,20260629,17,0
01042,000000094103,20260630,12,0
01042,000000094201,20260628,17.741,0
01042,000000094201,20260629,16.719,0
01042,000000094201,20260630,12.282,0
01042,000000094202,20260628,16.427,0
01042,000000094202,20260629,15.449,0
01042,000000094202,20260630,12.066,0
01042,000000094203,20260628,14.488,0
01042,000000094203,20260629,7.256,0
01042,000000094203,20260630,5.513,12
01042,000000094301,20260628,24.117,0
01042,000000094301,20260629,17.625,0
01042,000000094301,20260630,14.817,0
01042,000000094302,20260628,4.601,12
01042,000000094302,20260629,0.667,24
01042,000000094302,20260630,22.620,24
01042,000000020101,20260628,21,0
01042,000000020101,20260629,16,0
01042,000000020101,20260630,8,0
01042,000000020102,20260628,36,0
01042,000000020102,20260629,29,0
01042,000000020102,20260630,25,0
01042,000000020103,20260628,32,0
01042,000000020103,20260629,25,0
01042,000000020103,20260630,17,0
01042,000000020201,20260628,18,0
01042,000000020201,20260629,17,0
01042,000000020201,20260630,15,0
01042,000000020202,20260628,28,0
01042,000000020202,20260629,27,0
01042,000000020202,20260630,25,0
01042,000000030101,20260628,12,0
01042,000000030101,20260629,7,0
01042,000000030101,20260630,14,12
01042,000000030102,20260628,33,0
01042,000000030102,20260629,27,0
01042,000000030102,20260630,21,0
01042,000000030103,20260628,28,0
01042,000000030103,20260629,25,0
01042,000000030103,20260630,16,0
01042,000000030201,20260628,26,0
01042,000000030201,20260629,24,0
01042,000000030201,20260630,16,0
01042,000000030202,20260628,30,0
01042,000000030202,20260629,28,0
01042,000000030202,20260630,21,0
01042,000000030203,20260628,21,0
01042,000000030203,20260629,15,0
01042,000000030203,20260630,7,0
01042,000000031101,20260628,24.778,0
01042,000000031101,20260629,19.081,0
01042,000000031101,20260630,13.846,0
01042,000000031102,20260628,20.903,0
01042,000000031102,20260629,19.746,0
01042,000000031102,20260630,13.243,0
01042,000000040101,20260628,9.038,0
01042,000000040101,20260629,17.363,12
01042,000000040101,20260630,9.823,0
01042,000000040102,20260628,17.400,12
01042,000000040102,20260629,13.440,0
01042,000000040102,20260630,6.532,0
01042,000000040201,20260628,10,0
01042,000000040201,20260629,7,0
01042,000000040201,20260630,7,0
01042,000000040202,20260628,41,36
01042,000000040202,20260629,34,0
01042,000000040202,20260630,30,0
01042,000000040203,20260628,32,0
01042,000000040203,20260629,28,0
01042,000000040203,20260630,19,0
01042,000000005012,20260628,19,0
01042,000000005012,20260629,17,0
01042,000000005012,20260630,16,0
01042,000000005013,20260628,8,0
01042,000000005013,20260629,3,24
01042,000000005013,20260630,1,36
01042,000000005020,20260628,6,0
01042,000000005020,20260629,39,36
01042,000000005020,20260630,35,0
01042,000000005101,20260628,14,0
01042,000000005101,20260629,8,0
01042,000000005101,20260630,14,12
01042,000000005102,20260628,6,0
01042,000000005102,20260629,4,24
01042,000000005102,20260630,25,24
01042,000000005103,20260628,24,0
01042,000000005103,20260629,23,0
01042,000000005103,20260630,20,0
01042,000000005201,20260628,12,0
01042,000000005201,20260629,8,0
01042,000000005201,20260630,7,0
01042,000000005202,20260628,26,0
01042,000000005202,20260629,18,0
01042,000000005202,20260630,12,0
01042,000000005301,20260628,1,12
01042,000000005301,20260629,8,12
01042,000000005301,20260630,6,0
01042,000000005302,20260628,26,0
01042,000000005302,20260629,22,0
01042,000000005302,20260630,15,0
01042,000004471023,20260628,22,0
01042,000004471023,20260629,18,0
01042,000004471023,20260630,15,0
01042,000004471030,20260628,26,0
01042,000004471030,20260629,25,0
01042,000004471030,20260630,20,0
01042,000004471040,20260628,14,0
01042,000004471040,20260629,10,0
01042,000004471040,20260630,4,36
01042,000004472001,20260628,29,0
01042,000004472001,20260629,27,0
01042,000004472001,20260630,25,0
01042,000004472002,20260628,31,0
01042,000004472002,20260629,28,0
01042,000004472002,20260630,22,0
01042,000004472003,20260628,7,0
01042,000004472003,20260629,28,24
01042,000004472003,20260630,24,0
01042,000004473001,20260628,32,0
01042,000004473001,20260629,28,0
01042,000004473001,20260630,25,0
01042,000004473002,20260628,28,24
01042,000004473002,20260629,26,0
01042,000004473002,20260630,24,0
01042,000004473003,20260628,30,0
01042,000004473003,20260629,30,0
01042,000004473003,20260630,27,0
01042,000004481001,20260628,34,0
01042,000004481001,20260629,31,0
01042,000004481001,20260630,26,0
01042,000004481003,20260628,13,0
01042,000004481003,20260629,10,0
01042,000004481003,20260630,17,12
01042,000004482001,20260628,19,0
01042,000004482001,20260629,16,0
01042,000004482001,20260630,16,0
01042,000004482002,20260628,10,0
01042,000004482002,20260629,9,0
01042,000004482002,20260630,28,24
01042,000004482003,20260628,6,0
01042,000004482003,20260629,39,36
01042,000004482003,20260630,36,0
01042,000004483001,20260628,37,0
01042,000004483001,20260629,35,0
01042,000004483001,20260630,33,0
01042,000004483002,20260628,29,0
01042,000004483002,20260629,24,0
01042,000004483002,20260630,21,0
01042,000004491001,20260628,15,0
01042,000004491001,20260629,9,0
01042,000004491001,20260630,17,12
01042,000004491002,20260628,31,0
01042,000004491002,20260629,27,0
01042,000004491002,20260630,24,0
01042,000004491003,20260628,28,0
01042,000004491003,20260629,26,0
01042,000004491003,20260630,22,0
01042,000004492001,20260628,20,0
01042,000004492001,20260629,15,0
01042,000004492001,20260630,14,0
01042,000004492002,20260628,8,0
01042,000004492002,20260629,6,0
01042,000004492002,20260630,38,36
01042,000004492003,20260628,42,36
01042,000004492003,20260629,41,0
01042,000004492003,20260630,35,0
01042,000004493001,20260628,33,0
01042,000004493001,20260629,29,0
01042,000004493001,20260630,27,0
01042,000004493002,20260628,11,0
01042,000004493002,20260629,7,0
01042,000004493002,20260630,16,12
01042,000000551020,20260628,18,0
01042,000000551020,20260629,14,0
01042,000000551020,20260630,12,0
01042,000000551021,20260628,23,0
01042,000000551021,20260629,22,0
01042,000000551021,20260630,17,0
01042,000000552001,20260628,18,0
01042,000000552001,20260629,17,0
01042,000000552001,20260630,14,0
01042,000000552002,20260628,15,0
01042,000000552002,20260629,14,0
01042,000000552002,20260630,13,0
01042,000000561001,20260628,23,0
01042,000000561001,20260629,17,0
01042,000000561001,20260630,15,0
01042,000000561002,20260628,28,0
01042,000000561002,20260629,25,0
01042,000000561002,20260630,23,0
01042,000000562001,20260628,28,0
01042,000000562001,20260629,23,0
01042,000000562001,20260630,18,0
01042,000000562002,20260628,37,0
01042,000000562002,20260629,36,0
01042,000000562002,20260630,31,0
01107,000000020101,20260628,19,0
01107,000000020101,20260629,14,0
01107,000000020101,20260630,13,0
01107,000000020102,20260628,28,0
01107,000000020102,20260629,20,0
01107,000000020102,20260630,18,0
01107,000000020201,20260628,20,0
01107,000000020201,20260629,17,0
01107,000000020201,20260630,15,0
01107,000000020202,20260628,25,0
01107,000000020202,20260629,20,0
01107,000000020202,20260630,12,0
01107,000000030102,20260628,12,0
01107,000000030102,20260629,9,0
01107,000000030102,20260630,29,24
01107,000000030201,20260628,36,0
01107,000000030201,20260629,32,0
01107,000000030201,20260630,30,0
01107,000000030202,20260628,36,0
01107,000000030202,20260629,32,0
01107,000000030202,20260630,25,0
01107,000000030203,20260628,29,24
01107,000000030203,20260629,25,0
01107,000000030203,20260630,20,0
01107,000000031101,20260628,18.407,0
01107,000000031101,20260629,10.432,0
01107,000000031101,20260630,4.278,12
01107,000000031102,20260628,24.258,0
01107,000000031102,20260629,20.214,0
01107,000000031102,20260630,13.166,0
01107,000000040101,20260628,10.056,0
01107,000000040101,20260629,2.598,36
01107,000000040101,20260630,32.859,36
01107,000000040102,20260628,15.116,0
01107,000000040102,20260629,8.023,0
01107,000000040102,20260630,4.104,24
01107,000000040203,20260628,31,0
01107,000000040203,20260629,24,0
01107,000000040203,20260630,19,0
01107,000004471023,20260628,13,0
01107,000004471023,20260629,9,0
01107,000004471023,20260630,8,0
01107,000004471030,20260628,32,0
01107,000004471030,20260629,27,0
01107,000004471030,20260630,26,0
01107,000004471040,20260628,31,0
01107,000004471040,20260629,29,0
01107,000004471040,20260630,25,0
01107,000004472003,20260628,23,0
01107,000004472003,20260629,22,0
01107,000004472003,20260630,16,0
01107,000004473001,20260628,17,0
01107,000004473001,20260629,13,0
01107,000004473001,20260630,11,0
01107,000004473002,20260628,27,0
01107,000004473002,20260629,24,0
01107,000004473002,20260630,23,0
01107,000004473003,20260628,16,0
01107,000004473003,20260629,11,0
01107,000004473003,20260630,6,24
01107,000004482002,20260628,22,0
01107,000004482002,20260629,18,0
01107,000004482002,20260630,16,0
01107,000004482003,20260628,30,0
01107,000004482003,20260629,27,0
01107,000004482003,20260630,26,0
01107,000004483001,20260628,17,0
01107,000004483001,20260629,12,0
01107,000004483001,20260630,8,0
01107,000004491001,20260628,18,0
01107,000004491001,20260629,14,0
01107,000004491001,20260630,13,0
01107,000004491002,20260628,22,0
01107,000004491002,20260629,19,0
01107,000004491002,20260630,14,0
01107,000004491003,20260628,29,24
01107,000004491003,20260629,25,0
01107,000004491003,20260630,20,0
01107,000004492001,20260628,22,0
01107,000004492001,20260629,20,0
01107,000004492001,20260630,19,0
01107,000004492002,20260628,30,0
01107,000004492002,20260629,27,0
01107,000004492002,20260630,24,0
01107,000004492003,20260628,28,0
01107,000004492003,20260629,23,0
01107,000004492003,20260630,18,0
01107,000004493001,20260628,9,0
01107,000004493001,20260629,17,12
01107,000004493001,20260630,13,0
01107,000004493002,20260628,16,0
01107,000004493002,20260629,15,0
01107,000004493002,20260630,10,0
01107,000000005012,20260628,29,0
01107,000000005012,20260629,26,0
01107,000000005012,20260630,25,0
01107,000000005013,20260628,25,0
01107,000000005013,20260629,23,0
01107,000000005013,20260630,17,0
01107,000000005101,20260628,12,0
01107,000000005101,20260629,7,0
01107,000000005101,20260630,6,24
01107,000000005201,20260628,17,0
01107,000000005201,20260629,14,0
01107,000000005201,20260630,12,0
01107,000000005301,20260628,10,0
01107,000000005301,20260629,16,12
01107,000000005301,20260630,10,0
01107,000000552001,20260628,11,0
01107,000000552001,20260629,9,0
01107,000000552001,20260630,7,0
01107,000000552002,20260628,30,0
01107,000000552002,20260629,26,0
01107,000000552002,20260630,26,0
01107,000000562001,20260628,14,0
01107,000000562001,20260629,11,0
01107,000000562001,20260630,9,0
01107,000000562002,20260628,23,0
01107,000000562002,20260629,17,0
01107,000000562002,20260630,13,0
01107,000000093321,20260628,11.523,0
01107,000000093321,20260629,9.088,0
01107,000000093321,20260630,38.637,36
01107,000000093322,20260628,15.618,0
01107,000000093322,20260629,11.876,0
01107,000000093322,20260630,4.220,24
01107,000000093325,20260628,8.754,0
01107,000000093325,20260629,7.415,0
01107,000000093325,20260630,4.669,36
01107,000000093402,20260628,36.375,0
01107,000000093402,20260629,31.060,0
01107,000000093402,20260630,28.409,0
01107,000000093410,20260628,25.056,0
01107,000000093410,20260629,16.928,0
01107,000000093410,20260630,15.187,0
01107,000000093501,20260628,32,0
01107,000000093501,20260629,25,0
01107,000000093501,20260630,18,0
01107,000000093502,20260628,17,0
01107,000000093502,20260629,10,0
01107,000000093502,20260630,5,24
01107,000000093503,20260628,13,0
01107,000000093503,20260629,6,0
01107,000000093503,20260630,3,36
01107,000000094102,20260628,26,0
01107,000000094102,20260629,18,0
01107,000000094102,20260630,11,0
01107,000000094103,20260628,15,0
01107,000000094103,20260629,8,0
01107,000000094103,20260630,27,24
01107,000000094202,20260628,26.235,0
01107,000000094202,20260629,25.015,0
01107,000000094202,20260630,18.657,0
01107,000000094203,20260628,26.634,0
01107,000000094203,20260629,25.792,0
01107,000000094203,20260630,20.007,0
01107,000000094302,20260628,14.170,0
01107,000000094302,20260629,11.939,0
01107,000000094302,20260630,8.061,0
09001,000000093321,20260628,22.431,0
09001,000000093321,20260629,20.609,0
09001,000000093321,20260630,16.421,0
09001,000000093322,20260628,26.275,0
09001,000000093322,20260629,19.148,0
09001,000000093322,20260630,13.391,0
09001,000000093325,20260628,26.167,0
09001,000000093325,20260629,18.114,0
09001,000000093325,20260630,11.560,0
09001,000000093401,20260628,23.312,0
09001,000000093401,20260629,22.094,0
09001,000000093401,20260630,19.906,0
09001,000000093402,20260628,16.121,0
09001,000000093402,20260629,12.606,0
09001,000000093402,20260630,6.701,0
09001,000000093410,20260628,11.402,0
09001,000000093410,20260629,4.223,24
09001,000000093410,20260630,13.857,12
09001,000000093501,20260628,41,36
09001,000000093501,20260629,37,0
09001,000000093501,20260630,35,0
09001,000000093502,20260628,17,12
09001,000000093502,20260629,14,0
09001,000000093502,20260630,7,0
09001,000000093503,20260628,37,36
09001,000000093503,20260629,35,0
09001,000000093503,20260630,33,0
09001,000000094101,20260628,28,0
09001,000000094101,20260629,23,0
09001,000000094101,20260630,21,0
09001,000000094102,20260628,29,0
09001,000000094102,20260629,21,0
09001,000000094102,20260630,15,0
09001,000000094103,20260628,10,0
09001,000000094103,20260629,38,36
09001,000000094103,20260630,32,0
09001,000000094201,20260628,25.069,0
09001,000000094201,20260629,18.143,0
09001,000000094201,20260630,13.931,0
09001,000000094202,20260628,25.376,0
09001,000000094202,20260629,17.545,0
09001,000000094202,20260630,11.879,0
09001,000000094203,20260628,28.689,0
09001,000000094203,20260629,27.493,0
09001,000000094203,20260630,20.752,0
09001,000000094301,20260628,16.334,0
09001,000000094301,20260629,8.880,0
09001,000000094301,20260630,4.426,12
09001,000000094302,20260628,23.350,0
09001,000000094302,20260629,15.697,0
09001,000000094302,20260630,9.083,0
09001,000000020101,20260628,8,0
09001,000000020101,20260629,13,12
09001,000000020101,20260630,12,0
09001,000000020102,20260628,20,0
09001,000000020102,20260629,19,0
09001,000000020102,20260630,13,0
09001,000000020103,20260628,18,0
09001,000000020103,20260629,16,0
09001,000000020103,20260630,9,0
09001,000000020201,20260628,30,0
09001,000000020201,20260629,22,0
09001,000000020201,20260630,14,0
09001,000000020202,20260628,19,0
09001,000000020202,20260629,16,0
09001,000000020202,20260630,9,0
09001,000000030101,20260628,25,0
09001,000000030101,20260629,23,0
09001,000000030101,20260630,21,0
09001,000000030102,20260628,24,0
09001,000000030102,20260629,21,0
09001,000000030102,20260630,18,0
09001,000000030103,20260628,8,0
09001,000000030103,20260629,6,0
09001,000000030103,20260630,5,24
09001,000000030201,20260628,28,24
09001,000000030201,20260629,24,0
09001,000000030201,20260630,22,0
09001,000000030202,20260628,33,0
09001,000000030202,20260629,27,0
09001,000000030202,20260630,25,0
09001,000000030203,20260628,36,0
09001,000000030203,20260629,31,0
09001,000000030203,20260630,28,0
09001,000000031101,20260628,41.997,36
09001,000000031101,20260629,36.444,0
09001,000000031101,20260630,32.815,0
09001,000000031102,20260628,23.770,0
09001,000000031102,20260629,17.328,0
09001,000000031102,20260630,16.552,0
09001,000000040101,20260628,11.958,0
09001,000000040101,20260629,7.819,0
09001,000000040101,20260630,24.362,24
09001,000000040102,20260628,15.062,0
09001,000000040102,20260629,9.508,0
09001,000000040102,20260630,41.864,36
09001,000000040201,20260628,28,0
09001,000000040201,20260629,26,0
09001,000000040201,20260630,24,0
09001,000000040202,20260628,8,0
09001,000000040202,20260629,1,36
09001,000000040202,20260630,33,36
09001,000000040203,20260628,11,0
09001,000000040203,20260629,10,0
09001,000000040203,20260630,2,36
09001,000000005012,20260628,25,0
09001,000000005012,20260629,22,0
09001,000000005012,20260630,19,0
09001,000000005013,20260628,19,0
09001,000000005013,20260629,18,0
09001,000000005013,20260630,13,0
09001,000000005020,20260628,10,0
09001,000000005020,20260629,6,0
09001,000000005020,20260630,1,12
09001,000000005101,20260628,26,0
09001,000000005101,20260629,23,0
09001,000000005101,20260630,20,0
09001,000000005102,20260628,7,0
09001,000000005102,20260629,25,24
09001,000000005102,20260630,19,0
09001,000000005103,20260628,7,0
09001,000000005103,20260629,24,24
09001,000000005103,20260630,20,0
09001,000000005201,20260628,29,0
09001,000000005201,20260629,25,0
09001,000000005201,20260630,19,0
09001,000000005202,20260628,19,0
09001,000000005202,20260629,13,0
09001,000000005202,20260630,12,0
09001,000000005301,20260628,12,0
09001,000000005301,20260629,9,0
09001,000000005301,20260630,8,0
09001,000000005302,20260628,1,12
09001,000000005302,20260629,23,24
09001,000000005302,20260630,18,0
09001,000004471023,20260628,17,12
09001,000004471023,20260629,15,0
09001,000004471023,20260630,14,0
09001,000004471030,20260628,29,0
09001,000004471030,20260629,23,0
09001,000004471030,20260630,20,0
09001,000004471040,20260628,13,0
09001,000004471040,20260629,11,0
09001,000004471040,20260630,17,12
09001,000004472001,20260628,30,0
09001,000004472001,20260629,28,0
09001,000004472001,20260630,26,0
09001,000004472002,20260628,15,0
09001,000004472002,20260629,13,0
09001,000004472002,20260630,8,0
09001,000004472003,20260628,33,0
09001,000004472003,20260629,30,0
09001,000004472003,20260630,29,0
09001,000004473001,20260628,16,0
09001,000004473001,20260629,12,0
09001,000004473001,20260630,7,0
09001,000004473002,20260628,25,0
09001,000004473002,20260629,23,0
09001,000004473002,20260630,22,0
09001,000004473003,20260628,13,0
09001,000004473003,20260629,11,0
09001,000004473003,20260630,29,24
09001,000004481001,20260628,6,0
09001,000004481001,20260629,5,36
09001,000004481001,20260630,13,12
09001,000004481003,20260628,7,0
09001,000004481003,20260629,38,36
09001,000004481003,20260630,33,0
09001,000004482001,20260628,33,0
09001,000004482001,20260629,28,0
09001,000004482001,20260630,26,0
09001,000004482002,20260628,21,0
09001,000004482002,20260629,16,0
09001,000004482002,20260630,13,0
09001,000004482003,20260628,12,0
09001,000004482003,20260629,10,0
09001,000004482003,20260630,8,0
09001,000004483001,20260628,22,0
09001,000004483001,20260629,18,0
09001,000004483001,20260630,14,0
09001,000004483002,20260628,8,0
09001,000004483002,20260629,42,36
09001,000004483002,20260630,38,0
09001,000004491001,20260628,32,0
09001,000004491001,20260629,29,0
09001,000004491001,20260630,27,0
09001,000004491002,20260628,9,0
09001,000004491002,20260629,30,24
09001,000004491002,20260630,25,0
09001,000004491003,20260628,30,0
09001,000004491003,20260629,27,0
09001,000004491003,20260630,23,0
09001,000004492001,20260628,29,0
09001,000004492001,20260629,23,0
09001,000004492001,20260630,21,0
09001,000004492002,20260628,6,0
09001,000004492002,20260629,14,12
09001,000004492002,20260630,9,0
09001,000004492003,20260628,25,0
09001,000004492003,20260629,24,0
09001,000004492003,20260630,18,0
09001,000004493001,20260628,34,0
09001,000004493001,20260629,30,0
09001,000004493001,20260630,28,0
09001,000004493002,20260628,13,0
09001,000004493002,20260629,11,0
09001,000004493002,20260630,7,0
09001,000000551020,20260628,6,0
09001,000000551020,20260629,17,12
09001,000000551020,20260630,12,0
09001,000000551021,20260628,27,0
09001,000000551021,20260629,23,0
09001,000000551021,20260630,18,0
09001,000000552001,20260628,25,0
09001,000000552001,20260629,24,0
09001,000000552001,20260630,20,0
09001,000000552002,20260628,23,0
09001,000000552002,20260629,21,0
09001,000000552002,20260630,18,0
09001,000000561001,20260628,29,24
09001,000000561001,20260629,26,0
09001,000000561001,20260630,24,0
09001,000000561002,20260628,32,0
09001,000000561002,20260629,31,0
09001,000000561002,20260630,26,0
09001,000000562001,20260628,18,0
09001,000000562001,20260629,16,0
09001,000000562001,20260630,10,0
09001,000000562002,20260628,7,0
09001,000000562002,20260629,27,24
09001,000000562002,20260630,23,0
02210,000000093321,20260628,31.425,0
02210,000000093321,20260629,30.501,0
02210,000000093321,20260630,26.218,0
02210,000000093322,20260628,14.268,12
02210,000000093322,20260629,9.614,0
02210,000000093322,20260630,41.228,36
02210,000000093325,20260628,9.180,0
02210,000000093325,20260629,38.893,36
02210,000000093325,20260630,33.850,0
02210,000000093401,20260628,18.656,0
02210,000000093401,20260629,11.081,0
02210,000000093401,20260630,9.971,0
02210,000000093402,20260628,31.448,0
02210,000000093402,20260629,24.998,0
02210,000000093402,20260630,23.875,0
02210,000000093410,20260628,24.052,0
02210,000000093410,20260629,21.121,0
02210,000000093410,20260630,18.638,0
02210,000000093501,20260628,14,0
02210,000000093501,20260629,9,0
02210,000000093501,20260630,14,12
02210,000000093502,20260628,16,0
02210,000000093502,20260629,15,0
02210,000000093502,20260630,13,0
02210,000000093503,20260628,15,0
02210,000000093503,20260629,14,0
02210,000000093503,20260630,8,0
02210,000000094101,20260628,22,0
02210,000000094101,20260629,17,0
02210,000000094101,20260630,13,0
02210,000000094102,20260628,10,0
02210,000000094102,20260629,7,0
02210,000000094102,20260630,2,12
02210,000000094103,20260628,9,0
02210,000000094103,20260629,7,0
02210,000000094103,20260630,0,36
02210,000000094201,20260628,18.899,0
02210,000000094201,20260629,13.681,0
02210,000000094201,20260630,6.943,0
02210,000000094202,20260628,17.314,0
02210,000000094202,20260629,12.575,0
02210,000000094202,20260630,7.059,0
02210,000000094203,20260628,6.707,0
02210,000000094203,20260629,29.537,24
02210,000000094203,20260630,27.371,0
02210,000000094301,20260628,11.522,0
02210,000000094301,20260629,4.106,12
02210,000000094301,20260630,2.165,24
02210,000000094302,20260628,18.553,0
02210,000000094302,20260629,14.690,0
02210,000000094302,20260630,10.942,0
02210,000000020101,20260628,16,0
02210,000000020101,20260629,14,0
02210,000000020101,20260630,6,12
02210,000000020102,20260628,4,12
02210,000000020102,20260629,27,24
02210,000000020102,20260630,22,0
02210,000000020103,20260628,13,0
02210,000000020103,20260629,10,0
02210,000000020103,20260630,29,24
02210,000000020201,20260628,29,0
02210,000000020201,20260629,21,0
02210,000000020201,20260630,18,0
02210,000000020202,20260628,21,0
02210,000000020202,20260629,20,0
02210,000000020202,20260630,11,0
02210,000000030101,20260628,26,0
02210,000000030101,20260629,22,0
02210,000000030101,20260630,18,0
02210,000000030102,20260628,13,0
02210,000000030102,20260629,12,0
02210,000000030102,20260630,7,0
02210,000000030103,20260628,33,0
02210,000000030103,20260629,30,0
02210,000000030103,20260630,22,0
02210,000000030201,20260628,11,0
02210,000000030201,20260629,9,0
02210,000000030201,20260630,7,0
02210,000000030202,20260628,33,0
02210,000000030202,20260629,30,0
02210,000000030202,20260630,25,0
02210,000000030203,20260628,16,0
02210,000000030203,20260629,14,0
02210,000000030203,20260630,18,12
02210,000000031101,20260628,23.759,0
02210,000000031101,20260629,18.482,0
02210,000000031101,20260630,15.658,0
02210,000000031102,20260628,22.685,0
02210,000000031102,20260629,15.167,0
02210,000000031102,20260630,11.426,0
02210,000000040101,20260628,12.772,0
02210,000000040101,20260629,8.691,0
02210,000000040101,20260630,5.293,36
02210,000000040102,20260628,10.284,0
02210,000000040102,20260629,39.865,36
02210,000000040102,20260630,33.041,0
02210,000000040201,20260628,25,0
02210,000000040201,20260629,23,0
02210,000000040201,20260630,22,0
02210,000000040202,20260628,32,0
02210,000000040202,20260629,29,0
02210,000000040202,20260630,26,0
02210,000000040203,20260628,11,0
02210,000000040203,20260629,9,0
02210,000000040203,20260630,1,12
02210,000000005012,20260628,12,0
02210,000000005012,20260629,10,0
02210,000000005012,20260630,38,36
02210,000000005013,20260628,22,0
02210,000000005013,20260629,20,0
02210,000000005013,20260630,16,0
02210,000000005020,20260628,15,0
02210,000000005020,20260629,12,0
02210,000000005020,20260630,10,0
02210,000000005101,20260628,19,0
02210,000000005101,20260629,15,0
02210,000000005101,20260630,9,0
02210,000000005102,20260628,18,0
02210,000000005102,20260629,13,0
02210,000000005102,20260630,13,0
02210,000000005103,20260628,13,0
02210,000000005103,20260629,6,24
02210,000000005103,20260630,23,24
02210,000000005201,20260628,18,0
02210,000000005201,20260629,13,0
02210,000000005201,20260630,29,24
02210,000000005202,20260628,12,0
02210,000000005202,20260629,6,0
02210,000000005202,20260630,10,12
02210,000000005301,20260628,29,0
02210,000000005301,20260629,25,0
02210,000000005301,20260630,22,0
02210,000000005302,20260628,33,0
02210,000000005302,20260629,29,0
02210,000000005302,20260630,22,0
02210,000004471023,20260628,17,0
02210,000004471023,20260629,12,0
02210,000004471023,20260630,11,0
02210,000004471030,20260628,29,0
02210,000004471030,20260629,23,0
02210,000004471030,20260630,18,0
02210,000004471040,20260628,10,0
02210,000004471040,20260629,28,24
02210,000004471040,20260630,26,0
02210,000004472001,20260628,18,0
02210,000004472001,20260629,16,0
02210,000004472001,20260630,12,0
02210,000004472002,20260628,18,0
02210,000004472002,20260629,13,0
02210,000004472002,20260630,7,0
02210,000004472003,20260628,37,0
02210,000004472003,20260629,31,0
02210,000004472003,20260630,31,0
02210,000004473001,20260628,9,0
02210,000004473001,20260629,8,0
02210,000004473001,20260630,29,24
02210,000004473002,20260628,28,0
02210,000004473002,20260629,23,0
02210,000004473002,20260630,19,0
02210,000004473003,20260628,13,0
02210,000004473003,20260629,11,0
02210,000004473003,20260630,10,0
02210,000004481001,20260628,28,0
02210,000004481001,20260629,24,0
02210,000004481001,20260630,23,0
02210,000004481003,20260628,8,0
02210,000004481003,20260629,7,0
02210,000004481003,20260630,38,36
02210,000004482001,20260628,15,0
02210,000004482001,20260629,10,0
02210,000004482001,20260630,30,24
02210,000004482002,20260628,29,24
02210,000004482002,20260629,26,0
02210,000004482002,20260630,22,0
02210,000004482003,20260628,10,0
02210,000004482003,20260629,8,0
02210,000004482003,20260630,16,12
02210,000004483001,20260628,23,0
02210,000004483001,20260629,18,0
02210,000004483001,20260630,17,0
02210,000004483002,20260628,23,0
02210,000004483002,20260629,20,0
02210,000004483002,20260630,17,0
02210,000004491001,20260628,12,0
02210,000004491001,20260629,10,0
02210,000004491001,20260630,18,12
02210,000004491002,20260628,28,0
02210,000004491002,20260629,24,0
02210,000004491002,20260630,19,0
02210,000004491003,20260628,35,0
02210,000004491003,20260629,34,0
02210,000004491003,20260630,31,0
02210,000004492001,20260628,16,0
02210,000004492001,20260629,11,0
02210,000004492001,20260630,10,0
02210,000004492002,20260628,23,0
02210,000004492002,20260629,20,0
02210,000004492002,20260630,15,0
02210,000004492003,20260628,12,0
02210,000004492003,20260629,8,0
02210,000004492003,20260630,6,0
02210,000004493001,20260628,30,0
02210,000004493001,20260629,25,0
02210,000004493001,20260630,21,0
02210,000004493002,20260628,34,0
02210,000004493002,20260629,28,0
02210,000004493002,20260630,25,0
02210,000000551020,20260628,14,0
02210,000000551020,20260629,12,0
02210,000000551020,20260630,9,0
02210,000000551021,20260628,16,0
02210,000000551021,20260629,12,0
02210,000000551021,20260630,10,0
02210,000000552001,20260628,25,0
02210,000000552001,20260629,20,0
02210,000000552001,20260630,14,0
02210,000000552002,20260628,34,0
02210,000000552002,20260629,33,0
02210,000000552002,20260630,27,0
02210,000000561001,20260628,26,0
02210,000000561001,20260629,21,0
02210,000000561001,20260630,18,0
02210,000000561002,20260628,22,0
02210,000000561002,20260629,22,0
02210,000000561002,20260630,17,0
02210,000000562001,20260628,26,0
02210,000000562001,20260629,24,0
02210,000000562001,20260630,21,0
02210,000000562002,20260628,35,0
02210,000000562002,20260629,34,0
02210,000000562002,20260630,33,0
02305,000000093321,20260628,35.085,0
02305,000000093321,20260629,29.378,0
02305,000000093321,20260630,23.722,0
02305,000000093322,20260628,19.715,0
02305,000000093322,20260629,18.166,0
02305,000000093322,20260630,16.582,0
02305,000000093325,20260628,6.699,0
02305,000000093325,20260629,17.093,12
02305,000000093325,20260630,12.829,0
02305,000000093401,20260628,4.412,36
02305,000000093401,20260629,0.075,36
02305,000000093401,20260630,19.424,24
02305,000000093402,20260628,27.651,0
02305,000000093402,20260629,22.645,0
02305,000000093402,20260630,14.988,0
02305,000000093410,20260628,32.320,0
02305,000000093410,20260629,30.041,0
02305,000000093410,20260630,25.165,0
02305,000000093501,20260628,17,0
02305,000000093501,20260629,14,0
02305,000000093501,20260630,13,0
02305,000000093502,20260628,18,0
02305,000000093502,20260629,16,0
02305,000000093502,20260630,13,0
02305,000000093503,20260628,22,0
02305,000000093503,20260629,21,0
02305,000000093503,20260630,20,0
02305,000000094101,20260628,32,0
02305,000000094101,20260629,27,0
02305,000000094101,20260630,20,0
02305,000000094102,20260628,31,0
02305,000000094102,20260629,29,0
02305,000000094102,20260630,25,0
02305,000000094103,20260628,36,0
02305,000000094103,20260629,31,0
02305,000000094103,20260630,27,0
02305,000000094201,20260628,7.954,0
02305,000000094201,20260629,3.831,36
02305,000000094201,20260630,0.000,12
02305,000000094202,20260628,13.794,0
02305,000000094202,20260629,9.962,0
02305,000000094202,20260630,7.350,0
02305,000000094203,20260628,7.468,0
02305,000000094203,20260629,2.883,12
02305,000000094203,20260630,0.000,12
02305,000000094301,20260628,23.383,0
02305,000000094301,20260629,18.743,0
02305,000000094301,20260630,17.755,0
02305,000000094302,20260628,33.662,0
02305,000000094302,20260629,31.817,0
02305,000000094302,20260630,26.265,0
02305,000000020101,20260628,17,12
02305,000000020101,20260629,12,0
02305,000000020101,20260630,5,24
02305,000000020102,20260628,29,0
02305,000000020102,20260629,21,0
02305,000000020102,20260630,17,0
02305,000000020103,20260628,12,0
02305,000000020103,20260629,4,24
02305,000000020103,20260630,11,12
02305,000000020201,20260628,20,0
02305,000000020201,20260629,19,0
02305,000000020201,20260630,16,0
02305,000000020202,20260628,17,0
02305,000000020202,20260629,16,0
02305,000000020202,20260630,16,0
02305,000000030101,20260628,22,0
02305,000000030101,20260629,14,0
02305,000000030101,20260630,12,0
02305,000000030102,20260628,33,0
02305,000000030102,20260629,28,0
02305,000000030102,20260630,23,0
02305,000000030103,20260628,9,0
02305,000000030103,20260629,5,24
02305,000000030103,20260630,36,36
02305,000000030201,20260628,16,0
02305,000000030201,20260629,14,0
02305,000000030201,20260630,9,0
02305,000000030202,20260628,21,0
02305,000000030202,20260629,20,0
02305,000000030202,20260630,17,0
02305,000000030203,20260628,20,0
02305,000000030203,20260629,20,0
02305,000000030203,20260630,13,0
02305,000000031101,20260628,16.687,0
02305,000000031101,20260629,14.037,0
02305,000000031101,20260630,11.241,0
02305,000000031102,20260628,13.235,0
02305,000000031102,20260629,11.190,0
02305,000000031102,20260630,9.394,0
02305,000000040101,20260628,27.761,24
02305,000000040101,20260629,23.954,0
02305,000000040101,20260630,16.365,0
02305,000000040102,20260628,20.492,0
02305,000000040102,20260629,16.936,0
02305,000000040102,20260630,12.759,0
02305,000000040201,20260628,29,0
02305,000000040201,20260629,22,0
02305,000000040201,20260630,20,0
02305,000000040202,20260628,24,0
02305,000000040202,20260629,23,0
02305,000000040202,20260630,20,0
02305,000000040203,20260628,27,0
02305,000000040203,20260629,22,0
02305,000000040203,20260630,17,0
02305,000000005012,20260628,23,0
02305,000000005012,20260629,20,0
02305,000000005012,20260630,18,0
02305,000000005013,20260628,33,0
02305,000000005013,20260629,26,0
02305,000000005013,20260630,19,0
02305,000000005020,20260628,7,0
02305,000000005020,20260629,39,36
02305,000000005020,20260630,37,0
02305,000000005101,20260628,34,0
02305,000000005101,20260629,31,0
02305,000000005101,20260630,27,0
02305,000000005102,20260628,30,0
02305,000000005102,20260629,24,0
02305,000000005102,20260630,21,0
02305,000000005103,20260628,14,0
02305,000000005103,20260629,12,0
02305,000000005103,20260630,18,12
02305,000000005201,20260628,11,0
02305,000000005201,20260629,29,24
02305,000000005201,20260630,26,0
02305,000000005202,20260628,22,0
02305,000000005202,20260629,20,0
02305,000000005202,20260630,15,0
02305,000000005301,20260628,9,0
02305,000000005301,20260629,16,12
02305,000000005301,20260630,13,0
02305,000000005302,20260628,11,0
02305,000000005302,20260629,9,0
02305,000000005302,20260630,18,12
02305,000004471023,20260628,23,0
02305,000004471023,20260629,22,0
02305,000004471023,20260630,19,0
02305,000004471030,20260628,4,36
02305,000004471030,20260629,10,12
02305,000004471030,20260630,5,12
02305,000004471040,20260628,13,0
02305,000004471040,20260629,12,0
02305,000004471040,20260630,9,0
02305,000004472001,20260628,12,0
02305,000004472001,20260629,10,0
02305,000004472001,20260630,5,12
02305,000004472002,20260628,8,0
02305,000004472002,20260629,41,36
02305,000004472002,20260630,38,0
02305,000004472003,20260628,28,0
02305,000004472003,20260629,25,0
02305,000004472003,20260630,23,0
02305,000004473001,20260628,7,0
02305,000004473001,20260629,7,0
02305,000004473001,20260630,4,36
02305,000004473002,20260628,20,0
02305,000004473002,20260629,18,0
02305,000004473002,20260630,12,0
02305,000004473003,20260628,21,0
02305,000004473003,20260629,17,0
02305,000004473003,20260630,13,0
02305,000004481001,20260628,9,0
02305,000004481001,20260629,8,0
02305,000004481001,20260630,6,0
02305,000004481003,20260628,31,0
02305,000004481003,20260629,25,0
02305,000004481003,20260630,22,0
02305,000004482001,20260628,15,0
02305,000004482001,20260629,14,0
02305,000004482001,20260630,9,0
02305,000004482002,20260628,28,0
02305,000004482002,20260629,26,0
02305,000004482002,20260630,23,0
02305,000004482003,20260628,28,0
02305,000004482003,20260629,26,0
02305,000004482003,20260630,25,0
02305,000004483001,20260628,29,0
02305,000004483001,20260629,26,0
02305,000004483001,20260630,20,0
02305,000004483002,20260628,34,0
02305,000004483002,20260629,29,0
02305,000004483002,20260630,28,0
02305,000004491001,20260628,18,0
02305,000004491001,20260629,16,0
02305,000004491001,20260630,15,0
02305,000004491002,20260628,34,0
02305,000004491002,20260629,34,0
02305,000004491002,20260630,29,0
02305,000004491003,20260628,6,0
02305,000004491003,20260629,29,24
02305,000004491003,20260630,26,0
02305,000004492001,20260628,25,0
02305,000004492001,20260629,23,0
02305,000004492001,20260630,22,0
02305,000004492002,20260628,7,0
02305,000004492002,20260629,6,0
02305,000004492002,20260630,39,36
02305,000004492003,20260628,17,0
02305,000004492003,20260629,12,0
02305,000004492003,20260630,12,0
02305,000004493001,20260628,34,0
02305,000004493001,20260629,32,0
02305,000004493001,20260630,26,0
02305,000004493002,20260628,29,0
02305,000004493002,20260629,28,0
02305,000004493002,20260630,27,0
02305,000000551020,20260628,30,0
02305,000000551020,20260629,29,0
02305,000000551020,20260630,24,0
02305,000000551021,20260628,12,0
02305,000000551021,20260629,11,0
02305,000000551021,20260630,18,12
02305,000000552001,20260628,23,0
02305,000000552001,20260629,19,0
02305,000000552001,20260630,17,0
02305,000000552002,20260628,17,0
02305,000000552002,20260629,14,0
02305,000000552002,20260630,10,0
02305,000000561001,20260628,25,0
02305,000000561001,20260629,20,0
02305,000000561001,20260630,15,0
02305,000000561002,20260628,13,0
02305,000000561002,20260629,11,0
02305,000000561002,20260630,6,0
02305,000000562001,20260628,15,0
02305,000000562001,20260629,10,0
02305,000000562001,20260630,41,36
02305,000000562002,20260628,6,0
02305,000000562002,20260629,40,36
02305,000000562002,20260630,37,0
03050,000000093321,20260628,7.135,0
03050,000000093321,20260629,0.000,12
03050,000000093321,20260630,18.190,24
03050,000000093322,20260628,25.172,0
03050,000000093322,20260629,21.664,0
03050,000000093322,20260630,19.672,0
03050,000000093325,20260628,24.349,0
03050,000000093325,20260629,16.347,0
03050,000000093325,20260630,10.064,0
03050,000000093401,20260628,28.736,0
03050,000000093401,20260629,25.738,0
03050,000000093401,20260630,19.134,0
03050,000000093402,20260628,22.147,0
03050,000000093402,20260629,20.767,0
03050,000000093402,20260630,16.811,0
03050,000000093410,20260628,17.579,0
03050,000000093410,20260629,9.291,0
03050,000000093410,20260630,15.940,12
03050,000000093501,20260628,17,0
03050,000000093501,20260629,12,0
03050,000000093501,20260630,10,0
03050,000000093502,20260628,19,0
03050,000000093502,20260629,12,0
03050,000000093502,20260630,10,0
03050,000000093503,20260628,33,0
03050,000000093503,20260629,29,0
03050,000000093503,20260630,27,0
03050,000000094101,20260628,41,36
03050,000000094101,20260629,36,0
03050,000000094101,20260630,29,0
03050,000000094102,20260628,25,0
03050,000000094102,20260629,20,0
03050,000000094102,20260630,17,0
03050,000000094103,20260628,21,0
03050,000000094103,20260629,19,0
03050,000000094103,20260630,17,0
03050,000000094201,20260628,11.236,0
03050,000000094201,20260629,41.395,36
03050,000000094201,20260630,40.687,0
03050,000000094202,20260628,23.331,0
03050,000000094202,20260629,20.003,0
03050,000000094202,20260630,15.603,0
03050,000000094203,20260628,26.231,0
03050,000000094203,20260629,21.870,0
03050,000000094203,20260630,14.745,0
03050,000000094301,20260628,30.805,0
03050,000000094301,20260629,26.456,0
03050,000000094301,20260630,19.921,0
03050,000000094302,20260628,14.183,12
03050,000000094302,20260629,11.478,0
03050,000000094302,20260630,39.408,36
03050,000000020101,20260628,10,0
03050,000000020101,20260629,8,0
03050,000000020101,20260630,3,12
03050,000000020102,20260628,33,0
03050,000000020102,20260629,28,0
03050,000000020102,20260630,22,0
03050,000000020103,20260628,11,0
03050,000000020103,20260629,8,0
03050,000000020103,20260630,29,24
03050,000000020201,20260628,29,0
03050,000000020201,20260629,22,0
03050,000000020201,20260630,15,0
03050,000000020202,20260628,17,12
03050,000000020202,20260629,14,0
03050,000000020202,20260630,8,0
03050,000000030101,20260628,23,0
03050,000000030101,20260629,20,0
03050,000000030101,20260630,13,0
03050,000000030102,20260628,16,0
03050,000000030102,20260629,14,0
03050,000000030102,20260630,6,0
03050,000000030103,20260628,32,0
03050,000000030103,20260629,26,0
03050,000000030103,20260630,24,0
03050,000000030201,20260628,14,0
03050,000000030201,20260629,7,0
03050,000000030201,20260630,3,24
03050,000000030202,20260628,22,0
03050,000000030202,20260629,21,0
03050,000000030202,20260630,17,0
03050,000000030203,20260628,6,12
03050,000000030203,20260629,4,36
03050,000000030203,20260630,2,24
03050,000000031101,20260628,6.217,0
03050,000000031101,20260629,16.099,12
03050,000000031101,20260630,13.024,0
03050,000000031102,20260628,30.624,0
03050,000000031102,20260629,26.585,0
03050,000000031102,20260630,23.907,0
03050,000000040101,20260628,23.122,0
03050,000000040101,20260629,21.794,0
03050,000000040101,20260630,18.659,0
03050,000000040102,20260628,30.322,0
03050,000000040102,20260629,22.334,0
03050,000000040102,20260630,15.791,0
03050,000000040201,20260628,23,0
03050,000000040201,20260629,17,0
03050,000000040201,20260630,9,0
03050,000000040202,20260628,22,0
03050,000000040202,20260629,15,0
03050,000000040202,20260630,10,0
03050,000000040203,20260628,7,0
03050,000000040203,20260629,40,36
03050,000000040203,20260630,39,0
03050,000000005012,20260628,18,0
03050,000000005012,20260629,17,0
03050,000000005012,20260630,14,0
03050,000000005013,20260628,9,0
03050,000000005013,20260629,25,24
03050,000000005013,20260630,17,0
03050,000000005020,20260628,25,0
03050,000000005020,20260629,24,0
03050,000000005020,20260630,19,0
03050,000000005101,20260628,12,0
03050,000000005101,20260629,9,0
03050,000000005101,20260630,6,0
03050,000000005102,20260628,17,12
03050,000000005102,20260629,10,0
03050,000000005102,20260630,40,36
03050,000000005103,20260628,13,0
03050,000000005103,20260629,7,0
03050,000000005103,20260630,23,24
03050,000000005201,20260628,22,0
03050,000000005201,20260629,20,0
03050,000000005201,20260630,13,0
03050,000000005202,20260628,15,0
03050,000000005202,20260629,7,0
03050,000000005202,20260630,3,36
03050,000000005301,20260628,30,0
03050,000000005301,20260629,27,0
03050,000000005301,20260630,22,0
03050,000000005302,20260628,15,0
03050,000000005302,20260629,9,0
03050,000000005302,20260630,15,12
03050,000004471023,20260628,24,0
03050,000004471023,20260629,22,0
03050,000004471023,20260630,21,0
03050,000004471030,20260628,33,0
03050,000004471030,20260629,28,0
03050,000004471030,20260630,26,0
03050,000004471040,20260628,27,0
03050,000004471040,20260629,21,0
03050,000004471040,20260630,19,0
03050,000004472001,20260628,17,0
03050,000004472001,20260629,16,0
03050,000004472001,20260630,11,0
03050,000004472002,20260628,21,0
03050,000004472002,20260629,19,0
03050,000004472002,20260630,13,0
03050,000004472003,20260628,27,0
03050,000004472003,20260629,23,0
03050,000004472003,20260630,17,0
03050,000004473001,20260628,14,0
03050,000004473001,20260629,10,0
03050,000004473001,20260630,17,12
03050,000004473002,20260628,7,0
03050,000004473002,20260629,38,36
03050,000004473002,20260630,38,0
03050,000004473003,20260628,22,0
03050,000004473003,20260629,20,0
03050,000004473003,20260630,17,0
03050,000004481001,20260628,29,0
03050,000004481001,20260629,24,0
03050,000004481001,20260630,18,0
03050,000004481003,20260628,34,0
03050,000004481003,20260629,30,0
03050,000004481003,20260630,24,0
03050,000004482001,20260628,23,0
03050,000004482001,20260629,19,0
03050,000004482001,20260630,14,0
03050,000004482002,20260628,19,0
03050,000004482002,20260629,17,0
03050,000004482002,20260630,16,0
03050,000004482003,20260628,21,0
03050,000004482003,20260629,17,0
03050,000004482003,20260630,11,0
03050,000004483001,20260628,7,0
03050,000004483001,20260629,14,12
03050,000004483001,20260630,11,0
03050,000004483002,20260628,27,0
03050,000004483002,20260629,22,0
03050,000004483002,20260630,21,0
03050,000004491001,20260628,27,0
03050,000004491001,20260629,23,0
03050,000004491001,20260630,21,0
03050,000004491002,20260628,30,0
03050,000004491002,20260629,27,0
03050,000004491002,20260630,27,0
03050,000004491003,20260628,11,0
03050,000004491003,20260629,7,0
03050,000004491003,20260630,6,0
03050,000004492001,20260628,13,0
03050,000004492001,20260629,11,0
03050,000004492001,20260630,9,0
03050,000004492002,20260628,9,0
03050,000004492002,20260629,7,0
03050,000004492002,20260630,37,36
03050,000004492003,20260628,32,0
03050,000004492003,20260629,28,0
03050,000004492003,20260630,26,0
03050,000004493001,20260628,29,0
03050,000004493001,20260629,26,0
03050,000004493001,20260630,21,0
03050,000004493002,20260628,20,0
03050,000004493002,20260629,14,0
03050,000004493002,20260630,9,0
03050,000000551020,20260628,25,0
03050,000000551020,20260629,23,0
03050,000000551020,20260630,21,0
03050,000000551021,20260628,34,0
03050,000000551021,20260629,29,0
03050,000000551021,20260630,27,0
03050,000000552001,20260628,17,0
03050,000000552001,20260629,16,0
03050,000000552001,20260630,11,0
03050,000000552002,20260628,28,0
03050,000000552002,20260629,26,0
03050,000000552002,20260630,25,0
03050,000000561001,20260628,10,0
03050,000000561001,20260629,9,0
03050,000000561001,20260630,8,0
03050,000000561002,20260628,11,0
03050,000000561002,20260629,8,0
03050,000000561002,20260630,15,12
03050,000000562001,20260628,6,12
03050,000000562001,20260629,37,36
03050,000000562001,20260630,32,0
03050,000000562002,20260628,37,0
03050,000000562002,20260629,36,0
03050,000000562002,20260630,30,0
00317,000000093321,20260628,5.563,36
00317,000000093321,20260629,0.000,12
00317,000000093321,20260630,0.000,24
00317,000000093322,20260628,29.256,0
00317,000000093322,20260629,21.344,0
00317,000000093322,20260630,14.888,0
00317,000000093325,20260628,11.112,0
00317,000000093325,20260629,38.885,36
00317,000000093325,20260630,32.218,0
00317,000000093401,20260628,12.534,0
00317,000000093401,20260629,8.386,0
00317,000000093401,20260630,39.672,36
00317,000000093402,20260628,10.655,0
00317,000000093402,20260629,6.852,0
00317,000000093402,20260630,5.481,24
00317,000000093410,20260628,11.484,0
00317,000000093410,20260629,4.777,24
00317,000000093410,20260630,33.782,36
00317,000000093501,20260628,27,0
00317,000000093501,20260629,21,0
00317,000000093501,20260630,15,0
00317,000000093502,20260628,22,0
00317,000000093502,20260629,20,0
00317,000000093502,20260630,15,0
00317,000000093503,20260628,8,0
00317,000000093503,20260629,7,0
00317,000000093503,20260630,37,36
00317,000000094101,20260628,25,0
00317,000000094101,20260629,24,0
00317,000000094101,20260630,16,0
00317,000000094102,20260628,25,0
00317,000000094102,20260629,21,0
00317,000000094102,20260630,20,0
00317,000000094103,20260628,14,0
00317,000000094103,20260629,12,0
00317,000000094103,20260630,7,0
00317,000000094201,20260628,17.277,0
00317,000000094201,20260629,9.977,0
00317,000000094201,20260630,38.019,36
00317,000000094202,20260628,9.201,0
00317,000000094202,20260629,40.370,36
00317,000000094202,20260630,36.582,0
00317,000000094203,20260628,31.001,0
00317,000000094203,20260629,22.765,0
00317,000000094203,20260630,17.805,0
00317,000000094301,20260628,29.639,0
00317,000000094301,20260629,22.811,0
00317,000000094301,20260630,15.482,0
00317,000000094302,20260628,32.951,0
00317,000000094302,20260629,29.351,0
00317,000000094302,20260630,25.856,0
00317,000000020101,20260628,33,0
00317,000000020101,20260629,24,0
00317,000000020101,20260630,21,0
00317,000000020102,20260628,25,0
00317,000000020102,20260629,17,0
00317,000000020102,20260630,15,0
00317,000000020103,20260628,22,0
00317,000000020103,20260629,19,0
00317,000000020103,20260630,16,0
00317,000000020201,20260628,5,12
00317,000000020201,20260629,10,12
00317,000000020201,20260630,15,12
00317,000000020202,20260628,36,0
00317,000000020202,20260629,30,0
00317,000000020202,20260630,25,0
00317,000000030101,20260628,8,0
00317,000000030101,20260629,7,0
00317,000000030101,20260630,2,24
00317,000000030102,20260628,23,0
00317,000000030102,20260629,19,0
00317,000000030102,20260630,16,0
00317,000000030103,20260628,33,0
00317,000000030103,20260629,30,0
00317,000000030103,20260630,29,0
00317,000000030201,20260628,25,0
00317,000000030201,20260629,19,0
00317,000000030201,20260630,17,0
00317,000000030202,20260628,13,0
00317,000000030202,20260629,10,0
00317,000000030202,20260630,6,36
00317,000000030203,20260628,13,0
00317,000000030203,20260629,6,0
00317,000000030203,20260630,29,24
00317,000000031101,20260628,28.589,0
00317,000000031101,20260629,23.018,0
00317,000000031101,20260630,18.679,0
00317,000000031102,20260628,33.559,0
00317,000000031102,20260629,30.504,0
00317,000000031102,20260630,28.332,0
00317,000000040101,20260628,12.595,0
00317,000000040101,20260629,40.464,36
00317,000000040101,20260630,37.795,0
00317,000000040102,20260628,2.018,36
00317,000000040102,20260629,11.377,12
00317,000000040102,20260630,3.995,24
00317,000000040201,20260628,7,0
00317,000000040201,20260629,24,24
00317,000000040201,20260630,21,0
00317,000000040202,20260628,29,0
00317,000000040202,20260629,25,0
00317,000000040202,20260630,21,0
00317,000000040203,20260628,32,0
00317,000000040203,20260629,28,0
00317,000000040203,20260630,25,0
00317,000000005012,20260628,7,0
00317,000000005012,20260629,27,24
00317,000000005012,20260630,26,0
00317,000000005013,20260628,5,12
00317,000000005013,20260629,12,12
00317,000000005013,20260630,4,12
00317,000000005020,20260628,11,0
00317,000000005020,20260629,29,24
00317,000000005020,20260630,27,0
00317,000000005101,20260628,18,12
00317,000000005101,20260629,15,0
00317,000000005101,20260630,7,0
00317,000000005102,20260628,13,0
00317,000000005102,20260629,8,0
00317,000000005102,20260630,2,36
00317,000000005103,20260628,34,0
00317,000000005103,20260629,32,0
00317,000000005103,20260630,30,0
00317,000000005201,20260628,12,0
00317,000000005201,20260629,17,12
00317,000000005201,20260630,10,0
00317,000000005202,20260628,25,0
00317,000000005202,20260629,21,0
00317,000000005202,20260630,19,0
00317,000000005301,20260628,22,0
00317,000000005301,20260629,17,0
00317,000000005301,20260630,10,0
00317,000000005302,20260628,18,0
00317,000000005302,20260629,13,0
00317,000000005302,20260630,9,0
00317,000004471023,20260628,18,0
00317,000004471023,20260629,14,0
00317,000004471023,20260630,12,0
00317,000004471030,20260628,36,0
00317,000004471030,20260629,31,0
00317,000004471030,20260630,27,0
00317,000004471040,20260628,21,0
00317,000004471040,20260629,16,0
00317,000004471040,20260630,13,0
00317,000004472001,20260628,26,0
00317,000004472001,20260629,21,0
00317,000004472001,20260630,18,0
00317,000004472002,20260628,5,24
00317,000004472002,20260629,14,12
00317,000004472002,20260630,12,0
00317,000004472003,20260628,32,0
00317,000004472003,20260629,31,0
00317,000004472003,20260630,29,0
00317,000004473001,20260628,28,0
00317,000004473001,20260629,26,0
00317,000004473001,20260630,21,0
00317,000004473002,20260628,36,0
00317,000004473002,20260629,36,0
00317,000004473002,20260630,33,0
00317,000004473003,20260628,17,0
00317,000004473003,20260629,12,0
00317,000004473003,20260630,9,0
00317,000004481001,20260628,31,0
00317,000004481001,20260629,25,0
00317,000004481001,20260630,24,0
00317,000004481003,20260628,12,0
00317,000004481003,20260629,10,0
00317,000004481003,20260630,9,0
00317,000004482001,20260628,12,0
00317,000004482001,20260629,10,0
00317,000004482001,20260630,9,0
00317,000004482002,20260628,22,0
00317,000004482002,20260629,20,0
00317,000004482002,20260630,16,0
00317,000004482003,20260628,26,0
00317,000004482003,20260629,23,0
00317,000004482003,20260630,18,0
00317,000004483001,20260628,15,0
00317,000004483001,20260629,13,0
00317,000004483001,20260630,12,0
00317,000004483002,20260628,37,0
00317,000004483002,20260629,36,0
00317,000004483002,20260630,33,0
00317,000004491001,20260628,26,0
00317,000004491001,20260629,24,0
00317,000004491001,20260630,23,0
00317,000004491002,20260628,42,36
00317,000004491002,20260629,39,0
00317,000004491002,20260630,36,0
00317,000004491003,20260628,18,0
00317,000004491003,20260629,13,0
00317,000004491003,20260630,12,0
00317,000004492001,20260628,25,0
00317,000004492001,20260629,24,0
00317,000004492001,20260630,21,0
00317,000004492002,20260628,21,0
00317,000004492002,20260629,16,0
00317,000004492002,20260630,10,0
00317,000004492003,20260628,8,0
00317,000004492003,20260629,39,36
00317,000004492003,20260630,35,0
00317,000004493001,20260628,30,0
00317,000004493001,20260629,28,0
00317,000004493001,20260630,24,0
00317,000004493002,20260628,12,0
00317,000004493002,20260629,6,36
00317,000004493002,20260630,12,12
00317,000000551020,20260628,7,0
00317,000000551020,20260629,6,0
00317,000000551020,20260630,16,12
00317,000000551021,20260628,23,0
00317,000000551021,20260629,17,0
00317,000000551021,20260630,11,0
00317,000000552001,20260628,17,0
00317,000000552001,20260629,12,0
00317,000000552001,20260630,8,0
00317,000000552002,20260628,26,0
00317,000000552002,20260629,23,0
00317,000000552002,20260630,20,0
00317,000000561001,20260628,21,0
00317,000000561001,20260629,18,0
00317,000000561001,20260630,13,0
00317,000000561002,20260628,22,0
00317,000000561002,20260629,18,0
00317,000000561002,20260630,12,0
00317,000000562001,20260628,27,0
00317,000000562001,20260629,26,0
00317,000000562001,20260630,21,0
00317,000000562002,20260628,21,0
00317,000000562002,20260629,20,0
00317,000000562002,20260630,17,0
00317,000004492050,20260628,16,0
00317,000004492050,20260629,10,0
00317,000004492050,20260630,6,0
00317,000004472050,20260628,36,0
00317,000004472050,20260629,34,0
00317,000004472050,20260630,33,0
00322,000000020101,20260628,14,0
00322,000000020101,20260629,6,24
00322,000000020101,20260630,4,12
00322,000000020201,20260628,27,0
00322,000000020201,20260629,22,0
00322,000000020201,20260630,16,0
00322,000000020202,20260628,14,0
00322,000000020202,20260629,9,0
00322,000000020202,20260630,3,36
00322,000000030102,20260628,1,24
00322,000000030102,20260629,0,24
00322,000000030102,20260630,8,12
00322,000000030201,20260628,15,0
00322,000000030201,20260629,12,0
00322,000000030201,20260630,18,12
00322,000000030202,20260628,31,0
00322,000000030202,20260629,25,0
00322,000000030202,20260630,21,0
00322,000000030203,20260628,21,0
00322,000000030203,20260629,14,0
00322,000000030203,20260630,7,0
00322,000000040201,20260628,31,0
00322,000000040201,20260629,26,0
00322,000000040201,20260630,22,0
00322,000000040202,20260628,30,0
00322,000000040202,20260629,24,0
00322,000000040202,20260630,16,0
00322,000000040203,20260628,40,36
00322,000000040203,20260629,35,0
00322,000000040203,20260630,33,0
00322,000004471023,20260628,-1,12
00322,000004471023,20260629,10,0
00322,000004471023,20260630,42,36
00322,000004471030,20260628,34,0
00322,000004471030,20260629,30,0
00322,000004471030,20260630,25,0
00322,000004471040,20260628,37,0
00322,000004471040,20260629,35,0
00322,000004471040,20260630,29,0
00322,000004472001,20260628,13,0
00322,000004472001,20260629,12,0
00322,000004472001,20260630,11,0
00322,000004472002,20260628,9,0
00322,000004472002,20260629,27,24
00322,000004472002,20260630,24,0
00322,000004473001,20260628,30,0
00322,000004473001,20260629,25,0
00322,000004473001,20260630,21,0
00322,000004473002,20260628,30,0
00322,000004473002,20260629,28,0
00322,000004473002,20260630,24,0
00322,000004481001,20260628,19,0
00322,000004481001,20260629,14,0
00322,000004481001,20260630,9,0
00322,000004481003,20260628,28,0
00322,000004481003,20260629,23,0
00322,000004481003,20260630,22,0
00322,000004482001,20260628,29,0
00322,000004482001,20260629,26,0
00322,000004482001,20260630,23,0
00322,000004482002,20260628,3,24
00322,000004482002,20260629,14,12
00322,000004482002,20260630,14,0
00322,000004482003,20260628,12,0
00322,000004482003,20260629,11,0
00322,000004482003,20260630,7,0
00322,000004483002,20260628,28,0
00322,000004483002,20260629,23,0
00322,000004483002,20260630,22,0
00322,000004491001,20260628,7,0
00322,000004491001,20260629,42,36
00322,000004491001,20260630,38,0
00322,000004491003,20260628,32,0
00322,000004491003,20260629,27,0
00322,000004491003,20260630,23,0
00322,000004492001,20260628,19,0
00322,000004492001,20260629,14,0
00322,000004492001,20260630,13,0
00322,000004492002,20260628,27,0
00322,000004492002,20260629,21,0
00322,000004492002,20260630,17,0
00322,000004492003,20260628,27,0
00322,000004492003,20260629,26,0
00322,000004492003,20260630,22,0
00322,000004493001,20260628,24,0
00322,000004493001,20260629,20,0
00322,000004493001,20260630,15,0
00322,000000005012,20260628,19,0
00322,000000005012,20260629,-1,0
00322,000000005012,20260630,9,0
00322,000000005013,20260628,2,24
00322,000000005013,20260629,36,36
00322,000000005013,20260630,28,0
00322,000000005101,20260628,25,0
00322,000000005101,20260629,24,0
00322,000000005101,20260630,18,0
00322,000000005102,20260628,35,0
00322,000000005102,20260629,31,0
00322,000000005102,20260630,24,0
00322,000000005103,20260628,36,0
00322,000000005103,20260629,29,0
00322,000000005103,20260630,26,0
00322,000000005201,20260628,6,0
00322,000000005201,20260629,25,24
00322,000000005201,20260630,20,0
00322,000000005202,20260628,26,0
00322,000000005202,20260629,22,0
00322,000000005202,20260630,16,0
00322,000000005301,20260628,29,0
00322,000000005301,20260629,24,0
00322,000000005301,20260630,23,0
00322,000000005302,20260628,6,0
00322,000000005302,20260629,35,36
00322,000000005302,20260630,33,0
00322,000000551021,20260628,24,0
00322,000000551021,20260629,22,0
00322,000000551021,20260630,21,0
00322,000000552002,20260628,36,0
00322,000000552002,20260629,33,0
00322,000000552002,20260630,30,0
00322,000000561001,20260628,20,0
00322,000000561001,20260629,17,0
00322,000000561001,20260630,16,0
00322,000000561002,20260628,18,0
00322,000000561002,20260629,13,0
00322,000000561002,20260630,9,0
00322,000000562001,20260628,7,0
00322,000000562001,20260629,6,24
00322,000000562001,20260630,1,24
00322,000000562002,20260628,37,0
00322,000000562002,20260629,34,0
00322,000000562002,20260630,33,0
00322,000000093322,20260628,32.419,0
00322,000000093322,20260629,27.774,0
00322,000000093322,20260630,23.814,0
00322,000000093325,20260628,25.996,0
00322,000000093325,20260629,20.619,0
00322,000000093325,20260630,12.546,0
00322,000000093401,20260628,9.159,0
00322,000000093401,20260629,4.194,24
00322,000000093401,20260630,0.455,36
00322,000000093402,20260628,30.400,0
00322,000000093402,20260629,25.535,0
00322,000000093402,20260630,22.725,0
00322,000000093501,20260628,5,36
00322,000000093501,20260629,39,36
00322,000000093501,20260630,37,0
00322,000000093502,20260628,15,0
00322,000000093502,20260629,10,0
00322,000000093502,20260630,3,36
00322,000000093503,20260628,32,0
00322,000000093503,20260629,30,0
00322,000000093503,20260630,25,0
00322,000000094102,20260628,11,0
00322,000000094102,20260629,8,0
00322,000000094102,20260630,27,24
00322,000000094103,20260628,26,0
00322,000000094103,20260629,21,0
00322,000000094103,20260630,13,0
00322,000000094202,20260628,8.966,0
00322,000000094202,20260629,39.089,36
00322,000000094202,20260630,33.125,0
00322,000000094203,20260628,11.188,0
00322,000000094203,20260629,8.387,0
00322,000000094203,20260630,3.946,24
