rate_date,from_currency,rate_to_usd,is_carried_forward
2025-01-02,CAD,0.7315,0
2025-01-03,CAD,0.7347,0
2025-01-04,CAD,0.7347,1
2025-01-05,CAD,0.7347,1
2025-01-06,CAD,0.7391,0
2025-01-07,CAD,0.7389,0
2025-01-08,CAD,0.7386,0
2025-01-09,CAD,0.7383,0
2025-01-10,CAD,0.7344,0
2025-01-11,CAD,0.7344,1
2025-01-12,CAD,0.7344,1
2025-01-13,CAD,0.743,0
2025-01-14,CAD,0.7418,0
2025-01-15,CAD,0.7426,0
2025-01-16,CAD,0.7458,0
2025-01-17,CAD,0.7474,0
2025-01-18,CAD,0.7474,1
2025-01-19,CAD,0.7474,1
2025-01-20,CAD,0.7459,0
2025-01-21,CAD,0.745,0
2025-01-22,CAD,0.7428,0
2025-01-23,CAD,0.7444,0
2025-01-24,CAD,0.7438,0
2025-01-25,CAD,0.7438,1
2025-01-26,CAD,0.7438,1
2025-01-27,CAD,0.7375,0
2025-01-28,CAD,0.7372,0
2025-01-29,CAD,0.7398,0
2025-01-30,CAD,0.7382,0
2025-01-31,CAD,0.7369,0
2025-02-01,CAD,0.7369,1
2025-02-02,CAD,0.7369,1
2025-02-03,CAD,0.7392,0
2025-02-04,CAD,0.7437,0
2025-02-05,CAD,0.7458,0
2025-02-06,CAD,0.7464,0
2025-02-07,CAD,0.7497,0
2025-02-08,CAD,0.7497,1
2025-02-09,CAD,0.7497,1
2025-02-10,CAD,0.7463,0
2025-02-11,CAD,0.7397,0
2025-02-12,CAD,0.738,0
2025-02-13,CAD,0.7348,0
2025-02-14,CAD,0.7326,0
2025-02-15,CAD,0.7326,1
2025-02-16,CAD,0.7326,1
2025-02-17,CAD,0.734,0
2025-02-18,CAD,0.7378,0
2025-02-19,CAD,0.7356,0
2025-02-20,CAD,0.7391,0
2025-02-21,CAD,0.7356,0
2025-02-22,CAD,0.7356,1
2025-02-23,CAD,0.7356,1
2025-02-24,CAD,0.7324,0
2025-02-25,CAD,0.7295,0
2025-02-26,CAD,0.7304,0
2025-02-27,CAD,0.726,0
2025-02-28,CAD,0.7272,0
2025-03-01,CAD,0.7272,1
2025-03-02,CAD,0.7272,1
2025-03-03,CAD,0.7263,0
2025-03-04,CAD,0.7271,0
2025-03-05,CAD,0.7294,0
2025-03-06,CAD,0.7342,0
2025-03-07,CAD,0.7322,0
2025-03-08,CAD,0.7322,1
2025-03-09,CAD,0.7322,1
2025-03-10,CAD,0.7391,0
2025-03-11,CAD,0.7388,0
2025-03-12,CAD,0.7383,0
2025-03-13,CAD,0.7368,0
2025-03-14,CAD,0.7354,0
2025-03-15,CAD,0.7354,1
2025-03-16,CAD,0.7354,1
2025-03-17,CAD,0.7336,0
2025-03-18,CAD,0.7349,0
2025-03-19,CAD,0.7378,0
2025-03-20,CAD,0.7373,0
2025-03-21,CAD,0.7349,0
2025-03-22,CAD,0.7349,1
2025-03-23,CAD,0.7349,1
2025-03-24,CAD,0.7393,0
2025-03-25,CAD,0.7419,0
2025-03-26,CAD,0.7404,0
2025-03-27,CAD,0.7401,0
2025-03-28,CAD,0.7387,0
2025-03-29,CAD,0.7387,1
2025-03-30,CAD,0.7387,1
2025-03-31,CAD,0.7353,0
2025-04-01,CAD,0.7339,0
2025-04-02,CAD,0.7339,0
2025-04-03,CAD,0.7295,0
2025-04-04,CAD,0.7258,0
2025-04-05,CAD,0.7258,1
2025-04-06,CAD,0.7258,1
2025-04-07,CAD,0.7287,0
2025-04-08,CAD,0.7268,0
2025-04-09,CAD,0.7228,0
2025-04-10,CAD,0.7202,0
2025-04-11,CAD,0.723,0
2025-04-12,CAD,0.723,1
2025-04-13,CAD,0.723,1
2025-04-14,CAD,0.7261,0
2025-04-15,CAD,0.723,0
2025-04-16,CAD,0.7199,0
2025-04-17,CAD,0.7225,0
2025-04-18,CAD,0.7225,1
2025-04-19,CAD,0.7225,1
2025-04-20,CAD,0.7225,1
2025-04-21,CAD,0.728,0
2025-04-22,CAD,0.7307,0
2025-04-23,CAD,0.7353,0
2025-04-24,CAD,0.7372,0
2025-04-25,CAD,0.7409,0
2025-04-26,CAD,0.7409,1
2025-04-27,CAD,0.7409,1
2025-04-28,CAD,0.7417,0
2025-04-29,CAD,0.7445,0
2025-04-30,CAD,0.7421,0
2025-05-01,CAD,0.7427,0
2025-05-02,CAD,0.7457,0
2025-05-03,CAD,0.7457,1
2025-05-04,CAD,0.7457,1
2025-05-05,CAD,0.747,0
2025-05-06,CAD,0.7472,0
2025-05-07,CAD,0.7533,0
2025-05-08,CAD,0.7517,0
2025-05-09,CAD,0.7479,0
2025-05-10,CAD,0.7479,1
2025-05-11,CAD,0.7479,1
2025-05-12,CAD,0.7477,0
2025-05-13,CAD,0.7461,0
2025-05-14,CAD,0.749,0
2025-05-15,CAD,0.7479,0
2025-05-16,CAD,0.7505,0
2025-05-17,CAD,0.7505,1
2025-05-18,CAD,0.7505,1
2025-05-19,CAD,0.7522,0
2025-05-20,CAD,0.752,0
2025-05-21,CAD,0.7558,0
2025-05-22,CAD,0.7571,0
2025-05-23,CAD,0.7563,0
2025-05-24,CAD,0.7563,1
2025-05-25,CAD,0.7563,1
2025-05-26,CAD,0.7541,0
2025-05-27,CAD,0.7534,0
2025-05-28,CAD,0.7557,0
2025-05-29,CAD,0.7549,0
2025-05-30,CAD,0.7564,0
2025-05-31,CAD,0.7564,1
2025-06-01,CAD,0.7564,1
2025-06-02,CAD,0.7572,0
2025-06-03,CAD,0.7564,0
2025-06-04,CAD,0.7543,0
2025-06-05,CAD,0.7513,0
2025-06-06,CAD,0.7489,0
2025-06-07,CAD,0.7489,1
2025-06-08,CAD,0.7489,1
2025-06-09,CAD,0.7569,0
2025-06-10,CAD,0.7565,0
2025-06-11,CAD,0.7559,0
2025-06-12,CAD,0.7536,0
2025-06-13,CAD,0.7571,0
2025-06-14,CAD,0.7571,1
2025-06-15,CAD,0.7571,1
2025-06-16,CAD,0.7508,0
2025-06-17,CAD,0.7538,0
2025-06-18,CAD,0.7528,0
2025-06-19,CAD,0.755,0
2025-06-20,CAD,0.7552,0
2025-06-21,CAD,0.7552,1
2025-06-22,CAD,0.7552,1
2025-06-23,CAD,0.7526,0
2025-06-24,CAD,0.751,0
2025-06-25,CAD,0.7522,0
2025-06-26,CAD,0.7555,0
2025-06-27,CAD,0.7582,0
2025-06-28,CAD,0.7582,1
2025-06-29,CAD,0.7582,1
2025-06-30,CAD,0.7573,0
2025-07-01,CAD,0.7573,1
2025-07-02,CAD,0.7578,0
2025-07-03,CAD,0.7549,0
2025-07-04,CAD,0.7553,0
2025-07-05,CAD,0.7553,1
2025-07-06,CAD,0.7553,1
2025-07-07,CAD,0.7581,0
2025-07-08,CAD,0.755,0
2025-07-09,CAD,0.7549,0
2025-07-10,CAD,0.7556,0
2025-07-11,CAD,0.7565,0
2025-07-12,CAD,0.7565,1
2025-07-13,CAD,0.7565,1
2025-07-14,CAD,0.7563,0
2025-07-15,CAD,0.7542,0
2025-07-16,CAD,0.7548,0
2025-07-17,CAD,0.7543,0
2025-07-18,CAD,0.7553,0
2025-07-19,CAD,0.7553,1
2025-07-20,CAD,0.7553,1
2025-07-21,CAD,0.7561,0
2025-07-22,CAD,0.7531,0
2025-07-23,CAD,0.7483,0
2025-07-24,CAD,0.749,0
2025-07-25,CAD,0.7472,0
2025-07-26,CAD,0.7472,1
2025-07-27,CAD,0.7472,1
2025-07-28,CAD,0.7448,0
2025-07-29,CAD,0.7508,0
2025-07-30,CAD,0.7526,0
2025-07-31,CAD,0.7521,0
2025-08-01,CAD,0.757,0
2025-08-02,CAD,0.757,1
2025-08-03,CAD,0.757,1
2025-08-04,CAD,0.7571,0
2025-08-05,CAD,0.761,0
2025-08-06,CAD,0.7612,0
2025-08-07,CAD,0.7606,0
2025-08-08,CAD,0.7589,0
2025-08-09,CAD,0.7589,1
2025-08-10,CAD,0.7589,1
2025-08-11,CAD,0.7525,0
2025-08-12,CAD,0.7549,0
2025-08-13,CAD,0.7572,0
2025-08-14,CAD,0.7564,0
2025-08-15,CAD,0.7565,0
2025-08-16,CAD,0.7565,1
2025-08-17,CAD,0.7565,1
2025-08-18,CAD,0.7531,0
2025-08-19,CAD,0.7533,0
2025-08-20,CAD,0.7566,0
2025-08-21,CAD,0.7602,0
2025-08-22,CAD,0.7553,0
2025-08-23,CAD,0.7553,1
2025-08-24,CAD,0.7553,1
2025-08-25,CAD,0.7548,0
2025-08-26,CAD,0.7563,0
2025-08-27,CAD,0.758,0
2025-08-28,CAD,0.7596,0
2025-08-29,CAD,0.7554,0
2025-08-30,CAD,0.7554,1
2025-08-31,CAD,0.7554,1
2025-09-01,CAD,0.7531,0
2025-09-02,CAD,0.7569,0
2025-09-03,CAD,0.7525,0
2025-09-04,CAD,0.7523,0
2025-09-05,CAD,0.7497,0
2025-09-06,CAD,0.7497,1
2025-09-07,CAD,0.7497,1
2025-09-08,CAD,0.7516,0
2025-09-09,CAD,0.7493,0
2025-09-10,CAD,0.7494,0
2025-09-11,CAD,0.7472,0
2025-09-12,CAD,0.7508,0
2025-09-13,CAD,0.7508,1
2025-09-14,CAD,0.7508,1
2025-09-15,CAD,0.7447,0
2025-09-16,CAD,0.7475,0
2025-09-17,CAD,0.7519,0
2025-09-18,CAD,0.7509,0
2025-09-19,CAD,0.7493,0
2025-09-20,CAD,0.7493,1
2025-09-21,CAD,0.7493,1
2025-09-22,CAD,0.7507,0
2025-09-23,CAD,0.755,0
2025-09-24,CAD,0.7596,0
2025-09-25,CAD,0.765,0
2025-09-26,CAD,0.7615,0
2025-09-27,CAD,0.7615,1
2025-09-28,CAD,0.7615,1
2025-09-29,CAD,0.7594,0
2025-09-30,CAD,0.7606,0
2025-10-01,CAD,0.7637,0
2025-10-02,CAD,0.7595,0
2025-10-03,CAD,0.7638,0
2025-10-04,CAD,0.7638,1
2025-10-05,CAD,0.7638,1
2025-10-06,CAD,0.765,0
2025-10-07,CAD,0.7639,0
2025-10-08,CAD,0.7625,0
2025-10-09,CAD,0.7637,0
2025-10-10,CAD,0.7634,0
2025-10-11,CAD,0.7634,1
2025-10-12,CAD,0.7634,1
2025-10-13,CAD,0.7635,0
2025-10-14,CAD,0.7595,0
2025-10-15,CAD,0.7602,0
2025-10-16,CAD,0.7595,0
2025-10-17,CAD,0.7617,0
2025-10-18,CAD,0.7617,1
2025-10-19,CAD,0.7617,1
2025-10-20,CAD,0.7638,0
2025-10-21,CAD,0.7617,0
2025-10-22,CAD,0.7593,0
2025-10-23,CAD,0.7598,0
2025-10-24,CAD,0.7608,0
2025-10-25,CAD,0.7608,1
2025-10-26,CAD,0.7608,1
2025-10-27,CAD,0.7614,0
2025-10-28,CAD,0.761,0
2025-10-29,CAD,0.7541,0
2025-10-30,CAD,0.7499,0
2025-10-31,CAD,0.7469,0
2025-11-01,CAD,0.7469,1
2025-11-02,CAD,0.7469,1
2025-11-03,CAD,0.7454,0
2025-11-04,CAD,0.7459,0
2025-11-05,CAD,0.7486,0
2025-11-06,CAD,0.7468,0
2025-11-07,CAD,0.7448,0
2025-11-08,CAD,0.7448,1
2025-11-09,CAD,0.7448,1
2025-11-10,CAD,0.7472,0
2025-11-11,CAD,0.7475,0
2025-11-12,CAD,0.7455,0
2025-11-13,CAD,0.7477,0
2025-11-14,CAD,0.7476,0
2025-11-15,CAD,0.7476,1
2025-11-16,CAD,0.7476,1
2025-11-17,CAD,0.7462,0
2025-11-18,CAD,0.7491,0
2025-11-19,CAD,0.7483,0
2025-11-20,CAD,0.7489,0
2025-11-21,CAD,0.7474,0
2025-11-22,CAD,0.7474,1
2025-11-23,CAD,0.7474,1
2025-11-24,CAD,0.7416,0
2025-11-25,CAD,0.74,0
2025-11-26,CAD,0.7415,0
2025-11-27,CAD,0.7422,0
2025-11-28,CAD,0.7452,0
2025-11-29,CAD,0.7452,1
2025-11-30,CAD,0.7452,1
2025-12-01,CAD,0.7511,0
2025-12-02,CAD,0.7532,0
2025-12-03,CAD,0.7545,0
2025-12-04,CAD,0.7556,0
2025-12-05,CAD,0.7557,0
2025-12-06,CAD,0.7557,1
2025-12-07,CAD,0.7557,1
2025-12-08,CAD,0.7598,0
2025-12-09,CAD,0.7632,0
2025-12-10,CAD,0.7626,0
2025-12-11,CAD,0.7627,0
2025-12-12,CAD,0.7642,0
2025-12-13,CAD,0.7642,1
2025-12-14,CAD,0.7642,1
2025-12-15,CAD,0.7638,0
2025-12-16,CAD,0.7596,0
2025-12-17,CAD,0.7608,0
2025-12-18,CAD,0.7631,0
2025-12-19,CAD,0.7614,0
2025-12-20,CAD,0.7614,1
2025-12-21,CAD,0.7614,1
2025-12-22,CAD,0.7611,0
2025-12-23,CAD,0.7637,0
2025-12-24,CAD,0.7613,0
2025-12-25,CAD,0.7613,1
2025-12-26,CAD,0.765,0
2025-12-27,CAD,0.765,1
2025-12-28,CAD,0.765,1
2025-12-29,CAD,0.762,0
2025-12-30,CAD,0.7577,0
2025-12-31,CAD,0.7574,0
2026-01-01,CAD,0.7574,1
2026-01-02,CAD,0.7536,0
2026-01-03,CAD,0.7536,1
2026-01-04,CAD,0.7536,1
2026-01-05,CAD,0.754,0
2026-01-06,CAD,0.7515,0
2026-01-07,CAD,0.75,0
2026-01-08,CAD,0.7495,0
2026-01-09,CAD,0.7484,0
2026-01-10,CAD,0.7484,1
2026-01-11,CAD,0.7484,1
2026-01-12,CAD,0.7481,0
2026-01-13,CAD,0.7475,0
2026-01-14,CAD,0.7459,0
2026-01-15,CAD,0.7469,0
2026-01-16,CAD,0.743,0
2026-01-17,CAD,0.743,1
2026-01-18,CAD,0.743,1
2026-01-19,CAD,0.7507,0
2026-01-20,CAD,0.7494,0
2026-01-21,CAD,0.7514,0
2026-01-22,CAD,0.7504,0
2026-01-23,CAD,0.7519,0
2026-01-24,CAD,0.7519,1
2026-01-25,CAD,0.7519,1
2026-01-26,CAD,0.7503,0
2026-01-27,CAD,0.75,0
2026-01-28,CAD,0.7448,0
2026-01-29,CAD,0.7487,0
2026-01-30,CAD,0.7476,0
2026-01-31,CAD,0.7476,1
2026-02-01,CAD,0.7476,1
2026-02-02,CAD,0.7421,0
2026-02-03,CAD,0.7403,0
2026-02-04,CAD,0.7406,0
2026-02-05,CAD,0.7437,0
2026-02-06,CAD,0.7439,0
2026-02-07,CAD,0.7439,1
2026-02-08,CAD,0.7439,1
2026-02-09,CAD,0.74,0
2026-02-10,CAD,0.7401,0
2026-02-11,CAD,0.7434,0
2026-02-12,CAD,0.7447,0
2026-02-13,CAD,0.7436,0
2026-02-14,CAD,0.7436,1
2026-02-15,CAD,0.7436,1
2026-02-16,CAD,0.7384,0
2026-02-17,CAD,0.7398,0
2026-02-18,CAD,0.7373,0
2026-02-19,CAD,0.7341,0
2026-02-20,CAD,0.7354,0
2026-02-21,CAD,0.7354,1
2026-02-22,CAD,0.7354,1
2026-02-23,CAD,0.733,0
2026-02-24,CAD,0.736,0
2026-02-25,CAD,0.7349,0
2026-02-26,CAD,0.7347,0
2026-02-27,CAD,0.7366,0
2026-02-28,CAD,0.7366,1
2026-03-01,CAD,0.7366,1
2026-03-02,CAD,0.7312,0
2026-03-03,CAD,0.7286,0
2026-03-04,CAD,0.7297,0
2026-03-05,CAD,0.7322,0
2026-03-06,CAD,0.7345,0
2026-03-07,CAD,0.7345,1
2026-03-08,CAD,0.7345,1
2026-03-09,CAD,0.7291,0
2026-03-10,CAD,0.7296,0
2026-03-11,CAD,0.7304,0
2026-03-12,CAD,0.7322,0
2026-03-13,CAD,0.7328,0
2026-03-14,CAD,0.7328,1
2026-03-15,CAD,0.7328,1
2026-03-16,CAD,0.7306,0
2026-03-17,CAD,0.7301,0
2026-03-18,CAD,0.7323,0
2026-03-19,CAD,0.7342,0
2026-03-20,CAD,0.7359,0
2026-03-21,CAD,0.7359,1
2026-03-22,CAD,0.7359,1
2026-03-23,CAD,0.7302,0
2026-03-24,CAD,0.7319,0
2026-03-25,CAD,0.7309,0
2026-03-26,CAD,0.7336,0
2026-03-27,CAD,0.7373,0
2026-03-28,CAD,0.7373,1
2026-03-29,CAD,0.7373,1
2026-03-30,CAD,0.7369,0
2026-03-31,CAD,0.7344,0
2026-04-01,CAD,0.7357,0
2026-04-02,CAD,0.7309,0
2026-04-03,CAD,0.7309,1
2026-04-04,CAD,0.7309,1
2026-04-05,CAD,0.7309,1
2026-04-06,CAD,0.7291,0
2026-04-07,CAD,0.7259,0
2026-04-08,CAD,0.7247,0
2026-04-09,CAD,0.7296,0
2026-04-10,CAD,0.7276,0
2026-04-11,CAD,0.7276,1
2026-04-12,CAD,0.7276,1
2026-04-13,CAD,0.7222,0
2026-04-14,CAD,0.7213,0
2026-04-15,CAD,0.7223,0
2026-04-16,CAD,0.7262,0
2026-04-17,CAD,0.7256,0
2026-04-18,CAD,0.7256,1
2026-04-19,CAD,0.7256,1
2026-04-20,CAD,0.7215,0
2026-04-21,CAD,0.7199,0
2026-04-22,CAD,0.718,0
2026-04-23,CAD,0.7224,0
2026-04-24,CAD,0.7242,0
2026-04-25,CAD,0.7242,1
2026-04-26,CAD,0.7242,1
2026-04-27,CAD,0.7158,0
2026-04-28,CAD,0.7141,0
2026-04-29,CAD,0.7137,0
2026-04-30,CAD,0.7158,0
2026-05-01,CAD,0.719,0
2026-05-02,CAD,0.719,1
2026-05-03,CAD,0.719,1
2026-05-04,CAD,0.7147,0
2026-05-05,CAD,0.7136,0
2026-05-06,CAD,0.7131,0
2026-05-07,CAD,0.7174,0
2026-05-08,CAD,0.7194,0
2026-05-09,CAD,0.7194,1
2026-05-10,CAD,0.7194,1
2026-05-11,CAD,0.721,0
2026-05-12,CAD,0.7157,0
2026-05-13,CAD,0.7161,0
2026-05-14,CAD,0.7157,0
2026-05-15,CAD,0.7176,0
2026-05-16,CAD,0.7176,1
2026-05-17,CAD,0.7176,1
2026-05-18,CAD,0.717,0
2026-05-19,CAD,0.715,0
2026-05-20,CAD,0.7138,0
2026-05-21,CAD,0.7159,0
2026-05-22,CAD,0.7163,0
2026-05-23,CAD,0.7163,1
2026-05-24,CAD,0.7163,1
2026-05-25,CAD,0.713,0
2026-05-26,CAD,0.7114,0
2026-05-27,CAD,0.7101,0
2026-05-28,CAD,0.709,0
2026-05-29,CAD,0.7116,0
2026-05-30,CAD,0.7116,1
2026-05-31,CAD,0.7116,1
2026-06-01,CAD,0.7103,0
2026-06-02,CAD,0.7094,0
2026-06-03,CAD,0.7088,0
2026-06-04,CAD,0.7102,0
2026-06-05,CAD,0.7099,0
2026-06-06,CAD,0.7099,1
2026-06-07,CAD,0.7099,1
2026-06-08,CAD,0.7127,0
2026-06-09,CAD,0.7141,0
2026-06-10,CAD,0.7169,0
2026-06-11,CAD,0.7194,0
2026-06-12,CAD,0.7186,0
2026-06-13,CAD,0.7186,1
2026-06-14,CAD,0.7186,1
2026-06-15,CAD,0.7131,0
2026-06-16,CAD,0.7163,0
2026-06-17,CAD,0.7175,0
2026-06-18,CAD,0.7174,0
2026-06-19,CAD,0.7164,0
2026-06-20,CAD,0.7164,1
2026-06-21,CAD,0.7164,1
2026-06-22,CAD,0.721,0
2026-06-23,CAD,0.7222,0
2026-06-24,CAD,0.7251,0
2026-06-25,CAD,0.7278,0
2026-06-26,CAD,0.724,0
2026-06-27,CAD,0.724,1
2026-06-28,CAD,0.724,1
2026-06-29,CAD,0.7175,0
2026-06-30,CAD,0.7179,0
2026-07-01,CAD,0.7179,1
2026-07-02,CAD,0.7132,0
2026-07-03,CAD,0.7165,0
2026-07-04,CAD,0.7165,1
2026-07-05,CAD,0.7165,1
2026-07-06,CAD,0.7134,0
2026-07-07,CAD,0.7122,0
2026-07-08,CAD,0.7106,0
2026-07-09,CAD,0.7132,0
2026-07-10,CAD,0.7118,0
2026-07-11,CAD,0.7118,1
2026-07-12,CAD,0.7118,1
2026-07-13,CAD,0.7095,0
2026-07-14,CAD,0.7097,0
2026-07-15,CAD,0.7085,0
2026-07-16,CAD,0.7087,0
2026-07-17,CAD,0.7067,0
2026-07-18,CAD,0.7067,1
2026-07-19,CAD,0.7067,1
2026-07-20,CAD,0.7105,0
2026-07-21,CAD,0.7068,0
2026-07-22,CAD,0.7059,0
2026-07-23,CAD,0.7049,0
2026-07-24,CAD,0.7047,0
2026-07-25,CAD,0.7047,1
2026-07-26,CAD,0.7047,1
2026-07-27,CAD,0.6953,0
2026-07-28,CAD,0.6965,0
2026-07-29,CAD,0.6982,0
2026-07-30,CAD,0.7015,0
2026-07-31,CAD,0.7049,0
2026-08-01,CAD,0.7049,1
2026-08-02,CAD,0.7049,1
2026-08-03,CAD,0.6952,0
2026-08-04,CAD,0.7,0
2026-08-05,CAD,0.6992,0
2026-08-06,CAD,0.695,0
2026-08-07,CAD,0.6988,0
2026-08-08,CAD,0.6988,1
2026-08-09,CAD,0.6988,1
2026-08-10,CAD,0.695,0
2026-08-11,CAD,0.6958,0
2026-08-12,CAD,0.6994,0
2026-08-13,CAD,0.6984,0
2026-08-14,CAD,0.6976,0
2026-08-15,CAD,0.6976,1
2026-08-16,CAD,0.6976,1
2026-08-17,CAD,0.6961,0
2026-08-18,CAD,0.6962,0
2026-08-19,CAD,0.6975,0
2026-08-20,CAD,0.6972,0
2026-08-21,CAD,0.6968,0
2026-08-22,CAD,0.6968,1
2026-08-23,CAD,0.6968,1
2026-08-24,CAD,0.6997,0
2026-08-25,CAD,0.6983,0
2026-08-26,CAD,0.6999,0
2026-08-27,CAD,0.7014,0
2026-08-28,CAD,0.7006,0
2026-08-29,CAD,0.7006,1
2026-08-30,CAD,0.7006,1
2026-08-31,CAD,0.7108,0
2026-09-01,CAD,0.708,0
2026-09-02,CAD,0.7155,0
2026-09-03,CAD,0.7167,0
2026-09-04,CAD,0.7191,0
2026-09-05,CAD,0.7191,1
2026-09-06,CAD,0.7191,1
2026-09-07,CAD,0.7182,0
2026-09-08,CAD,0.7185,0
2026-09-09,CAD,0.7214,0
2026-09-10,CAD,0.7245,0
2026-09-11,CAD,0.7258,0
2026-09-12,CAD,0.7258,1
2026-09-13,CAD,0.7258,1
2026-09-14,CAD,0.7336,0
2026-09-15,CAD,0.733,0
2026-09-16,CAD,0.7333,0
2026-09-17,CAD,0.7329,0
2026-09-18,CAD,0.7331,0
2026-09-19,CAD,0.7331,1
2026-09-20,CAD,0.7331,1
2026-09-21,CAD,0.7372,0
2026-09-22,CAD,0.7391,0
2026-09-23,CAD,0.7378,0
2026-09-24,CAD,0.7374,0
2026-09-25,CAD,0.7424,0
2026-09-26,CAD,0.7424,1
2026-09-27,CAD,0.7424,1
2025-01-02,USD,1.0,0
2025-01-03,USD,1.0,0
2025-01-04,USD,1.0,0
2025-01-05,USD,1.0,0
2025-01-06,USD,1.0,0
2025-01-07,USD,1.0,0
2025-01-08,USD,1.0,0
2025-01-09,USD,1.0,0
2025-01-10,USD,1.0,0
2025-01-11,USD,1.0,0
2025-01-12,USD,1.0,0
2025-01-13,USD,1.0,0
2025-01-14,USD,1.0,0
2025-01-15,USD,1.0,0
2025-01-16,USD,1.0,0
2025-01-17,USD,1.0,0
2025-01-18,USD,1.0,0
2025-01-19,USD,1.0,0
2025-01-20,USD,1.0,0
2025-01-21,USD,1.0,0
2025-01-22,USD,1.0,0
2025-01-23,USD,1.0,0
2025-01-24,USD,1.0,0
2025-01-25,USD,1.0,0
2025-01-26,USD,1.0,0
2025-01-27,USD,1.0,0
2025-01-28,USD,1.0,0
2025-01-29,USD,1.0,0
2025-01-30,USD,1.0,0
2025-01-31,USD,1.0,0
2025-02-01,USD,1.0,0
2025-02-02,USD,1.0,0
2025-02-03,USD,1.0,0
2025-02-04,USD,1.0,0
2025-02-05,USD,1.0,0
2025-02-06,USD,1.0,0
2025-02-07,USD,1.0,0
2025-02-08,USD,1.0,0
2025-02-09,USD,1.0,0
2025-02-10,USD,1.0,0
2025-02-11,USD,1.0,0
2025-02-12,USD,1.0,0
2025-02-13,USD,1.0,0
2025-02-14,USD,1.0,0
2025-02-15,USD,1.0,0
2025-02-16,USD,1.0,0
2025-02-17,USD,1.0,0
2025-02-18,USD,1.0,0
2025-02-19,USD,1.0,0
2025-02-20,USD,1.0,0
2025-02-21,USD,1.0,0
2025-02-22,USD,1.0,0
2025-02-23,USD,1.0,0
2025-02-24,USD,1.0,0
2025-02-25,USD,1.0,0
2025-02-26,USD,1.0,0
2025-02-27,USD,1.0,0
2025-02-28,USD,1.0,0
2025-03-01,USD,1.0,0
2025-03-02,USD,1.0,0
2025-03-03,USD,1.0,0
2025-03-04,USD,1.0,0
2025-03-05,USD,1.0,0
2025-03-06,USD,1.0,0
2025-03-07,USD,1.0,0
2025-03-08,USD,1.0,0
2025-03-09,USD,1.0,0
2025-03-10,USD,1.0,0
2025-03-11,USD,1.0,0
2025-03-12,USD,1.0,0
2025-03-13,USD,1.0,0
2025-03-14,USD,1.0,0
2025-03-15,USD,1.0,0
2025-03-16,USD,1.0,0
2025-03-17,USD,1.0,0
2025-03-18,USD,1.0,0
2025-03-19,USD,1.0,0
2025-03-20,USD,1.0,0
2025-03-21,USD,1.0,0
2025-03-22,USD,1.0,0
2025-03-23,USD,1.0,0
2025-03-24,USD,1.0,0
2025-03-25,USD,1.0,0
2025-03-26,USD,1.0,0
2025-03-27,USD,1.0,0
2025-03-28,USD,1.0,0
2025-03-29,USD,1.0,0
2025-03-30,USD,1.0,0
2025-03-31,USD,1.0,0
2025-04-01,USD,1.0,0
2025-04-02,USD,1.0,0
2025-04-03,USD,1.0,0
2025-04-04,USD,1.0,0
2025-04-05,USD,1.0,0
2025-04-06,USD,1.0,0
2025-04-07,USD,1.0,0
2025-04-08,USD,1.0,0
2025-04-09,USD,1.0,0
2025-04-10,USD,1.0,0
2025-04-11,USD,1.0,0
2025-04-12,USD,1.0,0
2025-04-13,USD,1.0,0
2025-04-14,USD,1.0,0
2025-04-15,USD,1.0,0
2025-04-16,USD,1.0,0
2025-04-17,USD,1.0,0
2025-04-18,USD,1.0,0
2025-04-19,USD,1.0,0
2025-04-20,USD,1.0,0
2025-04-21,USD,1.0,0
2025-04-22,USD,1.0,0
2025-04-23,USD,1.0,0
2025-04-24,USD,1.0,0
2025-04-25,USD,1.0,0
2025-04-26,USD,1.0,0
2025-04-27,USD,1.0,0
2025-04-28,USD,1.0,0
2025-04-29,USD,1.0,0
2025-04-30,USD,1.0,0
2025-05-01,USD,1.0,0
2025-05-02,USD,1.0,0
2025-05-03,USD,1.0,0
2025-05-04,USD,1.0,0
2025-05-05,USD,1.0,0
2025-05-06,USD,1.0,0
2025-05-07,USD,1.0,0
2025-05-08,USD,1.0,0
2025-05-09,USD,1.0,0
2025-05-10,USD,1.0,0
2025-05-11,USD,1.0,0
2025-05-12,USD,1.0,0
2025-05-13,USD,1.0,0
2025-05-14,USD,1.0,0
2025-05-15,USD,1.0,0
2025-05-16,USD,1.0,0
2025-05-17,USD,1.0,0
2025-05-18,USD,1.0,0
2025-05-19,USD,1.0,0
2025-05-20,USD,1.0,0
2025-05-21,USD,1.0,0
2025-05-22,USD,1.0,0
2025-05-23,USD,1.0,0
2025-05-24,USD,1.0,0
2025-05-25,USD,1.0,0
2025-05-26,USD,1.0,0
2025-05-27,USD,1.0,0
2025-05-28,USD,1.0,0
2025-05-29,USD,1.0,0
2025-05-30,USD,1.0,0
2025-05-31,USD,1.0,0
2025-06-01,USD,1.0,0
2025-06-02,USD,1.0,0
2025-06-03,USD,1.0,0
2025-06-04,USD,1.0,0
2025-06-05,USD,1.0,0
2025-06-06,USD,1.0,0
2025-06-07,USD,1.0,0
2025-06-08,USD,1.0,0
2025-06-09,USD,1.0,0
2025-06-10,USD,1.0,0
2025-06-11,USD,1.0,0
2025-06-12,USD,1.0,0
2025-06-13,USD,1.0,0
2025-06-14,USD,1.0,0
2025-06-15,USD,1.0,0
2025-06-16,USD,1.0,0
2025-06-17,USD,1.0,0
2025-06-18,USD,1.0,0
2025-06-19,USD,1.0,0
2025-06-20,USD,1.0,0
2025-06-21,USD,1.0,0
2025-06-22,USD,1.0,0
2025-06-23,USD,1.0,0
2025-06-24,USD,1.0,0
2025-06-25,USD,1.0,0
2025-06-26,USD,1.0,0
2025-06-27,USD,1.0,0
2025-06-28,USD,1.0,0
2025-06-29,USD,1.0,0
2025-06-30,USD,1.0,0
2025-07-01,USD,1.0,0
2025-07-02,USD,1.0,0
2025-07-03,USD,1.0,0
2025-07-04,USD,1.0,0
2025-07-05,USD,1.0,0
2025-07-06,USD,1.0,0
2025-07-07,USD,1.0,0
2025-07-08,USD,1.0,0
2025-07-09,USD,1.0,0
2025-07-10,USD,1.0,0
2025-07-11,USD,1.0,0
2025-07-12,USD,1.0,0
2025-07-13,USD,1.0,0
2025-07-14,USD,1.0,0
2025-07-15,USD,1.0,0
2025-07-16,USD,1.0,0
2025-07-17,USD,1.0,0
2025-07-18,USD,1.0,0
2025-07-19,USD,1.0,0
2025-07-20,USD,1.0,0
2025-07-21,USD,1.0,0
2025-07-22,USD,1.0,0
2025-07-23,USD,1.0,0
2025-07-24,USD,1.0,0
2025-07-25,USD,1.0,0
2025-07-26,USD,1.0,0
2025-07-27,USD,1.0,0
2025-07-28,USD,1.0,0
2025-07-29,USD,1.0,0
2025-07-30,USD,1.0,0
2025-07-31,USD,1.0,0
2025-08-01,USD,1.0,0
2025-08-02,USD,1.0,0
2025-08-03,USD,1.0,0
2025-08-04,USD,1.0,0
2025-08-05,USD,1.0,0
2025-08-06,USD,1.0,0
2025-08-07,USD,1.0,0
2025-08-08,USD,1.0,0
2025-08-09,USD,1.0,0
2025-08-10,USD,1.0,0
2025-08-11,USD,1.0,0
2025-08-12,USD,1.0,0
2025-08-13,USD,1.0,0
2025-08-14,USD,1.0,0
2025-08-15,USD,1.0,0
2025-08-16,USD,1.0,0
2025-08-17,USD,1.0,0
2025-08-18,USD,1.0,0
2025-08-19,USD,1.0,0
2025-08-20,USD,1.0,0
2025-08-21,USD,1.0,0
2025-08-22,USD,1.0,0
2025-08-23,USD,1.0,0
2025-08-24,USD,1.0,0
2025-08-25,USD,1.0,0
2025-08-26,USD,1.0,0
2025-08-27,USD,1.0,0
2025-08-28,USD,1.0,0
2025-08-29,USD,1.0,0
2025-08-30,USD,1.0,0
2025-08-31,USD,1.0,0
2025-09-01,USD,1.0,0
2025-09-02,USD,1.0,0
2025-09-03,USD,1.0,0
2025-09-04,USD,1.0,0
2025-09-05,USD,1.0,0
2025-09-06,USD,1.0,0
2025-09-07,USD,1.0,0
2025-09-08,USD,1.0,0
2025-09-09,USD,1.0,0
2025-09-10,USD,1.0,0
2025-09-11,USD,1.0,0
2025-09-12,USD,1.0,0
2025-09-13,USD,1.0,0
2025-09-14,USD,1.0,0
2025-09-15,USD,1.0,0
2025-09-16,USD,1.0,0
2025-09-17,USD,1.0,0
2025-09-18,USD,1.0,0
2025-09-19,USD,1.0,0
2025-09-20,USD,1.0,0
2025-09-21,USD,1.0,0
2025-09-22,USD,1.0,0
2025-09-23,USD,1.0,0
2025-09-24,USD,1.0,0
2025-09-25,USD,1.0,0
2025-09-26,USD,1.0,0
2025-09-27,USD,1.0,0
2025-09-28,USD,1.0,0
2025-09-29,USD,1.0,0
2025-09-30,USD,1.0,0
2025-10-01,USD,1.0,0
2025-10-02,USD,1.0,0
2025-10-03,USD,1.0,0
2025-10-04,USD,1.0,0
2025-10-05,USD,1.0,0
2025-10-06,USD,1.0,0
2025-10-07,USD,1.0,0
2025-10-08,USD,1.0,0
2025-10-09,USD,1.0,0
2025-10-10,USD,1.0,0
2025-10-11,USD,1.0,0
2025-10-12,USD,1.0,0
2025-10-13,USD,1.0,0
2025-10-14,USD,1.0,0
2025-10-15,USD,1.0,0
2025-10-16,USD,1.0,0
2025-10-17,USD,1.0,0
2025-10-18,USD,1.0,0
2025-10-19,USD,1.0,0
2025-10-20,USD,1.0,0
2025-10-21,USD,1.0,0
2025-10-22,USD,1.0,0
2025-10-23,USD,1.0,0
2025-10-24,USD,1.0,0
2025-10-25,USD,1.0,0
2025-10-26,USD,1.0,0
2025-10-27,USD,1.0,0
2025-10-28,USD,1.0,0
2025-10-29,USD,1.0,0
2025-10-30,USD,1.0,0
2025-10-31,USD,1.0,0
2025-11-01,USD,1.0,0
2025-11-02,USD,1.0,0
2025-11-03,USD,1.0,0
2025-11-04,USD,1.0,0
2025-11-05,USD,1.0,0
2025-11-06,USD,1.0,0
2025-11-07,USD,1.0,0
2025-11-08,USD,1.0,0
2025-11-09,USD,1.0,0
2025-11-10,USD,1.0,0
2025-11-11,USD,1.0,0
2025-11-12,USD,1.0,0
2025-11-13,USD,1.0,0
2025-11-14,USD,1.0,0
2025-11-15,USD,1.0,0
2025-11-16,USD,1.0,0
2025-11-17,USD,1.0,0
2025-11-18,USD,1.0,0
2025-11-19,USD,1.0,0
2025-11-20,USD,1.0,0
2025-11-21,USD,1.0,0
2025-11-22,USD,1.0,0
2025-11-23,USD,1.0,0
2025-11-24,USD,1.0,0
2025-11-25,USD,1.0,0
2025-11-26,USD,1.0,0
2025-11-27,USD,1.0,0
2025-11-28,USD,1.0,0
2025-11-29,USD,1.0,0
2025-11-30,USD,1.0,0
2025-12-01,USD,1.0,0
2025-12-02,USD,1.0,0
2025-12-03,USD,1.0,0
2025-12-04,USD,1.0,0
2025-12-05,USD,1.0,0
2025-12-06,USD,1.0,0
2025-12-07,USD,1.0,0
2025-12-08,USD,1.0,0
2025-12-09,USD,1.0,0
2025-12-10,USD,1.0,0
2025-12-11,USD,1.0,0
2025-12-12,USD,1.0,0
2025-12-13,USD,1.0,0
2025-12-14,USD,1.0,0
2025-12-15,USD,1.0,0
2025-12-16,USD,1.0,0
2025-12-17,USD,1.0,0
2025-12-18,USD,1.0,0
2025-12-19,USD,1.0,0
2025-12-20,USD,1.0,0
2025-12-21,USD,1.0,0
2025-12-22,USD,1.0,0
2025-12-23,USD,1.0,0
2025-12-24,USD,1.0,0
2025-12-25,USD,1.0,0
2025-12-26,USD,1.0,0
2025-12-27,USD,1.0,0
2025-12-28,USD,1.0,0
2025-12-29,USD,1.0,0
2025-12-30,USD,1.0,0
2025-12-31,USD,1.0,0
2026-01-01,USD,1.0,0
2026-01-02,USD,1.0,0
2026-01-03,USD,1.0,0
2026-01-04,USD,1.0,0
2026-01-05,USD,1.0,0
2026-01-06,USD,1.0,0
2026-01-07,USD,1.0,0
2026-01-08,USD,1.0,0
2026-01-09,USD,1.0,0
2026-01-10,USD,1.0,0
2026-01-11,USD,1.0,0
2026-01-12,USD,1.0,0
2026-01-13,USD,1.0,0
2026-01-14,USD,1.0,0
2026-01-15,USD,1.0,0
2026-01-16,USD,1.0,0
2026-01-17,USD,1.0,0
2026-01-18,USD,1.0,0
2026-01-19,USD,1.0,0
2026-01-20,USD,1.0,0
2026-01-21,USD,1.0,0
2026-01-22,USD,1.0,0
2026-01-23,USD,1.0,0
2026-01-24,USD,1.0,0
2026-01-25,USD,1.0,0
2026-01-26,USD,1.0,0
2026-01-27,USD,1.0,0
2026-01-28,USD,1.0,0
2026-01-29,USD,1.0,0
2026-01-30,USD,1.0,0
2026-01-31,USD,1.0,0
2026-02-01,USD,1.0,0
2026-02-02,USD,1.0,0
2026-02-03,USD,1.0,0
2026-02-04,USD,1.0,0
2026-02-05,USD,1.0,0
2026-02-06,USD,1.0,0
2026-02-07,USD,1.0,0
2026-02-08,USD,1.0,0
2026-02-09,USD,1.0,0
2026-02-10,USD,1.0,0
2026-02-11,USD,1.0,0
2026-02-12,USD,1.0,0
2026-02-13,USD,1.0,0
2026-02-14,USD,1.0,0
2026-02-15,USD,1.0,0
2026-02-16,USD,1.0,0
2026-02-17,USD,1.0,0
2026-02-18,USD,1.0,0
2026-02-19,USD,1.0,0
2026-02-20,USD,1.0,0
2026-02-21,USD,1.0,0
2026-02-22,USD,1.0,0
2026-02-23,USD,1.0,0
2026-02-24,USD,1.0,0
2026-02-25,USD,1.0,0
2026-02-26,USD,1.0,0
2026-02-27,USD,1.0,0
2026-02-28,USD,1.0,0
2026-03-01,USD,1.0,0
2026-03-02,USD,1.0,0
2026-03-03,USD,1.0,0
2026-03-04,USD,1.0,0
2026-03-05,USD,1.0,0
2026-03-06,USD,1.0,0
2026-03-07,USD,1.0,0
2026-03-08,USD,1.0,0
2026-03-09,USD,1.0,0
2026-03-10,USD,1.0,0
2026-03-11,USD,1.0,0
2026-03-12,USD,1.0,0
2026-03-13,USD,1.0,0
2026-03-14,USD,1.0,0
2026-03-15,USD,1.0,0
2026-03-16,USD,1.0,0
2026-03-17,USD,1.0,0
2026-03-18,USD,1.0,0
2026-03-19,USD,1.0,0
2026-03-20,USD,1.0,0
2026-03-21,USD,1.0,0
2026-03-22,USD,1.0,0
2026-03-23,USD,1.0,0
2026-03-24,USD,1.0,0
2026-03-25,USD,1.0,0
2026-03-26,USD,1.0,0
2026-03-27,USD,1.0,0
2026-03-28,USD,1.0,0
2026-03-29,USD,1.0,0
2026-03-30,USD,1.0,0
2026-03-31,USD,1.0,0
2026-04-01,USD,1.0,0
2026-04-02,USD,1.0,0
2026-04-03,USD,1.0,0
2026-04-04,USD,1.0,0
2026-04-05,USD,1.0,0
2026-04-06,USD,1.0,0
2026-04-07,USD,1.0,0
2026-04-08,USD,1.0,0
2026-04-09,USD,1.0,0
2026-04-10,USD,1.0,0
2026-04-11,USD,1.0,0
2026-04-12,USD,1.0,0
2026-04-13,USD,1.0,0
2026-04-14,USD,1.0,0
2026-04-15,USD,1.0,0
2026-04-16,USD,1.0,0
2026-04-17,USD,1.0,0
2026-04-18,USD,1.0,0
2026-04-19,USD,1.0,0
2026-04-20,USD,1.0,0
2026-04-21,USD,1.0,0
2026-04-22,USD,1.0,0
2026-04-23,USD,1.0,0
2026-04-24,USD,1.0,0
2026-04-25,USD,1.0,0
2026-04-26,USD,1.0,0
2026-04-27,USD,1.0,0
2026-04-28,USD,1.0,0
2026-04-29,USD,1.0,0
2026-04-30,USD,1.0,0
2026-05-01,USD,1.0,0
2026-05-02,USD,1.0,0
2026-05-03,USD,1.0,0
2026-05-04,USD,1.0,0
2026-05-05,USD,1.0,0
2026-05-06,USD,1.0,0
2026-05-07,USD,1.0,0
2026-05-08,USD,1.0,0
2026-05-09,USD,1.0,0
2026-05-10,USD,1.0,0
2026-05-11,USD,1.0,0
2026-05-12,USD,1.0,0
2026-05-13,USD,1.0,0
2026-05-14,USD,1.0,0
2026-05-15,USD,1.0,0
2026-05-16,USD,1.0,0
2026-05-17,USD,1.0,0
2026-05-18,USD,1.0,0
2026-05-19,USD,1.0,0
2026-05-20,USD,1.0,0
2026-05-21,USD,1.0,0
2026-05-22,USD,1.0,0
2026-05-23,USD,1.0,0
2026-05-24,USD,1.0,0
2026-05-25,USD,1.0,0
2026-05-26,USD,1.0,0
2026-05-27,USD,1.0,0
2026-05-28,USD,1.0,0
2026-05-29,USD,1.0,0
2026-05-30,USD,1.0,0
2026-05-31,USD,1.0,0
2026-06-01,USD,1.0,0
2026-06-02,USD,1.0,0
2026-06-03,USD,1.0,0
2026-06-04,USD,1.0,0
2026-06-05,USD,1.0,0
2026-06-06,USD,1.0,0
2026-06-07,USD,1.0,0
2026-06-08,USD,1.0,0
2026-06-09,USD,1.0,0
2026-06-10,USD,1.0,0
2026-06-11,USD,1.0,0
2026-06-12,USD,1.0,0
2026-06-13,USD,1.0,0
2026-06-14,USD,1.0,0
2026-06-15,USD,1.0,0
2026-06-16,USD,1.0,0
2026-06-17,USD,1.0,0
2026-06-18,USD,1.0,0
2026-06-19,USD,1.0,0
2026-06-20,USD,1.0,0
2026-06-21,USD,1.0,0
2026-06-22,USD,1.0,0
2026-06-23,USD,1.0,0
2026-06-24,USD,1.0,0
2026-06-25,USD,1.0,0
2026-06-26,USD,1.0,0
2026-06-27,USD,1.0,0
2026-06-28,USD,1.0,0
2026-06-29,USD,1.0,0
2026-06-30,USD,1.0,0
2026-07-01,USD,1.0,0
2026-07-02,USD,1.0,0
2026-07-03,USD,1.0,0
2026-07-04,USD,1.0,0
2026-07-05,USD,1.0,0
2026-07-06,USD,1.0,0
2026-07-07,USD,1.0,0
2026-07-08,USD,1.0,0
2026-07-09,USD,1.0,0
2026-07-10,USD,1.0,0
2026-07-11,USD,1.0,0
2026-07-12,USD,1.0,0
2026-07-13,USD,1.0,0
2026-07-14,USD,1.0,0
2026-07-15,USD,1.0,0
2026-07-16,USD,1.0,0
2026-07-17,USD,1.0,0
2026-07-18,USD,1.0,0
2026-07-19,USD,1.0,0
2026-07-20,USD,1.0,0
2026-07-21,USD,1.0,0
2026-07-22,USD,1.0,0
2026-07-23,USD,1.0,0
2026-07-24,USD,1.0,0
2026-07-25,USD,1.0,0
2026-07-26,USD,1.0,0
2026-07-27,USD,1.0,0
2026-07-28,USD,1.0,0
2026-07-29,USD,1.0,0
2026-07-30,USD,1.0,0
2026-07-31,USD,1.0,0
2026-08-01,USD,1.0,0
2026-08-02,USD,1.0,0
2026-08-03,USD,1.0,0
2026-08-04,USD,1.0,0
2026-08-05,USD,1.0,0
2026-08-06,USD,1.0,0
2026-08-07,USD,1.0,0
2026-08-08,USD,1.0,0
2026-08-09,USD,1.0,0
2026-08-10,USD,1.0,0
2026-08-11,USD,1.0,0
2026-08-12,USD,1.0,0
2026-08-13,USD,1.0,0
2026-08-14,USD,1.0,0
2026-08-15,USD,1.0,0
2026-08-16,USD,1.0,0
2026-08-17,USD,1.0,0
2026-08-18,USD,1.0,0
2026-08-19,USD,1.0,0
2026-08-20,USD,1.0,0
2026-08-21,USD,1.0,0
2026-08-22,USD,1.0,0
2026-08-23,USD,1.0,0
2026-08-24,USD,1.0,0
2026-08-25,USD,1.0,0
2026-08-26,USD,1.0,0
2026-08-27,USD,1.0,0
2026-08-28,USD,1.0,0
2026-08-29,USD,1.0,0
2026-08-30,USD,1.0,0
2026-08-31,USD,1.0,0
2026-09-01,USD,1.0,0
2026-09-02,USD,1.0,0
2026-09-03,USD,1.0,0
2026-09-04,USD,1.0,0
2026-09-05,USD,1.0,0
2026-09-06,USD,1.0,0
2026-09-07,USD,1.0,0
2026-09-08,USD,1.0,0
2026-09-09,USD,1.0,0
2026-09-10,USD,1.0,0
2026-09-11,USD,1.0,0
2026-09-12,USD,1.0,0
2026-09-13,USD,1.0,0
2026-09-14,USD,1.0,0
2026-09-15,USD,1.0,0
2026-09-16,USD,1.0,0
2026-09-17,USD,1.0,0
2026-09-18,USD,1.0,0
2026-09-19,USD,1.0,0
2026-09-20,USD,1.0,0
2026-09-21,USD,1.0,0
2026-09-22,USD,1.0,0
2026-09-23,USD,1.0,0
2026-09-24,USD,1.0,0
2026-09-25,USD,1.0,0
2026-09-26,USD,1.0,0
2026-09-27,USD,1.0,0
