snapshot_date,store_id,product_id,on_hand_units,on_order_units,had_negative_stock
2026-06-28,1042,20101,21.0,0.0,0
2026-06-28,1042,20102,36.0,0.0,0
2026-06-28,1042,20103,32.0,0.0,0
2026-06-28,1042,20201,18.0,0.0,0
2026-06-28,1042,20202,28.0,0.0,0
2026-06-28,1042,30101,12.0,0.0,0
2026-06-28,1042,30102,33.0,0.0,0
2026-06-28,1042,30103,28.0,0.0,0
2026-06-28,1042,30201,26.0,0.0,0
2026-06-28,1042,30202,30.0,0.0,0
2026-06-28,1042,30203,21.0,0.0,0
2026-06-28,1042,31101,24.778,0.0,0
2026-06-28,1042,31102,20.903,0.0,0
2026-06-28,1042,40101,9.038,0.0,0
2026-06-28,1042,40102,17.4,12.0,0
2026-06-28,1042,40201,10.0,0.0,0
2026-06-28,1042,40202,41.0,36.0,0
2026-06-28,1042,40203,32.0,0.0,0
2026-06-28,1042,4471023,22.0,0.0,0
2026-06-28,1042,4471030,26.0,0.0,0
2026-06-28,1042,4471040,14.0,0.0,0
2026-06-28,1042,4472001,29.0,0.0,0
2026-06-28,1042,4472002,31.0,0.0,0
2026-06-28,1042,4472003,7.0,0.0,0
2026-06-28,1042,4473001,32.0,0.0,0
2026-06-28,1042,4473002,28.0,24.0,0
2026-06-28,1042,4473003,30.0,0.0,0
2026-06-28,1042,4481001,34.0,0.0,0
2026-06-28,1042,4481003,13.0,0.0,0
2026-06-28,1042,4482001,19.0,0.0,0
2026-06-28,1042,4482002,10.0,0.0,0
2026-06-28,1042,4482003,6.0,0.0,0
2026-06-28,1042,4483001,37.0,0.0,0
2026-06-28,1042,4483002,29.0,0.0,0
2026-06-28,1042,4491001,15.0,0.0,0
2026-06-28,1042,4491002,31.0,0.0,0
2026-06-28,1042,4491003,28.0,0.0,0
2026-06-28,1042,4492001,20.0,0.0,0
2026-06-28,1042,4492002,8.0,0.0,0
2026-06-28,1042,4492003,42.0,36.0,0
2026-06-28,1042,4493001,33.0,0.0,0
2026-06-28,1042,4493002,11.0,0.0,0
2026-06-28,1042,5012,19.0,0.0,0
2026-06-28,1042,5013,8.0,0.0,0
2026-06-28,1042,5020,6.0,0.0,0
2026-06-28,1042,5101,14.0,0.0,0
2026-06-28,1042,5102,6.0,0.0,0
2026-06-28,1042,5103,24.0,0.0,0
2026-06-28,1042,5201,12.0,0.0,0
2026-06-28,1042,5202,26.0,0.0,0
2026-06-28,1042,5301,1.0,12.0,0
2026-06-28,1042,5302,26.0,0.0,0
2026-06-28,1042,551020,18.0,0.0,0
2026-06-28,1042,551021,23.0,0.0,0
2026-06-28,1042,552001,18.0,0.0,0
2026-06-28,1042,552002,15.0,0.0,0
2026-06-28,1042,561001,23.0,0.0,0
2026-06-28,1042,561002,28.0,0.0,0
2026-06-28,1042,562001,28.0,0.0,0
2026-06-28,1042,562002,37.0,0.0,0
2026-06-28,1042,93321,15.066,0.0,0
2026-06-28,1042,93322,18.17,0.0,0
2026-06-28,1042,93325,14.754,0.0,0
2026-06-28,1042,93401,7.257,0.0,0
2026-06-28,1042,93402,34.819,0.0,0
2026-06-28,1042,93410,19.153,0.0,0
2026-06-28,1042,93501,31.0,0.0,0
2026-06-28,1042,93502,15.0,0.0,0
2026-06-28,1042,93503,15.0,0.0,0
2026-06-28,1042,94101,10.0,0.0,0
2026-06-28,1042,94102,10.0,0.0,0
2026-06-28,1042,94103,25.0,0.0,0
2026-06-28,1042,94201,17.741,0.0,0
2026-06-28,1042,94202,16.427,0.0,0
2026-06-28,1042,94203,14.488,0.0,0
2026-06-28,1042,94301,24.117,0.0,0
2026-06-28,1042,94302,4.601,12.0,0
2026-06-28,1107,20101,19.0,0.0,0
2026-06-28,1107,20102,28.0,0.0,0
2026-06-28,1107,20201,20.0,0.0,0
2026-06-28,1107,20202,25.0,0.0,0
2026-06-28,1107,30102,12.0,0.0,0
2026-06-28,1107,30201,36.0,0.0,0
2026-06-28,1107,30202,36.0,0.0,0
2026-06-28,1107,30203,29.0,24.0,0
2026-06-28,1107,31101,18.407,0.0,0
2026-06-28,1107,31102,24.258,0.0,0
2026-06-28,1107,40101,10.056,0.0,0
2026-06-28,1107,40102,15.116,0.0,0
2026-06-28,1107,40203,31.0,0.0,0
2026-06-28,1107,4471023,13.0,0.0,0
2026-06-28,1107,4471030,32.0,0.0,0
2026-06-28,1107,4471040,31.0,0.0,0
2026-06-28,1107,4472003,23.0,0.0,0
2026-06-28,1107,4473001,17.0,0.0,0
2026-06-28,1107,4473002,27.0,0.0,0
2026-06-28,1107,4473003,16.0,0.0,0
2026-06-28,1107,4482002,22.0,0.0,0
2026-06-28,1107,4482003,30.0,0.0,0
2026-06-28,1107,4483001,17.0,0.0,0
2026-06-28,1107,4491001,18.0,0.0,0
2026-06-28,1107,4491002,22.0,0.0,0
2026-06-28,1107,4491003,29.0,24.0,0
2026-06-28,1107,4492001,22.0,0.0,0
2026-06-28,1107,4492002,30.0,0.0,0
2026-06-28,1107,4492003,28.0,0.0,0
2026-06-28,1107,4493001,9.0,0.0,0
2026-06-28,1107,4493002,16.0,0.0,0
2026-06-28,1107,5012,29.0,0.0,0
2026-06-28,1107,5013,25.0,0.0,0
2026-06-28,1107,5101,12.0,0.0,0
2026-06-28,1107,5201,17.0,0.0,0
2026-06-28,1107,5301,10.0,0.0,0
2026-06-28,1107,552001,11.0,0.0,0
2026-06-28,1107,552002,30.0,0.0,0
2026-06-28,1107,562001,14.0,0.0,0
2026-06-28,1107,562002,23.0,0.0,0
2026-06-28,1107,93321,11.523,0.0,0
2026-06-28,1107,93322,15.618,0.0,0
2026-06-28,1107,93325,8.754,0.0,0
2026-06-28,1107,93402,36.375,0.0,0
2026-06-28,1107,93410,25.056,0.0,0
2026-06-28,1107,93501,32.0,0.0,0
2026-06-28,1107,93502,17.0,0.0,0
2026-06-28,1107,93503,13.0,0.0,0
2026-06-28,1107,94102,26.0,0.0,0
2026-06-28,1107,94103,15.0,0.0,0
2026-06-28,1107,94202,26.235,0.0,0
2026-06-28,1107,94203,26.634,0.0,0
2026-06-28,1107,94302,14.17,0.0,0
2026-06-28,2210,20101,16.0,0.0,0
2026-06-28,2210,20102,4.0,12.0,0
2026-06-28,2210,20103,13.0,0.0,0
2026-06-28,2210,20201,29.0,0.0,0
2026-06-28,2210,20202,21.0,0.0,0
2026-06-28,2210,30101,26.0,0.0,0
2026-06-28,2210,30102,13.0,0.0,0
2026-06-28,2210,30103,33.0,0.0,0
2026-06-28,2210,30201,11.0,0.0,0
2026-06-28,2210,30202,33.0,0.0,0
2026-06-28,2210,30203,16.0,0.0,0
2026-06-28,2210,31101,23.759,0.0,0
2026-06-28,2210,31102,22.685,0.0,0
2026-06-28,2210,40101,12.772,0.0,0
2026-06-28,2210,40102,10.284,0.0,0
2026-06-28,2210,40201,25.0,0.0,0
2026-06-28,2210,40202,32.0,0.0,0
2026-06-28,2210,40203,11.0,0.0,0
2026-06-28,2210,4471023,17.0,0.0,0
2026-06-28,2210,4471030,29.0,0.0,0
2026-06-28,2210,4471040,10.0,0.0,0
2026-06-28,2210,4472001,18.0,0.0,0
2026-06-28,2210,4472002,18.0,0.0,0
2026-06-28,2210,4472003,37.0,0.0,0
2026-06-28,2210,4473001,9.0,0.0,0
2026-06-28,2210,4473002,28.0,0.0,0
2026-06-28,2210,4473003,13.0,0.0,0
2026-06-28,2210,4481001,28.0,0.0,0
2026-06-28,2210,4481003,8.0,0.0,0
2026-06-28,2210,4482001,15.0,0.0,0
2026-06-28,2210,4482002,29.0,24.0,0
2026-06-28,2210,4482003,10.0,0.0,0
2026-06-28,2210,4483001,23.0,0.0,0
2026-06-28,2210,4483002,23.0,0.0,0
2026-06-28,2210,4491001,12.0,0.0,0
2026-06-28,2210,4491002,28.0,0.0,0
2026-06-28,2210,4491003,35.0,0.0,0
2026-06-28,2210,4492001,16.0,0.0,0
2026-06-28,2210,4492002,23.0,0.0,0
2026-06-28,2210,4492003,12.0,0.0,0
2026-06-28,2210,4493001,30.0,0.0,0
2026-06-28,2210,4493002,34.0,0.0,0
2026-06-28,2210,5012,12.0,0.0,0
2026-06-28,2210,5013,22.0,0.0,0
2026-06-28,2210,5020,15.0,0.0,0
2026-06-28,2210,5101,19.0,0.0,0
2026-06-28,2210,5102,18.0,0.0,0
2026-06-28,2210,5103,13.0,0.0,0
2026-06-28,2210,5201,18.0,0.0,0
2026-06-28,2210,5202,12.0,0.0,0
2026-06-28,2210,5301,29.0,0.0,0
2026-06-28,2210,5302,33.0,0.0,0
2026-06-28,2210,551020,14.0,0.0,0
2026-06-28,2210,551021,16.0,0.0,0
2026-06-28,2210,552001,25.0,0.0,0
2026-06-28,2210,552002,34.0,0.0,0
2026-06-28,2210,561001,26.0,0.0,0
2026-06-28,2210,561002,22.0,0.0,0
2026-06-28,2210,562001,26.0,0.0,0
2026-06-28,2210,562002,35.0,0.0,0
2026-06-28,2210,93321,31.425,0.0,0
2026-06-28,2210,93322,14.268,12.0,0
2026-06-28,2210,93325,9.18,0.0,0
2026-06-28,2210,93401,18.656,0.0,0
2026-06-28,2210,93402,31.448,0.0,0
2026-06-28,2210,93410,24.052,0.0,0
2026-06-28,2210,93501,14.0,0.0,0
2026-06-28,2210,93502,16.0,0.0,0
2026-06-28,2210,93503,15.0,0.0,0
2026-06-28,2210,94101,22.0,0.0,0
2026-06-28,2210,94102,10.0,0.0,0
2026-06-28,2210,94103,9.0,0.0,0
2026-06-28,2210,94201,18.899,0.0,0
2026-06-28,2210,94202,17.314,0.0,0
2026-06-28,2210,94203,6.707,0.0,0
2026-06-28,2210,94301,11.522,0.0,0
2026-06-28,2210,94302,18.553,0.0,0
2026-06-28,2305,20101,17.0,12.0,0
2026-06-28,2305,20102,29.0,0.0,0
2026-06-28,2305,20103,12.0,0.0,0
2026-06-28,2305,20201,20.0,0.0,0
2026-06-28,2305,20202,17.0,0.0,0
2026-06-28,2305,30101,22.0,0.0,0
2026-06-28,2305,30102,33.0,0.0,0
2026-06-28,2305,30103,9.0,0.0,0
2026-06-28,2305,30201,16.0,0.0,0
2026-06-28,2305,30202,21.0,0.0,0
2026-06-28,2305,30203,20.0,0.0,0
2026-06-28,2305,31101,16.687,0.0,0
2026-06-28,2305,31102,13.235,0.0,0
2026-06-28,2305,40101,27.761,24.0,0
2026-06-28,2305,40102,20.492,0.0,0
2026-06-28,2305,40201,29.0,0.0,0
2026-06-28,2305,40202,24.0,0.0,0
2026-06-28,2305,40203,27.0,0.0,0
2026-06-28,2305,4471023,23.0,0.0,0
2026-06-28,2305,4471030,4.0,36.0,0
2026-06-28,2305,4471040,13.0,0.0,0
2026-06-28,2305,4472001,12.0,0.0,0
2026-06-28,2305,4472002,8.0,0.0,0
2026-06-28,2305,4472003,28.0,0.0,0
2026-06-28,2305,4473001,7.0,0.0,0
2026-06-28,2305,4473002,20.0,0.0,0
2026-06-28,2305,4473003,21.0,0.0,0
2026-06-28,2305,4481001,9.0,0.0,0
2026-06-28,2305,4481003,31.0,0.0,0
2026-06-28,2305,4482001,15.0,0.0,0
2026-06-28,2305,4482002,28.0,0.0,0
2026-06-28,2305,4482003,28.0,0.0,0
2026-06-28,2305,4483001,29.0,0.0,0
2026-06-28,2305,4483002,34.0,0.0,0
2026-06-28,2305,4491001,18.0,0.0,0
2026-06-28,2305,4491002,34.0,0.0,0
2026-06-28,2305,4491003,6.0,0.0,0
2026-06-28,2305,4492001,25.0,0.0,0
2026-06-28,2305,4492002,7.0,0.0,0
2026-06-28,2305,4492003,17.0,0.0,0
2026-06-28,2305,4493001,34.0,0.0,0
2026-06-28,2305,4493002,29.0,0.0,0
2026-06-28,2305,5012,23.0,0.0,0
2026-06-28,2305,5013,33.0,0.0,0
2026-06-28,2305,5020,7.0,0.0,0
2026-06-28,2305,5101,34.0,0.0,0
2026-06-28,2305,5102,30.0,0.0,0
2026-06-28,2305,5103,14.0,0.0,0
2026-06-28,2305,5201,11.0,0.0,0
2026-06-28,2305,5202,22.0,0.0,0
2026-06-28,2305,5301,9.0,0.0,0
2026-06-28,2305,5302,11.0,0.0,0
2026-06-28,2305,551020,30.0,0.0,0
2026-06-28,2305,551021,12.0,0.0,0
2026-06-28,2305,552001,23.0,0.0,0
2026-06-28,2305,552002,17.0,0.0,0
2026-06-28,2305,561001,25.0,0.0,0
2026-06-28,2305,561002,13.0,0.0,0
2026-06-28,2305,562001,15.0,0.0,0
2026-06-28,2305,562002,6.0,0.0,0
2026-06-28,2305,93321,35.085,0.0,0
2026-06-28,2305,93322,19.715,0.0,0
2026-06-28,2305,93325,6.699,0.0,0
2026-06-28,2305,93401,4.412,36.0,0
2026-06-28,2305,93402,27.651,0.0,0
2026-06-28,2305,93410,32.32,0.0,0
2026-06-28,2305,93501,17.0,0.0,0
2026-06-28,2305,93502,18.0,0.0,0
2026-06-28,2305,93503,22.0,0.0,0
2026-06-28,2305,94101,32.0,0.0,0
2026-06-28,2305,94102,31.0,0.0,0
2026-06-28,2305,94103,36.0,0.0,0
2026-06-28,2305,94201,7.954,0.0,0
2026-06-28,2305,94202,13.794,0.0,0
2026-06-28,2305,94203,7.468,0.0,0
2026-06-28,2305,94301,23.383,0.0,0
2026-06-28,2305,94302,33.662,0.0,0
2026-06-28,3050,20101,10.0,0.0,0
2026-06-28,3050,20102,33.0,0.0,0
2026-06-28,3050,20103,11.0,0.0,0
2026-06-28,3050,20201,29.0,0.0,0
2026-06-28,3050,20202,17.0,12.0,0
2026-06-28,3050,30101,23.0,0.0,0
2026-06-28,3050,30102,16.0,0.0,0
2026-06-28,3050,30103,32.0,0.0,0
2026-06-28,3050,30201,14.0,0.0,0
2026-06-28,3050,30202,22.0,0.0,0
2026-06-28,3050,30203,6.0,12.0,0
2026-06-28,3050,31101,6.217,0.0,0
2026-06-28,3050,31102,30.624,0.0,0
2026-06-28,3050,40101,23.122,0.0,0
2026-06-28,3050,40102,30.322,0.0,0
2026-06-28,3050,40201,23.0,0.0,0
2026-06-28,3050,40202,22.0,0.0,0
2026-06-28,3050,40203,7.0,0.0,0
2026-06-28,3050,4471023,24.0,0.0,0
2026-06-28,3050,4471030,33.0,0.0,0
2026-06-28,3050,4471040,27.0,0.0,0
2026-06-28,3050,4472001,17.0,0.0,0
2026-06-28,3050,4472002,21.0,0.0,0
2026-06-28,3050,4472003,27.0,0.0,0
2026-06-28,3050,4473001,14.0,0.0,0
2026-06-28,3050,4473002,7.0,0.0,0
2026-06-28,3050,4473003,22.0,0.0,0
2026-06-28,3050,4481001,29.0,0.0,0
2026-06-28,3050,4481003,34.0,0.0,0
2026-06-28,3050,4482001,23.0,0.0,0
2026-06-28,3050,4482002,19.0,0.0,0
2026-06-28,3050,4482003,21.0,0.0,0
2026-06-28,3050,4483001,7.0,0.0,0
2026-06-28,3050,4483002,27.0,0.0,0
2026-06-28,3050,4491001,27.0,0.0,0
2026-06-28,3050,4491002,30.0,0.0,0
2026-06-28,3050,4491003,11.0,0.0,0
2026-06-28,3050,4492001,13.0,0.0,0
2026-06-28,3050,4492002,9.0,0.0,0
2026-06-28,3050,4492003,32.0,0.0,0
2026-06-28,3050,4493001,29.0,0.0,0
2026-06-28,3050,4493002,20.0,0.0,0
2026-06-28,3050,5012,18.0,0.0,0
2026-06-28,3050,5013,9.0,0.0,0
2026-06-28,3050,5020,25.0,0.0,0
2026-06-28,3050,5101,12.0,0.0,0
2026-06-28,3050,5102,17.0,12.0,0
2026-06-28,3050,5103,13.0,0.0,0
2026-06-28,3050,5201,22.0,0.0,0
2026-06-28,3050,5202,15.0,0.0,0
2026-06-28,3050,5301,30.0,0.0,0
2026-06-28,3050,5302,15.0,0.0,0
2026-06-28,3050,551020,25.0,0.0,0
2026-06-28,3050,551021,34.0,0.0,0
2026-06-28,3050,552001,17.0,0.0,0
2026-06-28,3050,552002,28.0,0.0,0
2026-06-28,3050,561001,10.0,0.0,0
2026-06-28,3050,561002,11.0,0.0,0
2026-06-28,3050,562001,6.0,12.0,0
2026-06-28,3050,562002,37.0,0.0,0
2026-06-28,3050,93321,7.135,0.0,0
2026-06-28,3050,93322,25.172,0.0,0
2026-06-28,3050,93325,24.349,0.0,0
2026-06-28,3050,93401,28.736,0.0,0
2026-06-28,3050,93402,22.147,0.0,0
2026-06-28,3050,93410,17.579,0.0,0
2026-06-28,3050,93501,17.0,0.0,0
2026-06-28,3050,93502,19.0,0.0,0
2026-06-28,3050,93503,33.0,0.0,0
2026-06-28,3050,94101,41.0,36.0,0
2026-06-28,3050,94102,25.0,0.0,0
2026-06-28,3050,94103,21.0,0.0,0
2026-06-28,3050,94201,11.236,0.0,0
2026-06-28,3050,94202,23.331,0.0,0
2026-06-28,3050,94203,26.231,0.0,0
2026-06-28,3050,94301,30.805,0.0,0
2026-06-28,3050,94302,14.183,12.0,0
2026-06-28,317,20101,33.0,0.0,0
2026-06-28,317,20102,25.0,0.0,0
2026-06-28,317,20103,22.0,0.0,0
2026-06-28,317,20201,5.0,12.0,0
2026-06-28,317,20202,36.0,0.0,0
2026-06-28,317,30101,8.0,0.0,0
2026-06-28,317,30102,23.0,0.0,0
2026-06-28,317,30103,33.0,0.0,0
2026-06-28,317,30201,25.0,0.0,0
2026-06-28,317,30202,13.0,0.0,0
2026-06-28,317,30203,13.0,0.0,0
2026-06-28,317,31101,28.589,0.0,0
2026-06-28,317,31102,33.559,0.0,0
2026-06-28,317,40101,12.595,0.0,0
2026-06-28,317,40102,2.018,36.0,0
2026-06-28,317,40201,7.0,0.0,0
2026-06-28,317,40202,29.0,0.0,0
2026-06-28,317,40203,32.0,0.0,0
2026-06-28,317,4471023,18.0,0.0,0
2026-06-28,317,4471030,36.0,0.0,0
2026-06-28,317,4471040,21.0,0.0,0
2026-06-28,317,4472001,26.0,0.0,0
2026-06-28,317,4472002,5.0,24.0,0
2026-06-28,317,4472003,32.0,0.0,0
2026-06-28,317,4472050,36.0,0.0,0
2026-06-28,317,4473001,28.0,0.0,0
2026-06-28,317,4473002,36.0,0.0,0
2026-06-28,317,4473003,17.0,0.0,0
2026-06-28,317,4481001,31.0,0.0,0
2026-06-28,317,4481003,12.0,0.0,0
2026-06-28,317,4482001,12.0,0.0,0
2026-06-28,317,4482002,22.0,0.0,0
2026-06-28,317,4482003,26.0,0.0,0
2026-06-28,317,4483001,15.0,0.0,0
2026-06-28,317,4483002,37.0,0.0,0
2026-06-28,317,4491001,26.0,0.0,0
2026-06-28,317,4491002,42.0,36.0,0
2026-06-28,317,4491003,18.0,0.0,0
2026-06-28,317,4492001,25.0,0.0,0
2026-06-28,317,4492002,21.0,0.0,0
2026-06-28,317,4492003,8.0,0.0,0
2026-06-28,317,4492050,16.0,0.0,0
2026-06-28,317,4493001,30.0,0.0,0
2026-06-28,317,4493002,12.0,0.0,0
2026-06-28,317,5012,7.0,0.0,0
2026-06-28,317,5013,5.0,12.0,0
2026-06-28,317,5020,11.0,0.0,0
2026-06-28,317,5101,18.0,12.0,0
2026-06-28,317,5102,13.0,0.0,0
2026-06-28,317,5103,34.0,0.0,0
2026-06-28,317,5201,12.0,0.0,0
2026-06-28,317,5202,25.0,0.0,0
2026-06-28,317,5301,22.0,0.0,0
2026-06-28,317,5302,18.0,0.0,0
2026-06-28,317,551020,7.0,0.0,0
2026-06-28,317,551021,23.0,0.0,0
2026-06-28,317,552001,17.0,0.0,0
2026-06-28,317,552002,26.0,0.0,0
2026-06-28,317,561001,21.0,0.0,0
2026-06-28,317,561002,22.0,0.0,0
2026-06-28,317,562001,27.0,0.0,0
2026-06-28,317,562002,21.0,0.0,0
2026-06-28,317,93321,5.563,36.0,0
2026-06-28,317,93322,29.256,0.0,0
2026-06-28,317,93325,11.112,0.0,0
2026-06-28,317,93401,12.534,0.0,0
2026-06-28,317,93402,10.655,0.0,0
2026-06-28,317,93410,11.484,0.0,0
2026-06-28,317,93501,27.0,0.0,0
2026-06-28,317,93502,22.0,0.0,0
2026-06-28,317,93503,8.0,0.0,0
2026-06-28,317,94101,25.0,0.0,0
2026-06-28,317,94102,25.0,0.0,0
2026-06-28,317,94103,14.0,0.0,0
2026-06-28,317,94201,17.277,0.0,0
2026-06-28,317,94202,9.201,0.0,0
2026-06-28,317,94203,31.001,0.0,0
2026-06-28,317,94301,29.639,0.0,0
2026-06-28,317,94302,32.951,0.0,0
2026-06-28,322,20101,14.0,0.0,0
2026-06-28,322,20201,27.0,0.0,0
2026-06-28,322,20202,14.0,0.0,0
2026-06-28,322,30102,1.0,24.0,0
2026-06-28,322,30201,15.0,0.0,0
2026-06-28,322,30202,31.0,0.0,0
2026-06-28,322,30203,21.0,0.0,0
2026-06-28,322,40201,31.0,0.0,0
2026-06-28,322,40202,30.0,0.0,0
2026-06-28,322,40203,40.0,36.0,0
2026-06-28,322,4471023,0.0,12.0,1
2026-06-28,322,4471030,34.0,0.0,0
2026-06-28,322,4471040,37.0,0.0,0
2026-06-28,322,4472001,13.0,0.0,0
2026-06-28,322,4472002,9.0,0.0,0
2026-06-28,322,4473001,30.0,0.0,0
2026-06-28,322,4473002,30.0,0.0,0
2026-06-28,322,4481001,19.0,0.0,0
2026-06-28,322,4481003,28.0,0.0,0
2026-06-28,322,4482001,29.0,0.0,0
2026-06-28,322,4482002,3.0,24.0,0
2026-06-28,322,4482003,12.0,0.0,0
2026-06-28,322,4483002,28.0,0.0,0
2026-06-28,322,4491001,7.0,0.0,0
2026-06-28,322,4491003,32.0,0.0,0
2026-06-28,322,4492001,19.0,0.0,0
2026-06-28,322,4492002,27.0,0.0,0
2026-06-28,322,4492003,27.0,0.0,0
2026-06-28,322,4493001,24.0,0.0,0
2026-06-28,322,5012,19.0,0.0,0
2026-06-28,322,5013,2.0,24.0,0
2026-06-28,322,5101,25.0,0.0,0
2026-06-28,322,5102,35.0,0.0,0
2026-06-28,322,5103,36.0,0.0,0
2026-06-28,322,5201,6.0,0.0,0
2026-06-28,322,5202,26.0,0.0,0
2026-06-28,322,5301,29.0,0.0,0
2026-06-28,322,5302,6.0,0.0,0
2026-06-28,322,551021,24.0,0.0,0
2026-06-28,322,552002,36.0,0.0,0
2026-06-28,322,561001,20.0,0.0,0
2026-06-28,322,561002,18.0,0.0,0
2026-06-28,322,562001,7.0,0.0,0
2026-06-28,322,562002,37.0,0.0,0
2026-06-28,322,93322,32.419,0.0,0
2026-06-28,322,93325,25.996,0.0,0
2026-06-28,322,93401,9.159,0.0,0
2026-06-28,322,93402,30.4,0.0,0
2026-06-28,322,93501,5.0,36.0,0
2026-06-28,322,93502,15.0,0.0,0
2026-06-28,322,93503,32.0,0.0,0
2026-06-28,322,94102,11.0,0.0,0
2026-06-28,322,94103,26.0,0.0,0
2026-06-28,322,94202,8.966,0.0,0
2026-06-28,322,94203,11.188,0.0,0
2026-06-28,9001,20101,8.0,0.0,0
2026-06-28,9001,20102,20.0,0.0,0
2026-06-28,9001,20103,18.0,0.0,0
2026-06-28,9001,20201,30.0,0.0,0
2026-06-28,9001,20202,19.0,0.0,0
