sales_line_id,transaction_id,line_number,register_number,store_id,sales_date,sales_ts,product_id,customer_id,promotion_code,sales_channel,line_type,is_test_transaction,quantity_units,currency_code,unit_price_local,gross_sales_amount_local,discount_amount_local,fx_rate_to_usd,gross_sales_amount_usd,discount_amount_usd,_source_file
POS-1042-70000001-1,70000001,1,05,1042,2025-02-02,2025-02-02 19:59:12,94301,67b1d49d8a12dfbda1d79c93747193df621909349e6af06b61ba9e984780d1dc,,In-store,Sale,0,1.503,USD,4.39,6.6,0.0,1.0,6.6,0.0,pos/pos_tlog_202502.csv
POS-1042-70000001-2,70000001,2,05,1042,2025-02-02,2025-02-02 19:59:12,93410,67b1d49d8a12dfbda1d79c93747193df621909349e6af06b61ba9e984780d1dc,,In-store,Sale,0,1.993,USD,3.99,7.95,0.0,1.0,7.95,0.0,pos/pos_tlog_202502.csv
POS-1042-70000002-1,70000002,1,05,1042,2025-02-02,2025-02-02 20:09:33,4481001,7e15ae6b972e3f35878440f538b9bc58ecd6d43df7190ba63b4fe6ba5dceeae4,,In-store,Sale,0,1.0,USD,7.99,7.99,0.0,1.0,7.99,0.0,pos/pos_tlog_202502.csv
POS-1042-70000002-2,70000002,2,05,1042,2025-02-02,2025-02-02 20:09:33,94103,7e15ae6b972e3f35878440f538b9bc58ecd6d43df7190ba63b4fe6ba5dceeae4,BG25W01,In-store,Sale,0,2.0,USD,3.79,7.58,3.79,1.0,7.58,3.79,pos/pos_tlog_202502.csv
POS-1042-70000002-3,70000002,3,05,1042,2025-02-02,2025-02-02 20:09:33,4473003,7e15ae6b972e3f35878440f538b9bc58ecd6d43df7190ba63b4fe6ba5dceeae4,,In-store,Sale,0,1.0,USD,3.49,3.49,0.0,1.0,3.49,0.0,pos/pos_tlog_202502.csv
POS-1042-70000002-4,70000002,4,05,1042,2025-02-02,2025-02-02 20:09:33,4493001,7e15ae6b972e3f35878440f538b9bc58ecd6d43df7190ba63b4fe6ba5dceeae4,,In-store,Sale,0,1.0,USD,5.49,5.49,0.0,1.0,5.49,0.0,pos/pos_tlog_202502.csv
POS-1042-70000003-1,70000003,1,05,1042,2025-02-02,2025-02-02 08:10:44,561001,f7402e18967e74c72bd3653b774efd9cd0ad16de5575ce3b9b528c750608fe35,,In-store,Sale,0,1.0,USD,9.99,9.99,0.0,1.0,9.99,0.0,pos/pos_tlog_202502.csv
POS-1042-70000004-1,70000004,1,03,1042,2025-02-02,2025-02-02 09:16:35,5201,9aa062dbac03715b3b9974952a2a3d2d2bfd4bcbdeaa65d28b4cb5fd6d33a521,,In-store,Sale,0,2.0,USD,3.99,7.98,0.0,1.0,7.98,0.0,pos/pos_tlog_202502.csv
POS-1042-70000004-2,70000004,2,03,1042,2025-02-02,2025-02-02 09:16:35,93410,9aa062dbac03715b3b9974952a2a3d2d2bfd4bcbdeaa65d28b4cb5fd6d33a521,,In-store,Sale,0,1.185,USD,3.99,4.73,0.0,1.0,4.73,0.0,pos/pos_tlog_202502.csv
POS-1042-70000004-3,70000004,3,03,1042,2025-02-02,2025-02-02 09:16:35,561002,9aa062dbac03715b3b9974952a2a3d2d2bfd4bcbdeaa65d28b4cb5fd6d33a521,,In-store,Sale,0,1.0,USD,7.49,7.49,0.0,1.0,7.49,0.0,pos/pos_tlog_202502.csv
POS-1042-70000005-1,70000005,1,04,1042,2025-02-02,2025-02-02 08:09:15,20201,8668e6ba5a8ac663bf8ce8f420f13cb109635515bc6d3ec0a47be6af9c15cd2e,,In-store,Sale,0,3.0,USD,5.49,16.47,0.0,1.0,16.47,0.0,pos/pos_tlog_202502.csv
POS-1042-70000005-2,70000005,2,04,1042,2025-02-02,2025-02-02 08:09:15,4472001,8668e6ba5a8ac663bf8ce8f420f13cb109635515bc6d3ec0a47be6af9c15cd2e,,In-store,Sale,0,2.0,USD,3.99,7.98,0.0,1.0,7.98,0.0,pos/pos_tlog_202502.csv
POS-1042-70000005-3,70000005,3,04,1042,2025-02-02,2025-02-02 08:09:15,20102,8668e6ba5a8ac663bf8ce8f420f13cb109635515bc6d3ec0a47be6af9c15cd2e,,In-store,Sale,0,1.0,USD,3.49,3.49,0.0,1.0,3.49,0.0,pos/pos_tlog_202502.csv
POS-1042-70000005-4,70000005,4,04,1042,2025-02-02,2025-02-02 08:09:15,5102,8668e6ba5a8ac663bf8ce8f420f13cb109635515bc6d3ec0a47be6af9c15cd2e,,In-store,Sale,0,1.0,USD,5.49,5.49,0.0,1.0,5.49,0.0,pos/pos_tlog_202502.csv
POS-1042-70000005-5,70000005,5,04,1042,2025-02-02,2025-02-02 08:09:15,93402,8668e6ba5a8ac663bf8ce8f420f13cb109635515bc6d3ec0a47be6af9c15cd2e,,In-store,Sale,0,2.041,USD,3.29,6.71,0.0,1.0,6.71,0.0,pos/pos_tlog_202502.csv
POS-1042-70000005-6,70000005,6,04,1042,2025-02-02,2025-02-02 08:09:15,30202,8668e6ba5a8ac663bf8ce8f420f13cb109635515bc6d3ec0a47be6af9c15cd2e,,In-store,Sale,0,1.0,USD,11.49,11.49,0.0,1.0,11.49,0.0,pos/pos_tlog_202502.csv
POS-1042-70000006-1,70000006,1,06,1042,2025-02-02,2025-02-02 10:00:51,93501,67236664f9e0982d102e94546caea5419f9575060233caa84a19bbe2a6e3977a,,In-store,Sale,0,1.0,USD,4.49,4.49,0.0,1.0,4.49,0.0,pos/pos_tlog_202502.csv
POS-1042-70000051-1,70000051,1,01,1042,2025-02-03,2025-02-03 09:01:14,4472003,1c437bc2a1a7cc814eebe9bea1af4a3651a2c597122ca3b4809a0d78ffb297c1,,In-store,Sale,0,1.0,USD,3.29,3.29,0.0,1.0,3.29,0.0,pos/pos_tlog_202502.csv
POS-1042-70000051-2,70000051,2,01,1042,2025-02-03,2025-02-03 09:01:14,4471023,1c437bc2a1a7cc814eebe9bea1af4a3651a2c597122ca3b4809a0d78ffb297c1,,In-store,Sale,0,1.0,USD,3.49,3.49,0.0,1.0,3.49,0.0,pos/pos_tlog_202502.csv
POS-1042-70000051-3,70000051,3,01,1042,2025-02-03,2025-02-03 09:01:14,552002,1c437bc2a1a7cc814eebe9bea1af4a3651a2c597122ca3b4809a0d78ffb297c1,,In-store,Sale,0,1.0,USD,3.99,3.99,0.0,1.0,3.99,0.0,pos/pos_tlog_202502.csv
POS-1042-70000052-1,70000052,1,02,1042,2025-02-03,2025-02-03 17:01:33,20202,66b9dabf77e9b6f7c9f834638cbe750b6ce8d2eeb92d972098dc5aa7a54e63f8,,In-store,Sale,0,1.0,USD,5.99,5.99,0.0,1.0,5.99,0.0,pos/pos_tlog_202502.csv
POS-1042-70000052-2,70000052,2,02,1042,2025-02-03,2025-02-03 17:01:33,20202,66b9dabf77e9b6f7c9f834638cbe750b6ce8d2eeb92d972098dc5aa7a54e63f8,,In-store,Void,0,1.0,USD,5.99,5.99,0.0,1.0,5.99,0.0,pos/pos_tlog_202502.csv
POS-1042-70000053-1,70000053,1,03,1042,2025-02-03,2025-02-03 18:19:26,93501,ANONYMOUS,,In-store,Sale,0,2.0,USD,4.49,8.98,0.0,1.0,8.98,0.0,pos/pos_tlog_202502.csv
POS-1042-70000053-2,70000053,2,03,1042,2025-02-03,2025-02-03 18:19:26,4481002,ANONYMOUS,,In-store,Sale,0,1.0,USD,7.99,7.99,0.0,1.0,7.99,0.0,pos/pos_tlog_202502.csv
POS-1042-70000053-3,70000053,3,03,1042,2025-02-03,2025-02-03 18:19:26,4491002,ANONYMOUS,,In-store,Sale,0,1.0,USD,6.99,6.99,0.0,1.0,6.99,0.0,pos/pos_tlog_202502.csv
POS-1042-70000054-1,70000054,1,06,1042,2025-02-03,2025-02-03 08:42:26,4493001,ANONYMOUS,,In-store,Sale,0,1.0,USD,5.49,5.49,0.0,1.0,5.49,0.0,pos/pos_tlog_202502.csv
POS-1042-70000054-2,70000054,2,06,1042,2025-02-03,2025-02-03 08:42:26,4472003,ANONYMOUS,,In-store,Sale,0,1.0,USD,3.29,3.29,0.0,1.0,3.29,0.0,pos/pos_tlog_202502.csv
POS-1042-70000054-3,70000054,3,06,1042,2025-02-03,2025-02-03 08:42:26,5013,ANONYMOUS,,In-store,Sale,0,1.0,USD,3.89,3.89,0.0,1.0,3.89,0.0,pos/pos_tlog_202502.csv
POS-1042-70000055-1,70000055,1,01,1042,2025-02-03,2025-02-03 15:51:49,5302,ANONYMOUS,,In-store,Sale,0,2.0,USD,3.49,6.98,0.0,1.0,6.98,0.0,pos/pos_tlog_202502.csv
POS-1042-70000056-1,70000056,1,01,1042,2025-02-03,2025-02-03 20:03:17,94203,b271f172c53574c5e59899e13b5da0e8bbf9dc0bd7b36d9804512bc80da42798,,In-store,Sale,0,0.675,USD,1.49,1.01,0.0,1.0,1.01,0.0,pos/pos_tlog_202502.csv
POS-1042-70000056-2,70000056,2,01,1042,2025-02-03,2025-02-03 20:03:17,20202,b271f172c53574c5e59899e13b5da0e8bbf9dc0bd7b36d9804512bc80da42798,,In-store,Sale,0,1.0,USD,5.99,5.99,0.0,1.0,5.99,0.0,pos/pos_tlog_202502.csv
POS-1042-70000056-3,70000056,3,01,1042,2025-02-03,2025-02-03 20:03:17,4493002,b271f172c53574c5e59899e13b5da0e8bbf9dc0bd7b36d9804512bc80da42798,,In-store,Sale,0,2.0,USD,3.99,7.98,0.0,1.0,7.98,0.0,pos/pos_tlog_202502.csv
POS-1042-70000056-4,70000056,4,01,1042,2025-02-03,2025-02-03 20:03:17,93502,b271f172c53574c5e59899e13b5da0e8bbf9dc0bd7b36d9804512bc80da42798,,In-store,Sale,0,1.0,USD,3.99,3.99,0.0,1.0,3.99,0.0,pos/pos_tlog_202502.csv
POS-1042-70000057-1,70000057,1,02,1042,2025-02-03,2025-02-03 07:08:47,30102,ANONYMOUS,,In-store,Sale,0,1.0,USD,14.99,14.99,0.0,1.0,14.99,0.0,pos/pos_tlog_202502.csv
POS-1042-70000057-2,70000057,2,02,1042,2025-02-03,2025-02-03 07:08:47,30201,ANONYMOUS,,In-store,Sale,0,1.0,USD,9.99,9.99,0.0,1.0,9.99,0.0,pos/pos_tlog_202502.csv
POS-1042-70000057-3,70000057,3,02,1042,2025-02-03,2025-02-03 07:08:47,5201,ANONYMOUS,,In-store,Sale,0,1.0,USD,3.99,3.99,0.0,1.0,3.99,0.0,pos/pos_tlog_202502.csv
POS-1042-70000057-4,70000057,4,02,1042,2025-02-03,2025-02-03 07:08:47,5202,ANONYMOUS,,In-store,Sale,0,1.0,USD,5.99,5.99,0.0,1.0,5.99,0.0,pos/pos_tlog_202502.csv
POS-1042-70000057-5,70000057,5,02,1042,2025-02-03,2025-02-03 07:08:47,20102,ANONYMOUS,,In-store,Sale,0,1.0,USD,3.49,3.49,0.0,1.0,3.49,0.0,pos/pos_tlog_202502.csv
POS-1042-70000057-6,70000057,6,02,1042,2025-02-03,2025-02-03 07:08:47,94202,ANONYMOUS,,In-store,Sale,0,1.364,USD,1.99,2.71,0.0,1.0,2.71,0.0,pos/pos_tlog_202502.csv
POS-1042-70000058-1,70000058,1,04,1042,2025-02-03,2025-02-03 07:50:40,20101,c1d518aef0fb555708cf534e345ccb25e308f4882f5826f77d367b5f61aa4d6d,BG25W01,In-store,Sale,0,2.0,USD,2.49,4.98,2.49,1.0,4.98,2.49,pos/pos_tlog_202502.csv
POS-1042-70000058-2,70000058,2,04,1042,2025-02-03,2025-02-03 07:50:40,40102,c1d518aef0fb555708cf534e345ccb25e308f4882f5826f77d367b5f61aa4d6d,,In-store,Sale,0,0.515,USD,16.99,8.75,0.0,1.0,8.75,0.0,pos/pos_tlog_202502.csv
POS-1042-70000058-3,70000058,3,04,1042,2025-02-03,2025-02-03 07:50:40,551021,c1d518aef0fb555708cf534e345ccb25e308f4882f5826f77d367b5f61aa4d6d,,In-store,Sale,0,1.0,USD,11.99,11.99,0.0,1.0,11.99,0.0,pos/pos_tlog_202502.csv
POS-1042-70000059-1,70000059,1,04,1042,2025-02-03,2025-02-03 17:14:28,4471030,ANONYMOUS,,In-store,Sale,0,1.0,USD,3.99,3.99,0.0,1.0,3.99,0.0,pos/pos_tlog_202502.csv
POS-1042-70000059-2,70000059,2,04,1042,2025-02-03,2025-02-03 17:14:28,4481002,ANONYMOUS,,In-store,Sale,0,1.0,USD,7.99,7.99,0.0,1.0,7.99,0.0,pos/pos_tlog_202502.csv
POS-1042-70000059-3,70000059,3,04,1042,2025-02-03,2025-02-03 17:14:28,94302,ANONYMOUS,,In-store,Sale,0,0.719,USD,5.49,3.95,0.0,1.0,3.95,0.0,pos/pos_tlog_202502.csv
POS-1042-70000059-4,70000059,4,04,1042,2025-02-03,2025-02-03 17:14:28,4492002,ANONYMOUS,,In-store,Sale,0,2.0,USD,1.49,2.98,0.0,1.0,2.98,0.0,pos/pos_tlog_202502.csv
POS-1042-70000059-5,70000059,5,04,1042,2025-02-03,2025-02-03 17:14:28,4471040,ANONYMOUS,,In-store,Sale,0,1.0,USD,2.49,2.49,0.0,1.0,2.49,0.0,pos/pos_tlog_202502.csv
POS-1042-70000094-1,70000094,1,05,1042,2025-02-04,2025-02-04 15:37:13,4471024,ANONYMOUS,,In-store,Sale,0,1.0,USD,3.49,3.49,0.0,1.0,3.49,0.0,pos/pos_tlog_202502.csv
POS-1042-70000094-2,70000094,2,05,1042,2025-02-04,2025-02-04 15:37:13,5202,ANONYMOUS,,In-store,Sale,0,2.0,USD,5.99,11.98,0.0,1.0,11.98,0.0,pos/pos_tlog_202502.csv
POS-1042-70000094-3,70000094,3,05,1042,2025-02-04,2025-02-04 15:37:13,4473003,ANONYMOUS,,In-store,Sale,0,1.0,USD,3.49,3.49,0.0,1.0,3.49,0.0,pos/pos_tlog_202502.csv
POS-1042-70000094-4,70000094,4,05,1042,2025-02-04,2025-02-04 15:37:13,4471024,ANONYMOUS,,In-store,Sale,0,1.0,USD,3.49,3.49,0.0,1.0,3.49,0.0,pos/pos_tlog_202502.csv
POS-1042-70000095-1,70000095,1,03,1042,2025-02-04,2025-02-04 11:56:40,20102,86fc9bfdf5ac24f198a5c4fb7d6529249842f7f504bc37ce9dc928c13217ee9c,,In-store,Sale,0,1.0,USD,3.49,3.49,0.0,1.0,3.49,0.0,pos/pos_tlog_202502.csv
POS-1042-70000095-2,70000095,2,03,1042,2025-02-04,2025-02-04 11:56:40,40101,86fc9bfdf5ac24f198a5c4fb7d6529249842f7f504bc37ce9dc928c13217ee9c,,In-store,Sale,0,1.18,USD,18.99,22.41,0.0,1.0,22.41,0.0,pos/pos_tlog_202502.csv
POS-1042-70000095-3,70000095,3,03,1042,2025-02-04,2025-02-04 11:56:40,93325,86fc9bfdf5ac24f198a5c4fb7d6529249842f7f504bc37ce9dc928c13217ee9c,,In-store,Sale,0,0.745,USD,3.99,2.97,0.0,1.0,2.97,0.0,pos/pos_tlog_202502.csv
POS-1042-70000096-1,70000096,1,02,1042,2025-02-04,2025-02-04 08:17:40,4471040,ANONYMOUS,,In-store,Sale,0,1.0,USD,2.49,2.49,0.0,1.0,2.49,0.0,pos/pos_tlog_202502.csv
POS-1042-70000097-1,70000097,1,02,1042,2025-02-04,2025-02-04 14:49:40,4481001,ANONYMOUS,,In-store,Sale,0,1.0,USD,7.99,7.99,0.0,1.0,7.99,0.0,pos/pos_tlog_202502.csv
POS-1042-70000097-2,70000097,2,02,1042,2025-02-04,2025-02-04 14:49:40,5020,ANONYMOUS,,In-store,Sale,0,1.0,USD,4.49,4.49,0.0,1.0,4.49,0.0,pos/pos_tlog_202502.csv
POS-1042-70000097-3,70000097,3,02,1042,2025-02-04,2025-02-04 14:49:40,5102,ANONYMOUS,,In-store,Sale,0,1.0,USD,5.49,5.49,0.0,1.0,5.49,0.0,pos/pos_tlog_202502.csv
POS-1042-70000098-1,70000098,1,02,1042,2025-02-04,2025-02-04 18:52:11,5102,7e15ae6b972e3f35878440f538b9bc58ecd6d43df7190ba63b4fe6ba5dceeae4,,In-store,Sale,0,1.0,USD,5.49,5.49,0.0,1.0,5.49,0.0,pos/pos_tlog_202502.csv
POS-1042-70000098-2,70000098,2,02,1042,2025-02-04,2025-02-04 18:52:11,40203,7e15ae6b972e3f35878440f538b9bc58ecd6d43df7190ba63b4fe6ba5dceeae4,,In-store,Sale,0,2.0,USD,11.99,23.98,0.0,1.0,23.98,0.0,pos/pos_tlog_202502.csv
POS-1042-70000098-3,70000098,3,02,1042,2025-02-04,2025-02-04 18:52:11,561002,7e15ae6b972e3f35878440f538b9bc58ecd6d43df7190ba63b4fe6ba5dceeae4,,In-store,Sale,0,2.0,USD,7.49,14.98,0.0,1.0,14.98,0.0,pos/pos_tlog_202502.csv
POS-1042-70000098-4,70000098,4,02,1042,2025-02-04,2025-02-04 18:52:11,4473002,7e15ae6b972e3f35878440f538b9bc58ecd6d43df7190ba63b4fe6ba5dceeae4,,In-store,Sale,0,1.0,USD,2.79,2.79,0.0,1.0,2.79,0.0,pos/pos_tlog_202502.csv
POS-1042-70000098-5,70000098,5,02,1042,2025-02-04,2025-02-04 18:52:11,94202,7e15ae6b972e3f35878440f538b9bc58ecd6d43df7190ba63b4fe6ba5dceeae4,,In-store,Sale,0,0.891,USD,1.99,1.77,0.0,1.0,1.77,0.0,pos/pos_tlog_202502.csv
POS-1042-70000098-6,70000098,6,02,1042,2025-02-04,2025-02-04 18:52:11,94302,7e15ae6b972e3f35878440f538b9bc58ecd6d43df7190ba63b4fe6ba5dceeae4,,In-store,Sale,0,1.561,USD,5.49,8.57,0.0,1.0,8.57,0.0,pos/pos_tlog_202502.csv
POS-1042-70000142-1,70000142,1,01,1042,2025-02-05,2025-02-05 17:04:17,20102,ANONYMOUS,,In-store,Sale,0,1.0,USD,3.49,3.49,0.0,1.0,3.49,0.0,pos/pos_tlog_202502.csv
POS-1042-70000142-2,70000142,2,01,1042,2025-02-05,2025-02-05 17:04:17,5102,ANONYMOUS,,In-store,Sale,0,1.0,USD,5.49,5.49,0.0,1.0,5.49,0.0,pos/pos_tlog_202502.csv
POS-1042-70000142-3,70000142,3,01,1042,2025-02-05,2025-02-05 17:04:17,5301,ANONYMOUS,,In-store,Sale,0,2.0,USD,5.49,10.98,0.0,1.0,10.98,0.0,pos/pos_tlog_202502.csv
POS-1042-70000142-4,70000142,4,01,1042,2025-02-05,2025-02-05 17:04:17,4471030,ANONYMOUS,,In-store,Sale,0,1.0,USD,3.99,3.99,0.0,1.0,3.99,0.0,pos/pos_tlog_202502.csv
POS-1042-70000143-1,70000143,1,04,1042,2025-02-05,2025-02-05 18:28:02,40202,f282c02ed8b0d02330a0b86ed301d09d9d57c4ac395aa8d8dedd8fdbfb7df4e7,,In-store,Sale,0,1.0,USD,14.99,14.99,0.0,1.0,14.99,0.0,pos/pos_tlog_202502.csv
POS-1042-70000176-1,70000176,1,06,1042,2025-02-06,2025-02-06 18:24:31,5301,ANONYMOUS,,In-store,Sale,0,2.0,USD,5.49,10.98,0.0,1.0,10.98,0.0,pos/pos_tlog_202502.csv
POS-1042-70000177-1,70000177,1,03,1042,2025-02-06,2025-02-06 20:44:00,4473002,ANONYMOUS,,In-store,Sale,0,1.0,USD,2.79,2.79,0.0,1.0,2.79,0.0,pos/pos_tlog_202502.csv
POS-1042-70000177-2,70000177,2,03,1042,2025-02-06,2025-02-06 20:44:00,5301,ANONYMOUS,,In-store,Sale,0,1.0,USD,5.49,5.49,0.0,1.0,5.49,0.0,pos/pos_tlog_202502.csv
POS-1042-70000178-1,70000178,1,02,1042,2025-02-06,2025-02-06 14:44:00,4492001,ANONYMOUS,,In-store,Sale,0,2.0,USD,1.79,3.58,0.0,1.0,3.58,0.0,pos/pos_tlog_202502.csv
POS-1042-70000178-2,70000178,2,02,1042,2025-02-06,2025-02-06 14:44:00,4491002,ANONYMOUS,,In-store,Sale,0,1.0,USD,6.99,6.99,0.0,1.0,6.99,0.0,pos/pos_tlog_202502.csv
POS-1042-70000178-3,70000178,3,02,1042,2025-02-06,2025-02-06 14:44:00,30102,ANONYMOUS,,In-store,Sale,0,1.0,USD,14.99,14.99,0.0,1.0,14.99,0.0,pos/pos_tlog_202502.csv
POS-1042-70000178-4,70000178,4,02,1042,2025-02-06,2025-02-06 14:44:00,5012,ANONYMOUS,,In-store,Sale,0,1.0,USD,3.99,3.99,0.0,1.0,3.99,0.0,pos/pos_tlog_202502.csv
POS-1042-70000216-1,70000216,1,01,1042,2025-02-07,2025-02-07 14:57:55,94102,bad7c29133955adf243a3a8f323331fc55b44a20445830ab5dbe99b2d0d185a4,,In-store,Sale,0,2.0,USD,3.49,6.98,0.0,1.0,6.98,0.0,pos/pos_tlog_202502.csv
POS-1042-70000216-2,70000216,2,01,1042,2025-02-07,2025-02-07 14:57:55,5202,bad7c29133955adf243a3a8f323331fc55b44a20445830ab5dbe99b2d0d185a4,,In-store,Sale,0,1.0,USD,5.99,5.99,0.0,1.0,5.99,0.0,pos/pos_tlog_202502.csv
POS-1042-70000216-3,70000216,3,01,1042,2025-02-07,2025-02-07 14:57:55,4482003,bad7c29133955adf243a3a8f323331fc55b44a20445830ab5dbe99b2d0d185a4,,In-store,Sale,0,1.0,USD,5.49,5.49,0.0,1.0,5.49,0.0,pos/pos_tlog_202502.csv
POS-1042-70000217-1,70000217,1,01,1042,2025-02-07,2025-02-07 08:55:32,4471040,65a2589fbcb4e3b1819323e8c5aef2457cb36db349c722ce4e371bb5fc71a7d6,,In-store,Sale,0,1.0,USD,2.49,2.49,0.0,1.0,2.49,0.0,pos/pos_tlog_202502.csv
POS-1042-70000217-2,70000217,2,01,1042,2025-02-07,2025-02-07 08:55:32,4491002,65a2589fbcb4e3b1819323e8c5aef2457cb36db349c722ce4e371bb5fc71a7d6,,In-store,Sale,0,1.0,USD,6.99,6.99,0.0,1.0,6.99,0.0,pos/pos_tlog_202502.csv
POS-1042-70000217-3,70000217,3,01,1042,2025-02-07,2025-02-07 08:55:32,40201,65a2589fbcb4e3b1819323e8c5aef2457cb36db349c722ce4e371bb5fc71a7d6,,In-store,Sale,0,1.0,USD,8.99,8.99,0.0,1.0,8.99,0.0,pos/pos_tlog_202502.csv
POS-1042-70000218-1,70000218,1,04,1042,2025-02-07,2025-02-07 11:07:36,4482002,ad3f2965ccce648a6c0511402b4424374b0bcb30ef69e6b56534bb33569aec58,,In-store,Sale,0,1.0,USD,17.99,17.99,0.0,1.0,17.99,0.0,pos/pos_tlog_202502.csv
POS-1042-70000219-1,70000219,1,03,1042,2025-02-07,2025-02-07 15:28:28,20203,ANONYMOUS,,In-store,Sale,0,1.0,USD,6.49,6.49,0.0,1.0,6.49,0.0,pos/pos_tlog_202502.csv
POS-1042-70000220-1,70000220,1,02,1042,2025-02-07,2025-02-07 10:23:24,4491002,4575ca4a9e45f5f33bdcf25caa5784b06a1b7da102971e12697795a9367e1471,,In-store,Sale,0,1.0,USD,6.99,6.99,0.0,1.0,6.99,0.0,pos/pos_tlog_202502.csv
POS-1042-70000220-2,70000220,2,02,1042,2025-02-07,2025-02-07 10:23:24,4472003,4575ca4a9e45f5f33bdcf25caa5784b06a1b7da102971e12697795a9367e1471,,In-store,Sale,0,1.0,USD,3.29,3.29,0.0,1.0,3.29,0.0,pos/pos_tlog_202502.csv
POS-1042-70000220-3,70000220,3,02,1042,2025-02-07,2025-02-07 10:23:24,94202,4575ca4a9e45f5f33bdcf25caa5784b06a1b7da102971e12697795a9367e1471,,In-store,Sale,0,1.58,USD,1.99,3.14,0.0,1.0,3.14,0.0,pos/pos_tlog_202502.csv
POS-1042-70000220-4,70000220,4,02,1042,2025-02-07,2025-02-07 10:23:24,40201,4575ca4a9e45f5f33bdcf25caa5784b06a1b7da102971e12697795a9367e1471,,In-store,Sale,0,1.0,USD,8.99,8.99,0.0,1.0,8.99,0.0,pos/pos_tlog_202502.csv
POS-1042-70000220-5,70000220,5,02,1042,2025-02-07,2025-02-07 10:23:24,20202,4575ca4a9e45f5f33bdcf25caa5784b06a1b7da102971e12697795a9367e1471,,In-store,Sale,0,2.0,USD,5.99,11.98,0.0,1.0,11.98,0.0,pos/pos_tlog_202502.csv
POS-1042-70000220-6,70000220,6,02,1042,2025-02-07,2025-02-07 10:23:24,40202,4575ca4a9e45f5f33bdcf25caa5784b06a1b7da102971e12697795a9367e1471,,In-store,Sale,0,2.0,USD,14.99,29.98,0.0,1.0,29.98,0.0,pos/pos_tlog_202502.csv
POS-1042-70000221-1,70000221,1,03,1042,2025-02-07,2025-02-07 09:06:05,94301,ANONYMOUS,,In-store,Sale,0,0.674,USD,4.39,2.96,0.0,1.0,2.96,0.0,pos/pos_tlog_202502.csv
POS-1042-70000221-2,70000221,2,03,1042,2025-02-07,2025-02-07 09:06:05,40203,ANONYMOUS,,In-store,Sale,0,3.0,USD,11.99,35.97,0.0,1.0,35.97,0.0,pos/pos_tlog_202502.csv
POS-1042-70000222-1,70000222,1,03,1042,2025-02-07,2025-02-07 09:50:59,5020,e29fee04640e44f9342dcf4b4f0c258359b574fce70143f96f949f73164fa2ee,,In-store,Sale,0,2.0,USD,4.49,8.98,0.0,1.0,8.98,0.0,pos/pos_tlog_202502.csv
POS-1042-70000222-2,70000222,2,03,1042,2025-02-07,2025-02-07 09:50:59,5020,e29fee04640e44f9342dcf4b4f0c258359b574fce70143f96f949f73164fa2ee,,In-store,Sale,0,1.0,USD,4.49,4.49,0.0,1.0,4.49,0.0,pos/pos_tlog_202502.csv
POS-1042-70000222-3,70000222,3,03,1042,2025-02-07,2025-02-07 09:50:59,561002,e29fee04640e44f9342dcf4b4f0c258359b574fce70143f96f949f73164fa2ee,,In-store,Sale,0,1.0,USD,7.49,7.49,0.0,1.0,7.49,0.0,pos/pos_tlog_202502.csv
POS-1042-70000222-4,70000222,4,03,1042,2025-02-07,2025-02-07 09:50:59,4492001,e29fee04640e44f9342dcf4b4f0c258359b574fce70143f96f949f73164fa2ee,,In-store,Sale,0,1.0,USD,1.79,1.79,0.0,1.0,1.79,0.0,pos/pos_tlog_202502.csv
POS-1042-70000222-5,70000222,5,03,1042,2025-02-07,2025-02-07 09:50:59,20101,e29fee04640e44f9342dcf4b4f0c258359b574fce70143f96f949f73164fa2ee,BG25W01,In-store,Sale,0,2.0,USD,2.49,4.98,2.49,1.0,4.98,2.49,pos/pos_tlog_202502.csv
POS-1042-70000223-1,70000223,1,03,1042,2025-02-07,2025-02-07 20:00:12,4472003,ANONYMOUS,,In-store,Sale,0,2.0,USD,3.29,6.58,0.0,1.0,6.58,0.0,pos/pos_tlog_202502.csv
POS-1042-70000223-2,70000223,2,03,1042,2025-02-07,2025-02-07 20:00:12,4473002,ANONYMOUS,,In-store,Sale,0,1.0,USD,2.79,2.79,0.0,1.0,2.79,0.0,pos/pos_tlog_202502.csv
POS-1042-70000224-1,70000224,1,01,1042,2025-02-07,2025-02-07 21:55:51,5301,30fa81813ca157015541c9a0e1f72717470c7dd756f9b468fcc4ac5f8efcbb7d,,In-store,Sale,0,1.0,USD,5.49,5.49,0.0,1.0,5.49,0.0,pos/pos_tlog_202502.csv
POS-1042-70000224-2,70000224,2,01,1042,2025-02-07,2025-02-07 21:55:51,5302,30fa81813ca157015541c9a0e1f72717470c7dd756f9b468fcc4ac5f8efcbb7d,,In-store,Sale,0,1.0,USD,3.49,3.49,0.0,1.0,3.49,0.0,pos/pos_tlog_202502.csv
POS-1042-70000224-3,70000224,3,01,1042,2025-02-07,2025-02-07 21:55:51,20102,30fa81813ca157015541c9a0e1f72717470c7dd756f9b468fcc4ac5f8efcbb7d,,In-store,Sale,0,1.0,USD,3.49,3.49,0.0,1.0,3.49,0.0,pos/pos_tlog_202502.csv
POS-1042-70000224-4,70000224,4,01,1042,2025-02-07,2025-02-07 21:55:51,551020,30fa81813ca157015541c9a0e1f72717470c7dd756f9b468fcc4ac5f8efcbb7d,BG25W01,In-store,Sale,0,2.0,USD,13.99,27.98,13.99,1.0,27.98,13.99,pos/pos_tlog_202502.csv
POS-1042-70000224-5,70000224,5,01,1042,2025-02-07,2025-02-07 21:55:51,5102,30fa81813ca157015541c9a0e1f72717470c7dd756f9b468fcc4ac5f8efcbb7d,,In-store,Sale,0,2.0,USD,5.49,10.98,0.0,1.0,10.98,0.0,pos/pos_tlog_202502.csv
POS-1042-70000224-6,70000224,6,01,1042,2025-02-07,2025-02-07 21:55:51,94103,30fa81813ca157015541c9a0e1f72717470c7dd756f9b468fcc4ac5f8efcbb7d,BG25W01,In-store,Sale,0,2.0,USD,3.79,7.58,3.79,1.0,7.58,3.79,pos/pos_tlog_202502.csv
POS-1042-70000225-1,70000225,1,03,1042,2025-02-07,2025-02-07 13:51:06,4472001,ANONYMOUS,,In-store,Sale,0,1.0,USD,3.99,3.99,0.0,1.0,3.99,0.0,pos/pos_tlog_202502.csv
POS-1042-70000225-2,70000225,2,03,1042,2025-02-07,2025-02-07 13:51:06,93410,ANONYMOUS,,In-store,Sale,0,0.821,USD,3.99,3.28,0.0,1.0,3.28,0.0,pos/pos_tlog_202502.csv
POS-1042-70000225-3,70000225,3,03,1042,2025-02-07,2025-02-07 13:51:06,4492001,ANONYMOUS,,In-store,Sale,0,1.0,USD,1.79,1.79,0.0,1.0,1.79,0.0,pos/pos_tlog_202502.csv
POS-1042-70000225-4,70000225,4,03,1042,2025-02-07,2025-02-07 13:51:06,31101,ANONYMOUS,,In-store,Sale,0,1.164,USD,24.99,29.09,0.0,1.0,29.09,0.0,pos/pos_tlog_202502.csv
POS-1042-70000264-1,70000264,1,05,1042,2025-02-08,2025-02-08 12:27:26,20102,ANONYMOUS,,In-store,Sale,0,1.0,USD,3.49,3.49,0.0,1.0,3.49,0.0,pos/pos_tlog_202502.csv
POS-1042-70000264-2,70000264,2,05,1042,2025-02-08,2025-02-08 12:27:26,94101,ANONYMOUS,,In-store,Sale,0,1.0,USD,3.99,3.99,0.0,1.0,3.99,0.0,pos/pos_tlog_202502.csv
POS-1042-70000265-1,70000265,1,03,1042,2025-02-08,2025-02-08 16:07:12,551020,ANONYMOUS,BG25W01,In-store,Sale,0,2.0,USD,13.99,27.98,13.99,1.0,27.98,13.99,pos/pos_tlog_202502.csv
POS-1042-70000265-2,70000265,2,03,1042,2025-02-08,2025-02-08 16:07:12,40102,ANONYMOUS,,In-store,Sale,0,1.892,USD,16.99,32.15,0.0,1.0,32.15,0.0,pos/pos_tlog_202502.csv
POS-1042-70000265-3,70000265,3,03,1042,2025-02-08,2025-02-08 16:07:12,94102,ANONYMOUS,,In-store,Sale,0,1.0,USD,3.49,3.49,0.0,1.0,3.49,0.0,pos/pos_tlog_202502.csv
POS-1042-70000266-1,70000266,1,02,1042,2025-02-08,2025-02-08 14:53:54,561001,ANONYMOUS,,In-store,Sale,0,1.0,USD,9.99,9.99,0.0,1.0,9.99,0.0,pos/pos_tlog_202502.csv
POS-1042-70000267-1,70000267,1,06,1042,2025-02-08,2025-02-08 15:46:09,30103,ANONYMOUS,,In-store,Sale,0,1.0,USD,8.99,8.99,0.0,1.0,8.99,0.0,pos/pos_tlog_202502.csv
POS-1042-70000267-2,70000267,2,06,1042,2025-02-08,2025-02-08 15:46:09,94202,ANONYMOUS,,In-store,Sale,0,1.384,USD,1.99,2.75,0.0,1.0,2.75,0.0,pos/pos_tlog_202502.csv
POS-1042-70000268-1,70000268,1,05,1042,2025-02-08,2025-02-08 19:13:57,20103,bdcd84231b589d525fb36f37f6a878dbc30efb51dc65548cd408153dc3264036,,In-store,Sale,0,2.0,USD,4.99,9.98,0.0,1.0,9.98,0.0,pos/pos_tlog_202502.csv
POS-1042-70000269-1,70000269,1,02,1042,2025-02-08,2025-02-08 14:12:44,4492002,ANONYMOUS,,In-store,Sale,0,2.0,USD,1.49,2.98,0.0,1.0,2.98,0.0,pos/pos_tlog_202502.csv
POS-1042-70000269-2,70000269,2,02,1042,2025-02-08,2025-02-08 14:12:44,20102,ANONYMOUS,,In-store,Sale,0,1.0,USD,3.49,3.49,0.0,1.0,3.49,0.0,pos/pos_tlog_202502.csv
POS-1042-70000270-1,70000270,1,04,1042,2025-02-08,2025-02-08 14:21:25,4482001,ANONYMOUS,,In-store,Sale,0,2.0,USD,13.99,27.98,0.0,1.0,27.98,0.0,pos/pos_tlog_202502.csv
POS-1042-70000270-2,70000270,2,04,1042,2025-02-08,2025-02-08 14:21:25,4482002,ANONYMOUS,,In-store,Sale,0,2.0,USD,17.99,35.98,0.0,1.0,35.98,0.0,pos/pos_tlog_202502.csv
POS-1042-70000271-1,70000271,1,04,1042,2025-02-08,2025-02-08 10:02:20,5101,ANONYMOUS,,In-store,Return,0,-1.0,USD,7.99,-7.99,0.0,1.0,-7.99,0.0,pos/pos_tlog_202502.csv
POS-1042-70000272-1,70000272,1,06,1042,2025-02-08,2025-02-08 17:13:57,94301,841ac22d0dec01ca9b65b36896f1d3cb176475c6ee5b44fabbd3f7548d414e51,,In-store,Sale,0,0.694,USD,4.39,3.05,0.0,1.0,3.05,0.0,pos/pos_tlog_202502.csv
POS-1042-70000272-2,70000272,2,06,1042,2025-02-08,2025-02-08 17:13:57,20101,841ac22d0dec01ca9b65b36896f1d3cb176475c6ee5b44fabbd3f7548d414e51,BG25W01,In-store,Sale,0,2.0,USD,2.49,4.98,2.49,1.0,4.98,2.49,pos/pos_tlog_202502.csv
POS-1042-70000272-3,70000272,3,06,1042,2025-02-08,2025-02-08 17:13:57,20102,841ac22d0dec01ca9b65b36896f1d3cb176475c6ee5b44fabbd3f7548d414e51,,In-store,Sale,0,1.0,USD,3.49,3.49,0.0,1.0,3.49,0.0,pos/pos_tlog_202502.csv
POS-1042-70000272-4,70000272,4,06,1042,2025-02-08,2025-02-08 17:13:57,4471023,841ac22d0dec01ca9b65b36896f1d3cb176475c6ee5b44fabbd3f7548d414e51,,In-store,Sale,0,1.0,USD,3.49,3.49,0.0,1.0,3.49,0.0,pos/pos_tlog_202502.csv
POS-1042-70000272-5,70000272,5,06,1042,2025-02-08,2025-02-08 17:13:57,4492003,841ac22d0dec01ca9b65b36896f1d3cb176475c6ee5b44fabbd3f7548d414e51,,In-store,Sale,0,1.0,USD,2.29,2.29,0.0,1.0,2.29,0.0,pos/pos_tlog_202502.csv
POS-1042-70000273-1,70000273,1,02,1042,2025-02-08,2025-02-08 14:39:26,94101,21c5c31db3b13db6d09b83a16ac9a60033de6fad25002ff4dbcb61e5af47d0fe,,In-store,Sale,0,1.0,USD,3.99,3.99,0.0,1.0,3.99,0.0,pos/pos_tlog_202502.csv
POS-1042-70000274-1,70000274,1,03,1042,2025-02-08,2025-02-08 20:50:02,40102,8e33c7e01b8ccc4d99f919d928ae75bbd3df4635cf117d2dbe14a0b46180b91a,,In-store,Sale,0,1.836,USD,16.99,31.19,0.0,1.0,31.19,0.0,pos/pos_tlog_202502.csv
POS-1042-70000329-1,70000329,1,03,1042,2025-02-09,2025-02-09 17:53:20,5103,ANONYMOUS,,In-store,Sale,0,1.0,USD,6.99,6.99,0.0,1.0,6.99,0.0,pos/pos_tlog_202502.csv
POS-1042-70000329-2,70000329,2,03,1042,2025-02-09,2025-02-09 17:53:20,30103,ANONYMOUS,,In-store,Sale,0,2.0,USD,8.99,17.98,0.0,1.0,17.98,0.0,pos/pos_tlog_202502.csv
POS-1042-70000329-3,70000329,3,03,1042,2025-02-09,2025-02-09 17:53:20,4492001,ANONYMOUS,,In-store,Sale,0,1.0,USD,1.79,1.79,0.0,1.0,1.79,0.0,pos/pos_tlog_202502.csv
POS-1042-70000329-4,70000329,4,03,1042,2025-02-09,2025-02-09 17:53:20,4481002,ANONYMOUS,,In-store,Sale,0,1.0,USD,7.99,7.99,0.0,1.0,7.99,0.0,pos/pos_tlog_202502.csv
POS-1042-70000330-1,70000330,1,02,1042,2025-02-09,2025-02-09 11:40:59,5202,ANONYMOUS,,In-store,Sale,0,2.0,USD,5.99,11.98,0.0,1.0,11.98,0.0,pos/pos_tlog_202502.csv
POS-1042-70000331-1,70000331,1,01,1042,2025-02-09,2025-02-09 08:53:57,94103,f7402e18967e74c72bd3653b774efd9cd0ad16de5575ce3b9b528c750608fe35,,In-store,Sale,0,1.0,USD,3.79,3.79,0.0,1.0,3.79,0.0,pos/pos_tlog_202502.csv
POS-1042-70000332-1,70000332,1,02,1042,2025-02-09,2025-02-09 10:30:55,5013,ANONYMOUS,,In-store,Sale,0,2.0,USD,3.89,7.78,0.0,1.0,7.78,0.0,pos/pos_tlog_202502.csv
POS-1042-70000332-2,70000332,2,02,1042,2025-02-09,2025-02-09 10:30:55,4473003,ANONYMOUS,,In-store,Sale,0,1.0,USD,3.49,3.49,0.0,1.0,3.49,0.0,pos/pos_tlog_202502.csv
POS-1042-70000333-1,70000333,1,06,1042,2025-02-09,2025-02-09 16:20:45,20201,ANONYMOUS,,In-store,Sale,0,1.0,USD,5.49,5.49,0.0,1.0,5.49,0.0,pos/pos_tlog_202502.csv
POS-1042-70000333-2,70000333,2,06,1042,2025-02-09,2025-02-09 16:20:45,5101,ANONYMOUS,,In-store,Sale,0,1.0,USD,7.99,7.99,0.0,1.0,7.99,0.0,pos/pos_tlog_202502.csv
POS-1042-70000333-3,70000333,3,06,1042,2025-02-09,2025-02-09 16:20:45,4471024,ANONYMOUS,,In-store,Sale,0,1.0,USD,3.49,3.49,0.0,1.0,3.49,0.0,pos/pos_tlog_202502.csv
POS-1042-70000333-4,70000333,4,06,1042,2025-02-09,2025-02-09 16:20:45,40101,ANONYMOUS,,In-store,Sale,0,1.676,USD,18.99,31.83,0.0,1.0,31.83,0.0,pos/pos_tlog_202502.csv
POS-1042-70000333-5,70000333,5,06,1042,2025-02-09,2025-02-09 16:20:45,4472003,ANONYMOUS,,In-store,Sale,0,1.0,USD,3.29,3.29,0.0,1.0,3.29,0.0,pos/pos_tlog_202502.csv
POS-1042-70000333-6,70000333,6,06,1042,2025-02-09,2025-02-09 16:20:45,40201,ANONYMOUS,,In-store,Sale,0,3.0,USD,8.99,26.97,0.0,1.0,26.97,0.0,pos/pos_tlog_202502.csv
POS-1042-70000334-1,70000334,1,03,1042,2025-02-09,2025-02-09 20:42:31,20202,ANONYMOUS,,In-store,Sale,0,1.0,USD,5.99,5.99,0.0,1.0,5.99,0.0,pos/pos_tlog_202502.csv
POS-1042-70000334-2,70000334,2,03,1042,2025-02-09,2025-02-09 20:42:31,4482002,ANONYMOUS,,In-store,Sale,0,3.0,USD,17.99,53.97,0.0,1.0,53.97,0.0,pos/pos_tlog_202502.csv
POS-1042-70000335-1,70000335,1,04,1042,2025-02-09,2025-02-09 14:11:24,4481002,ANONYMOUS,,In-store,Sale,0,1.0,USD,7.99,7.99,0.0,1.0,7.99,0.0,pos/pos_tlog_202502.csv
POS-1042-70000336-1,70000336,1,01,1042,2025-02-09,2025-02-09 13:29:12,552001,ANONYMOUS,BG25W02,In-store,Sale,0,2.0,USD,4.49,8.98,4.49,1.0,8.98,4.49,pos/pos_tlog_202502.csv
POS-1042-70000336-2,70000336,2,01,1042,2025-02-09,2025-02-09 13:29:12,40102,ANONYMOUS,,In-store,Sale,0,1.729,USD,16.99,29.38,0.0,1.0,29.38,0.0,pos/pos_tlog_202502.csv
POS-1042-70000336-3,70000336,3,01,1042,2025-02-09,2025-02-09 13:29:12,4473003,ANONYMOUS,,In-store,Sale,0,3.0,USD,3.49,10.47,0.0,1.0,10.47,0.0,pos/pos_tlog_202502.csv
POS-1042-70000337-1,70000337,1,04,1042,2025-02-09,2025-02-09 07:06:14,4492002,f3aed843ebba805128c3f52775920c16b93926142703c66a2598c7fa9b9c422a,,In-store,Sale,0,1.0,USD,1.49,1.49,0.0,1.0,1.49,0.0,pos/pos_tlog_202502.csv
POS-1042-70000337-2,70000337,2,04,1042,2025-02-09,2025-02-09 07:06:14,93322,f3aed843ebba805128c3f52775920c16b93926142703c66a2598c7fa9b9c422a,,In-store,Sale,0,0.996,USD,1.99,1.98,0.0,1.0,1.98,0.0,pos/pos_tlog_202502.csv
POS-1042-70000337-3,70000337,3,04,1042,2025-02-09,2025-02-09 07:06:14,20101,f3aed843ebba805128c3f52775920c16b93926142703c66a2598c7fa9b9c422a,,In-store,Sale,0,1.0,USD,2.49,2.49,0.0,1.0,2.49,0.0,pos/pos_tlog_202502.csv
POS-1042-70000337-4,70000337,4,04,1042,2025-02-09,2025-02-09 07:06:14,20102,f3aed843ebba805128c3f52775920c16b93926142703c66a2598c7fa9b9c422a,,In-store,Sale,0,1.0,USD,3.49,3.49,0.0,1.0,3.49,0.0,pos/pos_tlog_202502.csv
POS-1042-70000338-1,70000338,1,05,1042,2025-02-09,2025-02-09 12:23:25,551020,6e7ccc29d6a7b6c54b60ae9d441cee22be683079d955c805ec64e700beec7a48,,In-store,Sale,0,1.0,USD,13.99,13.99,0.0,1.0,13.99,0.0,pos/pos_tlog_202502.csv
POS-1042-70000338-2,70000338,2,05,1042,2025-02-09,2025-02-09 12:23:25,4492001,6e7ccc29d6a7b6c54b60ae9d441cee22be683079d955c805ec64e700beec7a48,BG25W02,In-store,Sale,0,2.0,USD,1.79,3.58,1.79,1.0,3.58,1.79,pos/pos_tlog_202502.csv
POS-1042-70000338-3,70000338,3,05,1042,2025-02-09,2025-02-09 12:23:25,5302,6e7ccc29d6a7b6c54b60ae9d441cee22be683079d955c805ec64e700beec7a48,,In-store,Sale,0,1.0,USD,3.49,3.49,0.0,1.0,3.49,0.0,pos/pos_tlog_202502.csv
POS-1042-70000338-4,70000338,4,05,1042,2025-02-09,2025-02-09 12:23:25,94102,6e7ccc29d6a7b6c54b60ae9d441cee22be683079d955c805ec64e700beec7a48,,In-store,Sale,0,2.0,USD,3.49,6.98,0.0,1.0,6.98,0.0,pos/pos_tlog_202502.csv
POS-1042-70000338-5,70000338,5,05,1042,2025-02-09,2025-02-09 12:23:25,20203,6e7ccc29d6a7b6c54b60ae9d441cee22be683079d955c805ec64e700beec7a48,,In-store,Sale,0,1.0,USD,6.49,6.49,0.0,1.0,6.49,0.0,pos/pos_tlog_202502.csv
POS-1042-70000384-1,70000384,1,01,1042,2025-02-10,2025-02-10 16:02:58,4492001,ANONYMOUS,,In-store,Sale,0,1.0,USD,1.79,1.79,0.0,1.0,1.79,0.0,pos/pos_tlog_202502.csv
POS-1042-70000385-1,70000385,1,05,1042,2025-02-10,2025-02-10 15:46:26,40102,ANONYMOUS,,In-store,Sale,0,0.656,USD,16.99,11.15,0.0,1.0,11.15,0.0,pos/pos_tlog_202502.csv
POS-1042-70000385-2,70000385,2,05,1042,2025-02-10,2025-02-10 15:46:26,93325,ANONYMOUS,,In-store,Sale,0,0.807,USD,3.99,3.22,0.0,1.0,3.22,0.0,pos/pos_tlog_202502.csv
POS-1042-70000385-3,70000385,3,05,1042,2025-02-10,2025-02-10 15:46:26,4483001,ANONYMOUS,,In-store,Sale,0,1.0,USD,4.99,4.99,0.0,1.0,4.99,0.0,pos/pos_tlog_202502.csv
POS-1042-70000385-4,70000385,4,05,1042,2025-02-10,2025-02-10 15:46:26,4481001,ANONYMOUS,,In-store,Sale,0,1.0,USD,7.99,7.99,0.0,1.0,7.99,0.0,pos/pos_tlog_202502.csv
POS-1042-70000385-5,70000385,5,05,1042,2025-02-10,2025-02-10 15:46:26,30102,ANONYMOUS,,In-store,Sale,0,1.0,USD,14.99,14.99,0.0,1.0,14.99,0.0,pos/pos_tlog_202502.csv
POS-1042-70000386-1,70000386,1,02,1042,2025-02-10,2025-02-10 19:47:21,4482003,1f4e1e05641efeb11314355ad960b2c0cec79042fbb89b53fa5a600dc0a3e288,,In-store,Sale,0,2.0,USD,5.49,10.98,0.0,1.0,10.98,0.0,pos/pos_tlog_202502.csv
POS-1042-70000386-2,70000386,2,02,1042,2025-02-10,2025-02-10 19:47:21,4473002,1f4e1e05641efeb11314355ad960b2c0cec79042fbb89b53fa5a600dc0a3e288,,In-store,Sale,0,1.0,USD,2.79,2.79,0.0,1.0,2.79,0.0,pos/pos_tlog_202502.csv
POS-1042-70000386-3,70000386,3,02,1042,2025-02-10,2025-02-10 19:47:21,4473001,1f4e1e05641efeb11314355ad960b2c0cec79042fbb89b53fa5a600dc0a3e288,,In-store,Sale,0,2.0,USD,2.99,5.98,0.0,1.0,5.98,0.0,pos/pos_tlog_202502.csv
POS-1042-70000387-1,70000387,1,06,1042,2025-02-10,2025-02-10 18:41:16,5201,eb9882846dd3aacc58d1553000b5a7d391b622a45ad9a729fc39204aff994e51,,In-store,Sale,0,1.0,USD,3.99,3.99,0.0,1.0,3.99,0.0,pos/pos_tlog_202502.csv
POS-1042-70000387-2,70000387,2,06,1042,2025-02-10,2025-02-10 18:41:16,4472003,eb9882846dd3aacc58d1553000b5a7d391b622a45ad9a729fc39204aff994e51,,In-store,Sale,0,1.0,USD,3.29,3.29,0.0,1.0,3.29,0.0,pos/pos_tlog_202502.csv
POS-1042-70000387-3,70000387,3,06,1042,2025-02-10,2025-02-10 18:41:16,4471023,eb9882846dd3aacc58d1553000b5a7d391b622a45ad9a729fc39204aff994e51,,In-store,Sale,0,3.0,USD,3.49,10.47,0.0,1.0,10.47,0.0,pos/pos_tlog_202502.csv
POS-1042-70000388-1,70000388,1,03,1042,2025-02-10,2025-02-10 17:23:55,94201,ffa54a8afd202de88a5b60398bfa09e0db1e1adf99fdd826a9f79dbaa0cb7818,,In-store,Sale,0,0.63,USD,1.69,1.06,0.0,1.0,1.06,0.0,pos/pos_tlog_202502.csv
POS-1042-70000388-2,70000388,2,03,1042,2025-02-10,2025-02-10 17:23:55,20203,ffa54a8afd202de88a5b60398bfa09e0db1e1adf99fdd826a9f79dbaa0cb7818,,In-store,Sale,0,1.0,USD,6.49,6.49,0.0,1.0,6.49,0.0,pos/pos_tlog_202502.csv
POS-1042-70000388-3,70000388,3,03,1042,2025-02-10,2025-02-10 17:23:55,552001,ffa54a8afd202de88a5b60398bfa09e0db1e1adf99fdd826a9f79dbaa0cb7818,,In-store,Sale,0,1.0,USD,4.49,4.49,0.0,1.0,4.49,0.0,pos/pos_tlog_202502.csv
POS-1042-70000388-4,70000388,4,03,1042,2025-02-10,2025-02-10 17:23:55,552001,ffa54a8afd202de88a5b60398bfa09e0db1e1adf99fdd826a9f79dbaa0cb7818,BG25W02,In-store,Sale,0,2.0,USD,4.49,8.98,4.49,1.0,8.98,4.49,pos/pos_tlog_202502.csv
POS-1042-70000389-1,70000389,1,05,1042,2025-02-10,2025-02-10 11:49:46,93401,aff94ab22f8bd45ae6b487ac122ee93f70d2f77bd273c0776e757c33aebdb8e6,,In-store,Sale,0,1.312,USD,5.49,7.2,0.0,1.0,7.2,0.0,pos/pos_tlog_202502.csv
POS-1042-70000390-1,70000390,1,01,1042,2025-02-10,2025-02-10 17:31:42,94203,ANONYMOUS,,In-store,Sale,0,1.53,USD,1.49,2.28,0.0,1.0,2.28,0.0,pos/pos_tlog_202502.csv
POS-1042-70000425-1,70000425,1,02,1042,2025-02-11,2025-02-11 14:57:42,561002,ANONYMOUS,,In-store,Sale,0,1.0,USD,7.49,7.49,0.0,1.0,7.49,0.0,pos/pos_tlog_202502.csv
POS-1042-70000426-1,70000426,1,04,1042,2025-02-11,2025-02-11 10:40:18,4473003,ANONYMOUS,,In-store,Sale,0,1.0,USD,3.49,3.49,0.0,1.0,3.49,0.0,pos/pos_tlog_202502.csv
POS-1042-70000426-2,70000426,2,04,1042,2025-02-11,2025-02-11 10:40:18,5012,ANONYMOUS,,In-store,Sale,0,1.0,USD,3.99,3.99,0.0,1.0,3.99,0.0,pos/pos_tlog_202502.csv
POS-1042-70000426-3,70000426,3,04,1042,2025-02-11,2025-02-11 10:40:18,31101,ANONYMOUS,,In-store,Sale,0,1.838,USD,24.99,45.93,0.0,1.0,45.93,0.0,pos/pos_tlog_202502.csv
POS-1042-70000427-1,70000427,1,02,1042,2025-02-11,2025-02-11 14:09:10,93401,1d3595f9f8c34718d7ab75ffad2d4abb1728d79861a4903ba430b65aa29e59b3,,In-store,Sale,0,2.089,USD,5.49,11.47,0.0,1.0,11.47,0.0,pos/pos_tlog_202502.csv
POS-1042-70000428-1,70000428,1,02,1042,2025-02-11,2025-02-11 13:39:08,5102,ANONYMOUS,,In-store,Sale,0,1.0,USD,5.49,5.49,0.0,1.0,5.49,0.0,pos/pos_tlog_202502.csv
POS-1042-70000428-2,70000428,2,02,1042,2025-02-11,2025-02-11 13:39:08,5103,ANONYMOUS,,In-store,Sale,0,1.0,USD,6.99,6.99,0.0,1.0,6.99,0.0,pos/pos_tlog_202502.csv
POS-1042-70000457-1,70000457,1,01,1042,2025-02-12,2025-02-12 18:43:05,93503,ANONYMOUS,,In-store,Sale,0,2.0,USD,4.29,8.58,0.0,1.0,8.58,0.0,pos/pos_tlog_202502.csv
POS-1042-70000457-2,70000457,2,01,1042,2025-02-12,2025-02-12 18:43:05,4483001,ANONYMOUS,,In-store,Sale,0,1.0,USD,4.99,4.99,0.0,1.0,4.99,0.0,pos/pos_tlog_202502.csv
POS-1042-70000457-3,70000457,3,01,1042,2025-02-12,2025-02-12 18:43:05,4471024,ANONYMOUS,,In-store,Sale,0,1.0,USD,3.49,3.49,0.0,1.0,3.49,0.0,pos/pos_tlog_202502.csv
POS-1042-70000457-4,70000457,4,01,1042,2025-02-12,2025-02-12 18:43:05,20103,ANONYMOUS,,In-store,Sale,0,1.0,USD,4.99,4.99,0.0,1.0,4.99,0.0,pos/pos_tlog_202502.csv
POS-1042-70000457-5,70000457,5,01,1042,2025-02-12,2025-02-12 18:43:05,20103,ANONYMOUS,,In-store,Sale,0,1.0,USD,4.99,4.99,0.0,1.0,4.99,0.0,pos/pos_tlog_202502.csv
POS-1042-70000457-6,70000457,6,01,1042,2025-02-12,2025-02-12 18:43:05,551020,ANONYMOUS,,In-store,Sale,0,2.0,USD,13.99,27.98,0.0,1.0,27.98,0.0,pos/pos_tlog_202502.csv
POS-1042-70000458-1,70000458,1,02,1042,2025-02-12,2025-02-12 14:48:40,5202,ANONYMOUS,,In-store,Sale,0,2.0,USD,5.99,11.98,0.0,1.0,11.98,0.0,pos/pos_tlog_202502.csv
POS-1042-70000458-2,70000458,2,02,1042,2025-02-12,2025-02-12 14:48:40,561002,ANONYMOUS,,In-store,Sale,0,2.0,USD,7.49,14.98,0.0,1.0,14.98,0.0,pos/pos_tlog_202502.csv
POS-1042-70000458-3,70000458,3,02,1042,2025-02-12,2025-02-12 14:48:40,4492003,ANONYMOUS,,In-store,Sale,0,1.0,USD,2.29,2.29,0.0,1.0,2.29,0.0,pos/pos_tlog_202502.csv
POS-1042-70000458-4,70000458,4,02,1042,2025-02-12,2025-02-12 14:48:40,562001,ANONYMOUS,,In-store,Sale,0,1.0,USD,10.99,10.99,0.0,1.0,10.99,0.0,pos/pos_tlog_202502.csv
POS-1042-70000458-5,70000458,5,02,1042,2025-02-12,2025-02-12 14:48:40,561002,ANONYMOUS,,In-store,Sale,0,2.0,USD,7.49,14.98,0.0,1.0,14.98,0.0,pos/pos_tlog_202502.csv
POS-1042-70000459-1,70000459,1,06,1042,2025-02-12,2025-02-12 18:09:25,93503,f0d5b1d8af2a3e89f503378d4d9a29585a8cf8551d23b9e51099b50458a591cd,,In-store,Sale,0,3.0,USD,4.29,12.87,0.0,1.0,12.87,0.0,pos/pos_tlog_202502.csv
POS-1042-70000459-2,70000459,2,06,1042,2025-02-12,2025-02-12 18:09:25,4471040,f0d5b1d8af2a3e89f503378d4d9a29585a8cf8551d23b9e51099b50458a591cd,,In-store,Sale,0,1.0,USD,2.49,2.49,0.0,1.0,2.49,0.0,pos/pos_tlog_202502.csv
POS-1042-70000460-1,70000460,1,04,1042,2025-02-12,2025-02-12 13:28:49,5201,ANONYMOUS,,In-store,Sale,0,1.0,USD,3.99,3.99,0.0,1.0,3.99,0.0,pos/pos_tlog_202502.csv
POS-1042-70000460-2,70000460,2,04,1042,2025-02-12,2025-02-12 13:28:49,5101,ANONYMOUS,,In-store,Sale,0,2.0,USD,7.99,15.98,0.0,1.0,15.98,0.0,pos/pos_tlog_202502.csv
POS-1042-70000460-3,70000460,3,04,1042,2025-02-12,2025-02-12 13:28:49,4482002,ANONYMOUS,,In-store,Sale,0,3.0,USD,17.99,53.97,0.0,1.0,53.97,0.0,pos/pos_tlog_202502.csv
POS-1042-70000460-4,70000460,4,04,1042,2025-02-12,2025-02-12 13:28:49,40102,ANONYMOUS,,In-store,Sale,0,1.312,USD,16.99,22.29,0.0,1.0,22.29,0.0,pos/pos_tlog_202502.csv
POS-1042-70000460-5,70000460,5,04,1042,2025-02-12,2025-02-12 13:28:49,4491001,ANONYMOUS,,In-store,Sale,0,1.0,USD,2.49,2.49,0.0,1.0,2.49,0.0,pos/pos_tlog_202502.csv
POS-1042-70000461-1,70000461,1,04,1042,2025-02-12,2025-02-12 21:14:29,93501,ANONYMOUS,,In-store,Sale,0,1.0,USD,4.49,4.49,0.0,1.0,4.49,0.0,pos/pos_tlog_202502.csv
POS-1042-70000462-1,70000462,1,06,1042,2025-02-12,2025-02-12 17:22:27,562002,ANONYMOUS,,In-store,Sale,0,1.0,USD,8.49,8.49,0.0,1.0,8.49,0.0,pos/pos_tlog_202502.csv
POS-1042-70000462-2,70000462,2,06,1042,2025-02-12,2025-02-12 17:22:27,94301,ANONYMOUS,,In-store,Sale,0,1.424,USD,4.39,6.25,0.0,1.0,6.25,0.0,pos/pos_tlog_202502.csv
POS-1042-70000463-1,70000463,1,05,1042,2025-02-12,2025-02-12 07:00:44,5013,ANONYMOUS,,In-store,Sale,0,1.0,USD,3.89,3.89,0.0,1.0,3.89,0.0,pos/pos_tlog_202502.csv
POS-1042-70000463-2,70000463,2,05,1042,2025-02-12,2025-02-12 07:00:44,4482001,ANONYMOUS,,In-store,Sale,0,1.0,USD,13.99,13.99,0.0,1.0,13.99,0.0,pos/pos_tlog_202502.csv
POS-1042-70000463-3,70000463,3,05,1042,2025-02-12,2025-02-12 07:00:44,30202,ANONYMOUS,,In-store,Sale,0,1.0,USD,11.49,11.49,0.0,1.0,11.49,0.0,pos/pos_tlog_202502.csv
POS-1042-70000463-4,70000463,4,05,1042,2025-02-12,2025-02-12 07:00:44,30202,ANONYMOUS,,In-store,Sale,0,1.0,USD,11.49,11.49,0.0,1.0,11.49,0.0,pos/pos_tlog_202502.csv
POS-1042-70000464-1,70000464,1,06,1042,2025-02-12,2025-02-12 12:46:20,552001,9bbc6da2ba5b477032b2fe9277bb47e1c7407ba57f56efa63e3e3e30a2585a2e,BG25W02,In-store,Sale,0,2.0,USD,4.49,8.98,4.49,1.0,8.98,4.49,pos/pos_tlog_202502.csv
POS-1042-70000489-1,70000489,1,06,1042,2025-02-13,2025-02-13 14:33:39,4483002,ANONYMOUS,,In-store,Sale,0,1.0,USD,3.49,3.49,0.0,1.0,3.49,0.0,pos/pos_tlog_202502.csv
POS-1042-70000489-2,70000489,2,06,1042,2025-02-13,2025-02-13 14:33:39,561002,ANONYMOUS,,In-store,Sale,0,1.0,USD,7.49,7.49,0.0,1.0,7.49,0.0,pos/pos_tlog_202502.csv
POS-1042-70000489-3,70000489,3,06,1042,2025-02-13,2025-02-13 14:33:39,5103,ANONYMOUS,,In-store,Sale,0,1.0,USD,6.99,6.99,0.0,1.0,6.99,0.0,pos/pos_tlog_202502.csv
POS-1042-70000489-4,70000489,4,06,1042,2025-02-13,2025-02-13 14:33:39,4481002,ANONYMOUS,,In-store,Sale,0,1.0,USD,7.99,7.99,0.0,1.0,7.99,0.0,pos/pos_tlog_202502.csv
POS-1042-70000490-1,70000490,1,03,1042,2025-02-13,2025-02-13 11:40:41,552002,ANONYMOUS,,In-store,Sale,0,1.0,USD,3.99,3.99,0.0,1.0,3.99,0.0,pos/pos_tlog_202502.csv
POS-1042-70000490-2,70000490,2,03,1042,2025-02-13,2025-02-13 11:40:41,20103,ANONYMOUS,,In-store,Sale,0,2.0,USD,4.99,9.98,0.0,1.0,9.98,0.0,pos/pos_tlog_202502.csv
POS-1042-70000490-3,70000490,3,03,1042,2025-02-13,2025-02-13 11:40:41,4491001,ANONYMOUS,,In-store,Sale,0,2.0,USD,2.49,4.98,0.0,1.0,4.98,0.0,pos/pos_tlog_202502.csv
POS-1042-70000490-4,70000490,4,03,1042,2025-02-13,2025-02-13 11:40:41,30102,ANONYMOUS,,In-store,Sale,0,1.0,USD,14.99,14.99,0.0,1.0,14.99,0.0,pos/pos_tlog_202502.csv
POS-1042-70000490-5,70000490,5,03,1042,2025-02-13,2025-02-13 11:40:41,5012,ANONYMOUS,,In-store,Sale,0,1.0,USD,3.99,3.99,0.0,1.0,3.99,0.0,pos/pos_tlog_202502.csv
POS-1042-70000490-6,70000490,6,03,1042,2025-02-13,2025-02-13 11:40:41,4491003,ANONYMOUS,,In-store,Sale,0,1.0,USD,1.99,1.99,0.0,1.0,1.99,0.0,pos/pos_tlog_202502.csv
POS-1042-70000491-1,70000491,1,03,1042,2025-02-13,2025-02-13 13:36:53,93401,7c79a8b612aee8dc4f701028f99d11c13546073d06bf3ec05cdbb7e0ce35f579,,In-store,Sale,0,1.084,USD,5.49,5.95,0.0,1.0,5.95,0.0,pos/pos_tlog_202502.csv
POS-1042-70000491-2,70000491,2,03,1042,2025-02-13,2025-02-13 13:36:53,93501,7c79a8b612aee8dc4f701028f99d11c13546073d06bf3ec05cdbb7e0ce35f579,,In-store,Sale,0,1.0,USD,4.49,4.49,0.0,1.0,4.49,0.0,pos/pos_tlog_202502.csv
POS-1042-70000492-1,70000492,1,06,1042,2025-02-13,2025-02-13 16:07:15,40101,ANONYMOUS,,In-store,Sale,0,1.697,USD,18.99,32.23,0.0,1.0,32.23,0.0,pos/pos_tlog_202502.csv
POS-1042-70000492-2,70000492,2,06,1042,2025-02-13,2025-02-13 16:07:15,4481001,ANONYMOUS,,In-store,Sale,0,1.0,USD,7.99,7.99,0.0,1.0,7.99,0.0,pos/pos_tlog_202502.csv
POS-1042-70000493-1,70000493,1,01,1042,2025-02-13,2025-02-13 16:00:02,551021,b7fab4505044c3980c20d6f88ce90899e50849de2dd6ae11e0e7281a4ba4721a,,In-store,Sale,0,1.0,USD,11.99,11.99,0.0,1.0,11.99,0.0,pos/pos_tlog_202502.csv
POS-1042-70000493-2,70000493,2,01,1042,2025-02-13,2025-02-13 16:00:02,4493001,b7fab4505044c3980c20d6f88ce90899e50849de2dd6ae11e0e7281a4ba4721a,,In-store,Sale,0,1.0,USD,5.49,5.49,0.0,1.0,5.49,0.0,pos/pos_tlog_202502.csv
POS-1042-70000494-1,70000494,1,04,1042,2025-02-13,2025-02-13 12:29:47,20102,ba52e9b82ba89864e8c61c10c3a2e19e122fc7d9ca7e3885e8e0169237f7f91c,,In-store,Sale,0,1.0,USD,3.49,3.49,0.0,1.0,3.49,0.0,pos/pos_tlog_202502.csv
POS-1042-70000495-1,70000495,1,04,1042,2025-02-13,2025-02-13 08:45:41,93503,ANONYMOUS,,In-store,Sale,0,1.0,USD,4.29,4.29,0.0,1.0,4.29,0.0,pos/pos_tlog_202502.csv
POS-1042-70000496-1,70000496,1,05,1042,2025-02-13,2025-02-13 10:46:19,20102,ANONYMOUS,,In-store,Sale,0,1.0,USD,3.49,3.49,0.0,1.0,3.49,0.0,pos/pos_tlog_202502.csv
POS-1042-70000526-1,70000526,1,04,1042,2025-02-14,2025-02-14 09:40:12,20201,c4ebe14eea7d3c246ed61012304d8b46a59c0a6eec1fee04738d1b704c5bd93e,,In-store,Sale,0,1.0,USD,5.49,5.49,0.0,1.0,5.49,0.0,pos/pos_tlog_202502.csv
POS-1042-70000526-2,70000526,2,04,1042,2025-02-14,2025-02-14 09:40:12,4481001,c4ebe14eea7d3c246ed61012304d8b46a59c0a6eec1fee04738d1b704c5bd93e,,In-store,Sale,0,1.0,USD,7.99,7.99,0.0,1.0,7.99,0.0,pos/pos_tlog_202502.csv
POS-1042-70000526-3,70000526,3,04,1042,2025-02-14,2025-02-14 09:40:12,20101,c4ebe14eea7d3c246ed61012304d8b46a59c0a6eec1fee04738d1b704c5bd93e,,In-store,Sale,0,1.0,USD,2.49,2.49,0.0,1.0,2.49,0.0,pos/pos_tlog_202502.csv
POS-1042-70000526-4,70000526,4,04,1042,2025-02-14,2025-02-14 09:40:12,551021,c4ebe14eea7d3c246ed61012304d8b46a59c0a6eec1fee04738d1b704c5bd93e,,In-store,Sale,0,1.0,USD,11.99,11.99,0.0,1.0,11.99,0.0,pos/pos_tlog_202502.csv
POS-1042-70000527-1,70000527,1,01,1042,2025-02-14,2025-02-14 20:31:19,4473002,ANONYMOUS,,In-store,Sale,0,2.0,USD,2.79,5.58,0.0,1.0,5.58,0.0,pos/pos_tlog_202502.csv
POS-1042-70000527-2,70000527,2,01,1042,2025-02-14,2025-02-14 20:31:19,5301,ANONYMOUS,,In-store,Sale,0,1.0,USD,5.49,5.49,0.0,1.0,5.49,0.0,pos/pos_tlog_202502.csv
POS-1042-70000527-3,70000527,3,01,1042,2025-02-14,2025-02-14 20:31:19,40101,ANONYMOUS,,In-store,Sale,0,0.728,USD,18.99,13.82,0.0,1.0,13.82,0.0,pos/pos_tlog_202502.csv
POS-1042-70000527-4,70000527,4,01,1042,2025-02-14,2025-02-14 20:31:19,40201,ANONYMOUS,,In-store,Sale,0,1.0,USD,8.99,8.99,0.0,1.0,8.99,0.0,pos/pos_tlog_202502.csv
POS-1042-70000527-5,70000527,5,01,1042,2025-02-14,2025-02-14 20:31:19,5302,ANONYMOUS,,In-store,Sale,0,1.0,USD,3.49,3.49,0.0,1.0,3.49,0.0,pos/pos_tlog_202502.csv
POS-1042-70000558-1,70000558,1,04,1042,2025-02-15,2025-02-15 16:08:44,561002,ANONYMOUS,,In-store,Sale,0,1.0,USD,7.49,7.49,0.0,1.0,7.49,0.0,pos/pos_tlog_202502.csv
POS-1042-70000559-1,70000559,1,04,1042,2025-02-15,2025-02-15 08:26:40,4473002,6f2728d063a29c897e054dbb0a6141e9849c4f90659323d1a796992a2708f75d,,In-store,Sale,0,1.0,USD,2.79,2.79,0.0,1.0,2.79,0.0,pos/pos_tlog_202502.csv
POS-1042-70000559-2,70000559,2,04,1042,2025-02-15,2025-02-15 08:26:40,561002,6f2728d063a29c897e054dbb0a6141e9849c4f90659323d1a796992a2708f75d,,In-store,Sale,0,1.0,USD,7.49,7.49,0.0,1.0,7.49,0.0,pos/pos_tlog_202502.csv
POS-1042-70000560-1,70000560,1,04,1042,2025-02-15,2025-02-15 08:35:00,5201,ANONYMOUS,,In-store,Sale,0,3.0,USD,3.99,11.97,0.0,1.0,11.97,0.0,pos/pos_tlog_202502.csv
POS-1042-70000560-2,70000560,2,04,1042,2025-02-15,2025-02-15 08:35:00,93501,ANONYMOUS,,In-store,Sale,0,1.0,USD,4.49,4.49,0.0,1.0,4.49,0.0,pos/pos_tlog_202502.csv
POS-1042-70000561-1,70000561,1,06,1042,2025-02-15,2025-02-15 18:14:02,4473003,ANONYMOUS,,In-store,Sale,0,1.0,USD,3.49,3.49,0.0,1.0,3.49,0.0,pos/pos_tlog_202502.csv
POS-1042-70000561-2,70000561,2,06,1042,2025-02-15,2025-02-15 18:14:02,4492001,ANONYMOUS,,In-store,Sale,0,1.0,USD,1.79,1.79,0.0,1.0,1.79,0.0,pos/pos_tlog_202502.csv
POS-1042-70000562-1,70000562,1,04,1042,2025-02-15,2025-02-15 14:46:08,5013,a09258bc90f97a84f82e8e3be1f0ada713ccb84e377fb78dc7be68d427dd998b,,In-store,Sale,0,2.0,USD,3.89,7.78,0.0,1.0,7.78,0.0,pos/pos_tlog_202502.csv
POS-1042-70000562-2,70000562,2,04,1042,2025-02-15,2025-02-15 14:46:08,40101,a09258bc90f97a84f82e8e3be1f0ada713ccb84e377fb78dc7be68d427dd998b,,In-store,Sale,0,0.323,USD,18.99,6.13,0.0,1.0,6.13,0.0,pos/pos_tlog_202502.csv
POS-1042-70000563-1,70000563,1,03,1042,2025-02-15,2025-02-15 18:52:23,5202,ANONYMOUS,,In-store,Sale,0,2.0,USD,5.99,11.98,0.0,1.0,11.98,0.0,pos/pos_tlog_202502.csv
POS-1042-70000564-1,70000564,1,06,1042,2025-02-15,2025-02-15 15:43:50,4471024,3f361b45d0ca3f208de165915008103c8ac766d96a1e3b214ad82ecea13bb6dd,,In-store,Sale,0,1.0,USD,3.49,3.49,0.0,1.0,3.49,0.0,pos/pos_tlog_202502.csv
POS-1042-70000564-2,70000564,2,06,1042,2025-02-15,2025-02-15 15:43:50,4482001,3f361b45d0ca3f208de165915008103c8ac766d96a1e3b214ad82ecea13bb6dd,,In-store,Sale,0,1.0,USD,13.99,13.99,0.0,1.0,13.99,0.0,pos/pos_tlog_202502.csv
POS-1042-70000564-3,70000564,3,06,1042,2025-02-15,2025-02-15 15:43:50,4471024,3f361b45d0ca3f208de165915008103c8ac766d96a1e3b214ad82ecea13bb6dd,,In-store,Void,0,1.0,USD,3.49,3.49,0.0,1.0,3.49,0.0,pos/pos_tlog_202502.csv
POS-1042-70000565-1,70000565,1,02,1042,2025-02-15,2025-02-15 17:04:37,4482002,0befef1115d2f3e1e4fd7bd85c0b11279b1b4de5607e582f9013dbb47f969ae8,,In-store,Sale,0,1.0,USD,17.99,17.99,0.0,1.0,17.99,0.0,pos/pos_tlog_202502.csv
POS-1042-70000565-2,70000565,2,02,1042,2025-02-15,2025-02-15 17:04:37,4471030,0befef1115d2f3e1e4fd7bd85c0b11279b1b4de5607e582f9013dbb47f969ae8,,In-store,Sale,0,1.0,USD,3.99,3.99,0.0,1.0,3.99,0.0,pos/pos_tlog_202502.csv
POS-1042-70000566-1,70000566,1,04,1042,2025-02-15,2025-02-15 13:16:53,4493001,d2da9294c64787f6b7301187b270f08f0148ac552691a8073a18e8bcaebeb55e,,In-store,Sale,0,2.0,USD,5.49,10.98,0.0,1.0,10.98,0.0,pos/pos_tlog_202502.csv
POS-1042-70000566-2,70000566,2,04,1042,2025-02-15,2025-02-15 13:16:53,40202,d2da9294c64787f6b7301187b270f08f0148ac552691a8073a18e8bcaebeb55e,,In-store,Sale,0,1.0,USD,14.99,14.99,0.0,1.0,14.99,0.0,pos/pos_tlog_202502.csv
POS-1042-70000567-1,70000567,1,03,1042,2025-02-15,2025-02-15 14:11:32,4472001,ANONYMOUS,,In-store,Sale,0,1.0,USD,3.99,3.99,0.0,1.0,3.99,0.0,pos/pos_tlog_202502.csv
POS-1042-70000568-1,70000568,1,04,1042,2025-02-15,2025-02-15 18:24:20,94302,ANONYMOUS,,In-store,Sale,0,1.965,USD,5.49,10.79,0.0,1.0,10.79,0.0,pos/pos_tlog_202502.csv
POS-1042-70000568-2,70000568,2,04,1042,2025-02-15,2025-02-15 18:24:20,562002,ANONYMOUS,,In-store,Sale,0,1.0,USD,8.49,8.49,0.0,1.0,8.49,0.0,pos/pos_tlog_202502.csv
POS-1042-70000569-1,70000569,1,06,1042,2025-02-15,2025-02-15 10:57:34,4482002,ANONYMOUS,,In-store,Sale,0,1.0,USD,17.99,17.99,0.0,1.0,17.99,0.0,pos/pos_tlog_202502.csv
POS-1042-70000569-2,70000569,2,06,1042,2025-02-15,2025-02-15 10:57:34,93401,ANONYMOUS,,In-store,Sale,0,0.757,USD,5.49,4.16,0.0,1.0,4.16,0.0,pos/pos_tlog_202502.csv
POS-1042-70000570-1,70000570,1,03,1042,2025-02-15,2025-02-15 18:40:31,5202,ANONYMOUS,,In-store,Sale,0,1.0,USD,5.99,5.99,0.0,1.0,5.99,0.0,pos/pos_tlog_202502.csv
POS-1042-70000611-1,70000611,1,03,1042,2025-02-16,2025-02-16 15:05:02,5302,7e63e816892f9eeed90e6d1088dd6c8108b1185715609403bb622be7e3be8b50,,In-store,Sale,0,1.0,USD,3.49,3.49,0.0,1.0,3.49,0.0,pos/pos_tlog_202502.csv
POS-1042-70000612-1,70000612,1,04,1042,2025-02-16,2025-02-16 07:29:56,93322,ANONYMOUS,,In-store,Sale,0,1.981,USD,1.99,3.94,0.0,1.0,3.94,0.0,pos/pos_tlog_202502.csv
POS-1042-70000612-2,70000612,2,04,1042,2025-02-16,2025-02-16 07:29:56,551020,ANONYMOUS,,In-store,Sale,0,2.0,USD,13.99,27.98,0.0,1.0,27.98,0.0,pos/pos_tlog_202502.csv
POS-1042-70000612-3,70000612,3,04,1042,2025-02-16,2025-02-16 07:29:56,4491001,ANONYMOUS,,In-store,Sale,0,1.0,USD,2.49,2.49,0.0,1.0,2.49,0.0,pos/pos_tlog_202502.csv
POS-1042-70000613-1,70000613,1,04,1042,2025-02-16,2025-02-16 17:46:28,5301,ANONYMOUS,,In-store,Sale,0,1.0,USD,5.49,5.49,0.0,1.0,5.49,0.0,pos/pos_tlog_202502.csv
POS-1042-70000613-2,70000613,2,04,1042,2025-02-16,2025-02-16 17:46:28,5301,ANONYMOUS,MB25W03B,In-store,Sale,0,3.0,USD,5.49,16.47,5.49,1.0,16.47,5.49,pos/pos_tlog_202502.csv
POS-1042-70000613-3,70000613,3,04,1042,2025-02-16,2025-02-16 17:46:28,93402,ANONYMOUS,,In-store,Sale,0,0.956,USD,3.29,3.15,0.0,1.0,3.15,0.0,pos/pos_tlog_202502.csv
POS-1042-70000613-4,70000613,4,04,1042,2025-02-16,2025-02-16 17:46:28,40201,ANONYMOUS,,In-store,Sale,0,1.0,USD,8.99,8.99,0.0,1.0,8.99,0.0,pos/pos_tlog_202502.csv
POS-1042-70000613-5,70000613,5,04,1042,2025-02-16,2025-02-16 17:46:28,561002,ANONYMOUS,,In-store,Sale,0,1.0,USD,7.49,7.49,0.0,1.0,7.49,0.0,pos/pos_tlog_202502.csv
POS-1042-70000614-1,70000614,1,01,1042,2025-02-16,2025-02-16 20:50:23,30203,ANONYMOUS,,In-store,Return,0,-1.0,USD,8.49,-8.49,0.0,1.0,-8.49,0.0,pos/pos_tlog_202502.csv
POS-1042-70000615-1,70000615,1,02,1042,2025-02-16,2025-02-16 12:41:01,4471023,e82e91edefe76c4897abf003c8b5fc80a66c4a05f9321e49623ad2caa6400d0b,,In-store,Sale,0,1.0,USD,3.49,3.49,0.0,1.0,3.49,0.0,pos/pos_tlog_202502.csv
POS-1042-70000615-2,70000615,2,02,1042,2025-02-16,2025-02-16 12:41:01,5020,e82e91edefe76c4897abf003c8b5fc80a66c4a05f9321e49623ad2caa6400d0b,,In-store,Sale,0,2.0,USD,4.49,8.98,0.0,1.0,8.98,0.0,pos/pos_tlog_202502.csv
POS-1042-70000615-3,70000615,3,02,1042,2025-02-16,2025-02-16 12:41:01,93402,e82e91edefe76c4897abf003c8b5fc80a66c4a05f9321e49623ad2caa6400d0b,,In-store,Sale,0,1.222,USD,3.29,4.02,0.0,1.0,4.02,0.0,pos/pos_tlog_202502.csv
POS-1042-70000615-4,70000615,4,02,1042,2025-02-16,2025-02-16 12:41:01,94203,e82e91edefe76c4897abf003c8b5fc80a66c4a05f9321e49623ad2caa6400d0b,,In-store,Sale,0,0.383,USD,1.49,0.57,0.0,1.0,0.57,0.0,pos/pos_tlog_202502.csv
POS-1042-70000616-1,70000616,1,03,1042,2025-02-16,2025-02-16 09:23:45,93325,ANONYMOUS,,In-store,Sale,0,1.578,USD,3.99,6.3,0.0,1.0,6.3,0.0,pos/pos_tlog_202502.csv
POS-1042-70000617-1,70000617,1,03,1042,2025-02-16,2025-02-16 07:55:29,30202,c7e53a5405f8c1f7d0f6415e9d1e62f809fb6620153613f0980d731abc9464c2,,In-store,Sale,0,2.0,USD,11.49,22.98,0.0,1.0,22.98,0.0,pos/pos_tlog_202502.csv
POS-1042-70000617-2,70000617,2,03,1042,2025-02-16,2025-02-16 07:55:29,93321,c7e53a5405f8c1f7d0f6415e9d1e62f809fb6620153613f0980d731abc9464c2,,In-store,Sale,0,2.137,USD,1.49,3.18,0.0,1.0,3.18,0.0,pos/pos_tlog_202502.csv
POS-1042-70000617-3,70000617,3,03,1042,2025-02-16,2025-02-16 07:55:29,5102,c7e53a5405f8c1f7d0f6415e9d1e62f809fb6620153613f0980d731abc9464c2,,In-store,Sale,0,2.0,USD,5.49,10.98,0.0,1.0,10.98,0.0,pos/pos_tlog_202502.csv
POS-1042-70000617-4,70000617,4,03,1042,2025-02-16,2025-02-16 07:55:29,4472002,c7e53a5405f8c1f7d0f6415e9d1e62f809fb6620153613f0980d731abc9464c2,,In-store,Sale,0,1.0,USD,4.49,4.49,0.0,1.0,4.49,0.0,pos/pos_tlog_202502.csv
POS-1042-70000618-1,70000618,1,04,1042,2025-02-16,2025-02-16 08:36:02,20103,ANONYMOUS,,In-store,Sale,0,1.0,USD,4.99,4.99,0.0,1.0,4.99,0.0,pos/pos_tlog_202502.csv
POS-1042-70000618-2,70000618,2,04,1042,2025-02-16,2025-02-16 08:36:02,5103,ANONYMOUS,,In-store,Sale,0,1.0,USD,6.99,6.99,0.0,1.0,6.99,0.0,pos/pos_tlog_202502.csv
POS-1042-70000618-3,70000618,3,04,1042,2025-02-16,2025-02-16 08:36:02,4471023,ANONYMOUS,,In-store,Sale,0,1.0,USD,3.49,3.49,0.0,1.0,3.49,0.0,pos/pos_tlog_202502.csv
POS-1042-70000619-1,70000619,1,05,1042,2025-02-16,2025-02-16 18:05:31,93321,ANONYMOUS,,In-store,Sale,0,0.505,USD,1.49,0.75,0.0,1.0,0.75,0.0,pos/pos_tlog_202502.csv
POS-1042-70000620-1,70000620,1,05,1042,2025-02-16,2025-02-16 20:10:36,561001,ANONYMOUS,,In-store,Sale,0,1.0,USD,9.99,9.99,0.0,1.0,9.99,0.0,pos/pos_tlog_202502.csv
POS-1042-70000620-2,70000620,2,05,1042,2025-02-16,2025-02-16 20:10:36,20201,ANONYMOUS,,In-store,Sale,0,1.0,USD,5.49,5.49,0.0,1.0,5.49,0.0,pos/pos_tlog_202502.csv
POS-1042-70000620-3,70000620,3,05,1042,2025-02-16,2025-02-16 20:10:36,5101,ANONYMOUS,,In-store,Sale,0,1.0,USD,7.99,7.99,0.0,1.0,7.99,0.0,pos/pos_tlog_202502.csv
POS-1042-70000620-4,70000620,4,05,1042,2025-02-16,2025-02-16 20:10:36,4473003,ANONYMOUS,,In-store,Sale,0,3.0,USD,3.49,10.47,0.0,1.0,10.47,0.0,pos/pos_tlog_202502.csv
POS-1042-70000621-1,70000621,1,03,1042,2025-02-16,2025-02-16 21:45:20,4493002,2cc1f8c91de642847b9eb312e5153754f5e95d85bf061591b7125a57abeb46f5,,In-store,Sale,0,2.0,USD,3.99,7.98,0.0,1.0,7.98,0.0,pos/pos_tlog_202502.csv
POS-1042-70000666-1,70000666,1,03,1042,2025-02-17,2025-02-17 11:14:49,40202,ANONYMOUS,,In-store,Sale,0,1.0,USD,14.99,14.99,0.0,1.0,14.99,0.0,pos/pos_tlog_202502.csv
POS-1042-70000666-2,70000666,2,03,1042,2025-02-17,2025-02-17 11:14:49,552001,ANONYMOUS,,In-store,Sale,0,3.0,USD,4.49,13.47,0.0,1.0,13.47,0.0,pos/pos_tlog_202502.csv
POS-1042-70000666-3,70000666,3,03,1042,2025-02-17,2025-02-17 11:14:49,5202,ANONYMOUS,,In-store,Sale,0,2.0,USD,5.99,11.98,0.0,1.0,11.98,0.0,pos/pos_tlog_202502.csv
POS-1042-70000667-1,70000667,1,03,1042,2025-02-17,2025-02-17 07:01:22,5013,ANONYMOUS,,In-store,Sale,0,1.0,USD,3.89,3.89,0.0,1.0,3.89,0.0,pos/pos_tlog_202502.csv
POS-1042-70000667-2,70000667,2,03,1042,2025-02-17,2025-02-17 07:01:22,551021,ANONYMOUS,,In-store,Sale,0,1.0,USD,11.99,11.99,0.0,1.0,11.99,0.0,pos/pos_tlog_202502.csv
POS-1042-70000667-3,70000667,3,03,1042,2025-02-17,2025-02-17 07:01:22,94202,ANONYMOUS,,In-store,Sale,0,1.181,USD,1.99,2.35,0.0,1.0,2.35,0.0,pos/pos_tlog_202502.csv
POS-1042-70000667-4,70000667,4,03,1042,2025-02-17,2025-02-17 07:01:22,4472003,ANONYMOUS,,In-store,Sale,0,3.0,USD,3.29,9.87,0.0,1.0,9.87,0.0,pos/pos_tlog_202502.csv
POS-1042-70000668-1,70000668,1,05,1042,2025-02-17,2025-02-17 20:53:46,551021,19a0cb62358e14927f00848d17883133b480e4ea5f29a5e00076fd174a11be45,,In-store,Sale,0,1.0,USD,11.99,11.99,0.0,1.0,11.99,0.0,pos/pos_tlog_202502.csv
POS-1042-70000668-2,70000668,2,05,1042,2025-02-17,2025-02-17 20:53:46,5101,19a0cb62358e14927f00848d17883133b480e4ea5f29a5e00076fd174a11be45,,In-store,Sale,0,1.0,USD,7.99,7.99,0.0,1.0,7.99,0.0,pos/pos_tlog_202502.csv
POS-1042-70000668-3,70000668,3,05,1042,2025-02-17,2025-02-17 20:53:46,4493002,19a0cb62358e14927f00848d17883133b480e4ea5f29a5e00076fd174a11be45,,In-store,Sale,0,1.0,USD,3.99,3.99,0.0,1.0,3.99,0.0,pos/pos_tlog_202502.csv
POS-1042-70000668-4,70000668,4,05,1042,2025-02-17,2025-02-17 20:53:46,4492002,19a0cb62358e14927f00848d17883133b480e4ea5f29a5e00076fd174a11be45,,In-store,Sale,0,1.0,USD,1.49,1.49,0.0,1.0,1.49,0.0,pos/pos_tlog_202502.csv
POS-1042-70000669-1,70000669,1,04,1042,2025-02-17,2025-02-17 11:44:50,94202,ANONYMOUS,,In-store,Sale,0,2.039,USD,1.99,4.06,0.0,1.0,4.06,0.0,pos/pos_tlog_202502.csv
POS-1042-70000670-1,70000670,1,01,1042,2025-02-17,2025-02-17 13:38:59,94203,363a5598e227eb94ae286c976b84727466fe5a3aa47630449add814e2faa3388,,In-store,Sale,0,0.487,USD,1.49,0.73,0.0,1.0,0.73,0.0,pos/pos_tlog_202502.csv
POS-1042-70000670-2,70000670,2,01,1042,2025-02-17,2025-02-17 13:38:59,93321,363a5598e227eb94ae286c976b84727466fe5a3aa47630449add814e2faa3388,,In-store,Sale,0,1.61,USD,1.49,2.4,0.0,1.0,2.4,0.0,pos/pos_tlog_202502.csv
POS-1042-70000670-3,70000670,3,01,1042,2025-02-17,2025-02-17 13:38:59,5201,363a5598e227eb94ae286c976b84727466fe5a3aa47630449add814e2faa3388,,In-store,Sale,0,2.0,USD,3.99,7.98,0.0,1.0,7.98,0.0,pos/pos_tlog_202502.csv
POS-1042-70000671-1,70000671,1,03,1042,2025-02-17,2025-02-17 14:17:36,31102,e29fee04640e44f9342dcf4b4f0c258359b574fce70143f96f949f73164fa2ee,,In-store,Sale,0,1.509,USD,19.99,30.16,0.0,1.0,30.16,0.0,pos/pos_tlog_202502.csv
POS-1042-70000672-1,70000672,1,01,1042,2025-02-17,2025-02-17 11:12:04,4493002,ANONYMOUS,,In-store,Sale,0,1.0,USD,3.99,3.99,0.0,1.0,3.99,0.0,pos/pos_tlog_202502.csv
POS-1042-70000673-1,70000673,1,04,1042,2025-02-17,2025-02-17 17:37:00,4471024,ANONYMOUS,,In-store,Sale,0,1.0,USD,3.49,3.49,0.0,1.0,3.49,0.0,pos/pos_tlog_202502.csv
POS-1042-70000673-2,70000673,2,04,1042,2025-02-17,2025-02-17 17:37:00,552002,ANONYMOUS,,In-store,Sale,0,1.0,USD,3.99,3.99,0.0,1.0,3.99,0.0,pos/pos_tlog_202502.csv
POS-1042-70000673-3,70000673,3,04,1042,2025-02-17,2025-02-17 17:37:00,93321,ANONYMOUS,,In-store,Sale,0,2.119,USD,1.49,3.16,0.0,1.0,3.16,0.0,pos/pos_tlog_202502.csv
POS-1042-70000674-1,70000674,1,06,1042,2025-02-17,2025-02-17 08:00:29,20102,aff94ab22f8bd45ae6b487ac122ee93f70d2f77bd273c0776e757c33aebdb8e6,,In-store,Sale,0,1.0,USD,3.49,3.49,0.0,1.0,3.49,0.0,pos/pos_tlog_202502.csv
POS-1042-70000674-2,70000674,2,06,1042,2025-02-17,2025-02-17 08:00:29,4482003,aff94ab22f8bd45ae6b487ac122ee93f70d2f77bd273c0776e757c33aebdb8e6,,In-store,Sale,0,1.0,USD,5.49,5.49,0.0,1.0,5.49,0.0,pos/pos_tlog_202502.csv
POS-1042-70000674-3,70000674,3,06,1042,2025-02-17,2025-02-17 08:00:29,93321,aff94ab22f8bd45ae6b487ac122ee93f70d2f77bd273c0776e757c33aebdb8e6,,In-store,Sale,0,0.7,USD,1.49,1.04,0.0,1.0,1.04,0.0,pos/pos_tlog_202502.csv
POS-1042-70000701-1,70000701,1,06,1042,2025-02-18,2025-02-18 10:03:22,40101,e3e7a47ab817bb80c07b016388d7c986772ad9cedbc92cfbd598000978d6b488,,In-store,Sale,0,1.252,USD,18.99,23.78,0.0,1.0,23.78,0.0,pos/pos_tlog_202502.csv
POS-1042-70000701-2,70000701,2,06,1042,2025-02-18,2025-02-18 10:03:22,30201,e3e7a47ab817bb80c07b016388d7c986772ad9cedbc92cfbd598000978d6b488,,In-store,Sale,0,1.0,USD,9.99,9.99,0.0,1.0,9.99,0.0,pos/pos_tlog_202502.csv
POS-1042-70000701-3,70000701,3,06,1042,2025-02-18,2025-02-18 10:03:22,93503,e3e7a47ab817bb80c07b016388d7c986772ad9cedbc92cfbd598000978d6b488,,In-store,Sale,0,1.0,USD,4.29,4.29,0.0,1.0,4.29,0.0,pos/pos_tlog_202502.csv
POS-1042-70000702-1,70000702,1,05,1042,2025-02-18,2025-02-18 07:07:40,4491002,ANONYMOUS,,In-store,Sale,0,1.0,USD,6.99,6.99,0.0,1.0,6.99,0.0,pos/pos_tlog_202502.csv
POS-1042-70000702-2,70000702,2,05,1042,2025-02-18,2025-02-18 07:07:40,5301,ANONYMOUS,,In-store,Sale,0,1.0,USD,5.49,5.49,0.0,1.0,5.49,0.0,pos/pos_tlog_202502.csv
POS-1042-70000702-3,70000702,3,05,1042,2025-02-18,2025-02-18 07:07:40,4471040,ANONYMOUS,,In-store,Sale,0,1.0,USD,2.49,2.49,0.0,1.0,2.49,0.0,pos/pos_tlog_202502.csv
POS-1042-70000702-4,70000702,4,05,1042,2025-02-18,2025-02-18 07:07:40,4473002,ANONYMOUS,,In-store,Sale,0,1.0,USD,2.79,2.79,0.0,1.0,2.79,0.0,pos/pos_tlog_202502.csv
POS-1042-70000702-5,70000702,5,05,1042,2025-02-18,2025-02-18 07:07:40,94202,ANONYMOUS,,In-store,Sale,0,1.905,USD,1.99,3.79,0.0,1.0,3.79,0.0,pos/pos_tlog_202502.csv
POS-1042-70000703-1,70000703,1,06,1042,2025-02-18,2025-02-18 16:50:55,5202,ANONYMOUS,,In-store,Sale,0,3.0,USD,5.99,17.97,0.0,1.0,17.97,0.0,pos/pos_tlog_202502.csv
POS-1042-70000703-2,70000703,2,06,1042,2025-02-18,2025-02-18 16:50:55,5201,ANONYMOUS,,In-store,Sale,0,1.0,USD,3.99,3.99,0.0,1.0,3.99,0.0,pos/pos_tlog_202502.csv
POS-1042-70000703-3,70000703,3,06,1042,2025-02-18,2025-02-18 16:50:55,4482002,ANONYMOUS,,In-store,Sale,0,1.0,USD,17.99,17.99,0.0,1.0,17.99,0.0,pos/pos_tlog_202502.csv
POS-1042-70000703-4,70000703,4,06,1042,2025-02-18,2025-02-18 16:50:55,561001,ANONYMOUS,,In-store,Sale,0,1.0,USD,9.99,9.99,0.0,1.0,9.99,0.0,pos/pos_tlog_202502.csv
POS-1042-70000703-5,70000703,5,06,1042,2025-02-18,2025-02-18 16:50:55,94301,ANONYMOUS,,In-store,Sale,0,1.359,USD,4.39,5.97,0.0,1.0,5.97,0.0,pos/pos_tlog_202502.csv
POS-1042-70000704-1,70000704,1,04,1042,2025-02-18,2025-02-18 17:41:34,30202,ANONYMOUS,,In-store,Sale,0,2.0,USD,11.49,22.98,0.0,1.0,22.98,0.0,pos/pos_tlog_202502.csv
POS-1042-70000704-2,70000704,2,04,1042,2025-02-18,2025-02-18 17:41:34,4492002,ANONYMOUS,,In-store,Sale,0,1.0,USD,1.49,1.49,0.0,1.0,1.49,0.0,pos/pos_tlog_202502.csv
POS-1042-70000705-1,70000705,1,01,1042,2025-02-18,2025-02-18 17:35:11,4492003,ANONYMOUS,,In-store,Sale,0,1.0,USD,2.29,2.29,0.0,1.0,2.29,0.0,pos/pos_tlog_202502.csv
POS-1042-70000706-1,70000706,1,04,1042,2025-02-18,2025-02-18 17:20:27,5302,ANONYMOUS,,In-store,Sale,0,1.0,USD,3.49,3.49,0.0,1.0,3.49,0.0,pos/pos_tlog_202502.csv
POS-1042-70000706-2,70000706,2,04,1042,2025-02-18,2025-02-18 17:20:27,561002,ANONYMOUS,,In-store,Sale,0,2.0,USD,7.49,14.98,0.0,1.0,14.98,0.0,pos/pos_tlog_202502.csv
POS-1042-70000706-3,70000706,3,04,1042,2025-02-18,2025-02-18 17:20:27,4481003,ANONYMOUS,,In-store,Sale,0,1.0,USD,4.99,4.99,0.0,1.0,4.99,0.0,pos/pos_tlog_202502.csv
POS-1042-70000740-1,70000740,1,04,1042,2025-02-19,2025-02-19 10:10:36,5013,ANONYMOUS,,In-store,Sale,0,1.0,USD,3.89,3.89,0.0,1.0,3.89,0.0,pos/pos_tlog_202502.csv
POS-1042-70000740-2,70000740,2,04,1042,2025-02-19,2025-02-19 10:10:36,4472001,ANONYMOUS,,In-store,Sale,0,1.0,USD,3.99,3.99,0.0,1.0,3.99,0.0,pos/pos_tlog_202502.csv
POS-1042-70000740-3,70000740,3,04,1042,2025-02-19,2025-02-19 10:10:36,93325,ANONYMOUS,,In-store,Sale,0,0.905,USD,3.99,3.61,0.0,1.0,3.61,0.0,pos/pos_tlog_202502.csv
POS-1042-70000741-1,70000741,1,03,1042,2025-02-19,2025-02-19 09:37:20,4482003,ANONYMOUS,,In-store,Sale,0,1.0,USD,5.49,5.49,0.0,1.0,5.49,0.0,pos/pos_tlog_202502.csv
POS-1042-70000741-2,70000741,2,03,1042,2025-02-19,2025-02-19 09:37:20,4481003,ANONYMOUS,,In-store,Sale,0,3.0,USD,4.99,14.97,0.0,1.0,14.97,0.0,pos/pos_tlog_202502.csv
POS-1042-70000741-3,70000741,3,03,1042,2025-02-19,2025-02-19 09:37:20,5302,ANONYMOUS,,In-store,Sale,0,1.0,USD,3.49,3.49,0.0,1.0,3.49,0.0,pos/pos_tlog_202502.csv
POS-1042-70000741-4,70000741,4,03,1042,2025-02-19,2025-02-19 09:37:20,30202,ANONYMOUS,,In-store,Sale,0,2.0,USD,11.49,22.98,0.0,1.0,22.98,0.0,pos/pos_tlog_202502.csv
POS-1042-70000741-5,70000741,5,03,1042,2025-02-19,2025-02-19 09:37:20,4493002,ANONYMOUS,,In-store,Sale,0,1.0,USD,3.99,3.99,0.0,1.0,3.99,0.0,pos/pos_tlog_202502.csv
POS-1042-70000741-6,70000741,6,03,1042,2025-02-19,2025-02-19 09:37:20,4493002,ANONYMOUS,,In-store,Void,0,1.0,USD,3.99,3.99,0.0,1.0,3.99,0.0,pos/pos_tlog_202502.csv
POS-1042-70000742-1,70000742,1,02,1042,2025-02-19,2025-02-19 17:34:52,93410,ANONYMOUS,,In-store,Sale,0,1.424,USD,3.99,5.68,0.0,1.0,5.68,0.0,pos/pos_tlog_202502.csv
POS-1042-70000742-2,70000742,2,02,1042,2025-02-19,2025-02-19 17:34:52,93502,ANONYMOUS,,In-store,Sale,0,1.0,USD,3.99,3.99,0.0,1.0,3.99,0.0,pos/pos_tlog_202502.csv
POS-1042-70000742-3,70000742,3,02,1042,2025-02-19,2025-02-19 17:34:52,94201,ANONYMOUS,,In-store,Sale,0,0.657,USD,1.69,1.11,0.0,1.0,1.11,0.0,pos/pos_tlog_202502.csv
POS-1042-70000742-4,70000742,4,02,1042,2025-02-19,2025-02-19 17:34:52,40102,ANONYMOUS,,In-store,Sale,0,1.425,USD,16.99,24.21,0.0,1.0,24.21,0.0,pos/pos_tlog_202502.csv
POS-1042-70000742-5,70000742,5,02,1042,2025-02-19,2025-02-19 17:34:52,94202,ANONYMOUS,,In-store,Sale,0,1.891,USD,1.99,3.76,0.0,1.0,3.76,0.0,pos/pos_tlog_202502.csv
POS-1042-70000743-1,70000743,1,03,1042,2025-02-19,2025-02-19 11:24:46,552002,8c5cc7dc912c247f8fe814b18253530ea7faaf8b0b0813e9848bf7f115afa51c,,In-store,Sale,0,2.0,USD,3.99,7.98,0.0,1.0,7.98,0.0,pos/pos_tlog_202502.csv
POS-1042-70000743-2,70000743,2,03,1042,2025-02-19,2025-02-19 11:24:46,93322,8c5cc7dc912c247f8fe814b18253530ea7faaf8b0b0813e9848bf7f115afa51c,,In-store,Sale,0,2.047,USD,1.99,4.07,0.0,1.0,4.07,0.0,pos/pos_tlog_202502.csv
POS-1042-70000743-3,70000743,3,03,1042,2025-02-19,2025-02-19 11:24:46,4471024,8c5cc7dc912c247f8fe814b18253530ea7faaf8b0b0813e9848bf7f115afa51c,,In-store,Sale,0,2.0,USD,3.49,6.98,0.0,1.0,6.98,0.0,pos/pos_tlog_202502.csv
POS-1042-70000743-4,70000743,4,03,1042,2025-02-19,2025-02-19 11:24:46,5201,8c5cc7dc912c247f8fe814b18253530ea7faaf8b0b0813e9848bf7f115afa51c,,In-store,Sale,0,1.0,USD,3.99,3.99,0.0,1.0,3.99,0.0,pos/pos_tlog_202502.csv
POS-1042-70000743-5,70000743,5,03,1042,2025-02-19,2025-02-19 11:24:46,20101,8c5cc7dc912c247f8fe814b18253530ea7faaf8b0b0813e9848bf7f115afa51c,,In-store,Sale,0,1.0,USD,2.49,2.49,0.0,1.0,2.49,0.0,pos/pos_tlog_202502.csv
POS-1042-70000744-1,70000744,1,04,1042,2025-02-19,2025-02-19 19:51:44,5202,67236664f9e0982d102e94546caea5419f9575060233caa84a19bbe2a6e3977a,,In-store,Sale,0,2.0,USD,5.99,11.98,0.0,1.0,11.98,0.0,pos/pos_tlog_202502.csv
POS-1042-70000745-1,70000745,1,06,1042,2025-02-19,2025-02-19 15:57:27,4481002,dae1b876551e5954625de8911cc7c20ce9e86d51264e76e2eb59527225aa2efa,,In-store,Sale,0,2.0,USD,7.99,15.98,0.0,1.0,15.98,0.0,pos/pos_tlog_202502.csv
POS-1042-70000745-2,70000745,2,06,1042,2025-02-19,2025-02-19 15:57:27,4471030,dae1b876551e5954625de8911cc7c20ce9e86d51264e76e2eb59527225aa2efa,,In-store,Sale,0,1.0,USD,3.99,3.99,0.0,1.0,3.99,0.0,pos/pos_tlog_202502.csv
POS-1042-70000768-1,70000768,1,01,1042,2025-02-20,2025-02-20 19:33:41,5101,ANONYMOUS,,In-store,Sale,0,1.0,USD,7.99,7.99,0.0,1.0,7.99,0.0,pos/pos_tlog_202502.csv
POS-1042-70000768-2,70000768,2,01,1042,2025-02-20,2025-02-20 19:33:41,93501,ANONYMOUS,,In-store,Sale,0,1.0,USD,4.49,4.49,0.0,1.0,4.49,0.0,pos/pos_tlog_202502.csv
POS-1042-70000768-3,70000768,3,01,1042,2025-02-20,2025-02-20 19:33:41,94102,ANONYMOUS,,In-store,Sale,0,1.0,USD,3.49,3.49,0.0,1.0,3.49,0.0,pos/pos_tlog_202502.csv
POS-1042-70000768-4,70000768,4,01,1042,2025-02-20,2025-02-20 19:33:41,562001,ANONYMOUS,MB25W03,In-store,Sale,0,3.0,USD,10.99,32.97,10.99,1.0,32.97,10.99,pos/pos_tlog_202502.csv
POS-1042-70000769-1,70000769,1,06,1042,2025-02-20,2025-02-20 20:56:31,31101,7858ec9990add9563bcf5656feb8d7db46e78f8c76a55bbf9fde880b48fa1c54,,In-store,Sale,0,1.774,USD,24.99,44.33,0.0,1.0,44.33,0.0,pos/pos_tlog_202502.csv
POS-1042-70000769-2,70000769,2,06,1042,2025-02-20,2025-02-20 20:56:31,5301,7858ec9990add9563bcf5656feb8d7db46e78f8c76a55bbf9fde880b48fa1c54,,In-store,Sale,0,1.0,USD,5.49,5.49,0.0,1.0,5.49,0.0,pos/pos_tlog_202502.csv
POS-1042-70000769-3,70000769,3,06,1042,2025-02-20,2025-02-20 20:56:31,5013,7858ec9990add9563bcf5656feb8d7db46e78f8c76a55bbf9fde880b48fa1c54,,In-store,Sale,0,1.0,USD,3.89,3.89,0.0,1.0,3.89,0.0,pos/pos_tlog_202502.csv
POS-1042-70000769-4,70000769,4,06,1042,2025-02-20,2025-02-20 20:56:31,31101,7858ec9990add9563bcf5656feb8d7db46e78f8c76a55bbf9fde880b48fa1c54,,In-store,Sale,0,1.808,USD,24.99,45.18,0.0,1.0,45.18,0.0,pos/pos_tlog_202502.csv
POS-1042-70000770-1,70000770,1,05,1042,2025-02-20,2025-02-20 12:20:12,4472003,e29fee04640e44f9342dcf4b4f0c258359b574fce70143f96f949f73164fa2ee,,In-store,Sale,0,1.0,USD,3.29,3.29,0.0,1.0,3.29,0.0,pos/pos_tlog_202502.csv
POS-1042-70000770-2,70000770,2,05,1042,2025-02-20,2025-02-20 12:20:12,4492001,e29fee04640e44f9342dcf4b4f0c258359b574fce70143f96f949f73164fa2ee,,In-store,Sale,0,1.0,USD,1.79,1.79,0.0,1.0,1.79,0.0,pos/pos_tlog_202502.csv
POS-1042-70000770-3,70000770,3,05,1042,2025-02-20,2025-02-20 12:20:12,94203,e29fee04640e44f9342dcf4b4f0c258359b574fce70143f96f949f73164fa2ee,,In-store,Sale,0,0.884,USD,1.49,1.32,0.0,1.0,1.32,0.0,pos/pos_tlog_202502.csv
POS-1042-70000771-1,70000771,1,06,1042,2025-02-20,2025-02-20 13:48:19,551021,ANONYMOUS,,In-store,Sale,0,1.0,USD,11.99,11.99,0.0,1.0,11.99,0.0,pos/pos_tlog_202502.csv
POS-1042-70000771-2,70000771,2,06,1042,2025-02-20,2025-02-20 13:48:19,94101,ANONYMOUS,,In-store,Sale,0,1.0,USD,3.99,3.99,0.0,1.0,3.99,0.0,pos/pos_tlog_202502.csv
POS-1042-70000772-1,70000772,1,02,1042,2025-02-20,2025-02-20 16:27:18,4482002,ANONYMOUS,MB25W03,In-store,Sale,0,3.0,USD,17.99,53.97,17.99,1.0,53.97,17.99,pos/pos_tlog_202502.csv
POS-1042-70000772-2,70000772,2,02,1042,2025-02-20,2025-02-20 16:27:18,5201,ANONYMOUS,,In-store,Sale,0,1.0,USD,3.99,3.99,0.0,1.0,3.99,0.0,pos/pos_tlog_202502.csv
POS-1042-70000772-3,70000772,3,02,1042,2025-02-20,2025-02-20 16:27:18,20101,ANONYMOUS,,In-store,Sale,0,1.0,USD,2.49,2.49,0.0,1.0,2.49,0.0,pos/pos_tlog_202502.csv
POS-1042-70000773-1,70000773,1,03,1042,2025-02-20,2025-02-20 16:26:45,4471030,6dd2c18fbe13b31ed666668ff22e6a23893ecc1ba69a7782d77755624159b02d,,In-store,Sale,0,1.0,USD,3.99,3.99,0.0,1.0,3.99,0.0,pos/pos_tlog_202502.csv
POS-1042-70000773-2,70000773,2,03,1042,2025-02-20,2025-02-20 16:26:45,4471040,6dd2c18fbe13b31ed666668ff22e6a23893ecc1ba69a7782d77755624159b02d,,In-store,Sale,0,1.0,USD,2.49,2.49,0.0,1.0,2.49,0.0,pos/pos_tlog_202502.csv
POS-1042-70000773-3,70000773,3,03,1042,2025-02-20,2025-02-20 16:26:45,93410,6dd2c18fbe13b31ed666668ff22e6a23893ecc1ba69a7782d77755624159b02d,,In-store,Sale,0,1.986,USD,3.99,7.92,0.0,1.0,7.92,0.0,pos/pos_tlog_202502.csv
POS-1042-70000774-1,70000774,1,04,1042,2025-02-20,2025-02-20 09:13:04,20202,ANONYMOUS,,In-store,Sale,0,1.0,USD,5.99,5.99,0.0,1.0,5.99,0.0,pos/pos_tlog_202502.csv
POS-1042-70000774-2,70000774,2,04,1042,2025-02-20,2025-02-20 09:13:04,93321,ANONYMOUS,,In-store,Sale,0,0.858,USD,1.49,1.28,0.0,1.0,1.28,0.0,pos/pos_tlog_202502.csv
POS-1042-70000774-3,70000774,3,04,1042,2025-02-20,2025-02-20 09:13:04,20103,ANONYMOUS,MB25W03B,In-store,Sale,0,3.0,USD,4.99,14.97,4.99,1.0,14.97,4.99,pos/pos_tlog_202502.csv
POS-1042-70000774-4,70000774,4,04,1042,2025-02-20,2025-02-20 09:13:04,40101,ANONYMOUS,,In-store,Sale,0,1.004,USD,18.99,19.07,0.0,1.0,19.07,0.0,pos/pos_tlog_202502.csv
POS-1042-70000775-1,70000775,1,02,1042,2025-02-20,2025-02-20 08:23:09,30203,4aa1a93df0818369f2dc823c0a4df3cfcb959b26caddf1117d0b1e54f7bec52d,,In-store,Sale,0,1.0,USD,8.49,8.49,0.0,1.0,8.49,0.0,pos/pos_tlog_202502.csv
POS-1042-70000775-2,70000775,2,02,1042,2025-02-20,2025-02-20 08:23:09,4472001,4aa1a93df0818369f2dc823c0a4df3cfcb959b26caddf1117d0b1e54f7bec52d,,In-store,Sale,0,1.0,USD,3.99,3.99,0.0,1.0,3.99,0.0,pos/pos_tlog_202502.csv
POS-1042-70000775-3,70000775,3,02,1042,2025-02-20,2025-02-20 08:23:09,552002,4aa1a93df0818369f2dc823c0a4df3cfcb959b26caddf1117d0b1e54f7bec52d,,In-store,Sale,0,1.0,USD,3.99,3.99,0.0,1.0,3.99,0.0,pos/pos_tlog_202502.csv
POS-1042-70000775-4,70000775,4,02,1042,2025-02-20,2025-02-20 08:23:09,562002,4aa1a93df0818369f2dc823c0a4df3cfcb959b26caddf1117d0b1e54f7bec52d,,In-store,Sale,0,3.0,USD,8.49,25.47,0.0,1.0,25.47,0.0,pos/pos_tlog_202502.csv
POS-1042-70000776-1,70000776,1,04,1042,2025-02-20,2025-02-20 11:51:32,30203,ANONYMOUS,MB25W03B,In-store,Sale,0,3.0,USD,8.49,25.47,8.49,1.0,25.47,8.49,pos/pos_tlog_202502.csv
POS-1042-70000776-2,70000776,2,04,1042,2025-02-20,2025-02-20 11:51:32,5202,ANONYMOUS,,In-store,Sale,0,2.0,USD,5.99,11.98,0.0,1.0,11.98,0.0,pos/pos_tlog_202502.csv
POS-1042-70000776-3,70000776,3,04,1042,2025-02-20,2025-02-20 11:51:32,93401,ANONYMOUS,,In-store,Sale,0,0.264,USD,5.49,1.45,0.0,1.0,1.45,0.0,pos/pos_tlog_202502.csv
POS-1042-70000776-4,70000776,4,04,1042,2025-02-20,2025-02-20 11:51:32,94102,ANONYMOUS,,In-store,Sale,0,1.0,USD,3.49,3.49,0.0,1.0,3.49,0.0,pos/pos_tlog_202502.csv
POS-1042-70000808-1,70000808,1,06,1042,2025-02-21,2025-02-21 13:39:29,4491003,ANONYMOUS,,In-store,Sale,0,1.0,USD,1.99,1.99,0.0,1.0,1.99,0.0,pos/pos_tlog_202502.csv
POS-1042-70000808-2,70000808,2,06,1042,2025-02-21,2025-02-21 13:39:29,40203,ANONYMOUS,,In-store,Sale,0,2.0,USD,11.99,23.98,0.0,1.0,23.98,0.0,pos/pos_tlog_202502.csv
POS-1042-70000809-1,70000809,1,04,1042,2025-02-21,2025-02-21 19:32:12,4491002,ANONYMOUS,,In-store,Sale,0,2.0,USD,6.99,13.98,0.0,1.0,13.98,0.0,pos/pos_tlog_202502.csv
POS-1042-70000809-2,70000809,2,04,1042,2025-02-21,2025-02-21 19:32:12,552001,ANONYMOUS,,In-store,Sale,0,1.0,USD,4.49,4.49,0.0,1.0,4.49,0.0,pos/pos_tlog_202502.csv
POS-1042-70000809-3,70000809,3,04,1042,2025-02-21,2025-02-21 19:32:12,5201,ANONYMOUS,,In-store,Sale,0,1.0,USD,3.99,3.99,0.0,1.0,3.99,0.0,pos/pos_tlog_202502.csv
POS-1042-70000809-4,70000809,4,04,1042,2025-02-21,2025-02-21 19:32:12,31102,ANONYMOUS,,In-store,Sale,0,1.329,USD,19.99,26.57,0.0,1.0,26.57,0.0,pos/pos_tlog_202502.csv
POS-1042-70000810-1,70000810,1,03,1042,2025-02-21,2025-02-21 15:03:22,20102,c1d518aef0fb555708cf534e345ccb25e308f4882f5826f77d367b5f61aa4d6d,,In-store,Sale,0,1.0,USD,3.49,3.49,0.0,1.0,3.49,0.0,pos/pos_tlog_202502.csv
POS-1042-70000810-2,70000810,2,03,1042,2025-02-21,2025-02-21 15:03:22,4482001,c1d518aef0fb555708cf534e345ccb25e308f4882f5826f77d367b5f61aa4d6d,,In-store,Sale,0,1.0,USD,13.99,13.99,0.0,1.0,13.99,0.0,pos/pos_tlog_202502.csv
POS-1042-70000811-1,70000811,1,04,1042,2025-02-21,2025-02-21 12:53:12,40102,9ad4a6663853db3f62f5310694fed4ac1d1ed8b7b65ce02a249b6002e012dde2,,In-store,Sale,0,1.436,USD,16.99,24.4,0.0,1.0,24.4,0.0,pos/pos_tlog_202502.csv
POS-1042-70000811-2,70000811,2,04,1042,2025-02-21,2025-02-21 12:53:12,4473001,9ad4a6663853db3f62f5310694fed4ac1d1ed8b7b65ce02a249b6002e012dde2,,In-store,Sale,0,1.0,USD,2.99,2.99,0.0,1.0,2.99,0.0,pos/pos_tlog_202502.csv
POS-1042-70000811-3,70000811,3,04,1042,2025-02-21,2025-02-21 12:53:12,4472003,9ad4a6663853db3f62f5310694fed4ac1d1ed8b7b65ce02a249b6002e012dde2,,In-store,Sale,0,1.0,USD,3.29,3.29,0.0,1.0,3.29,0.0,pos/pos_tlog_202502.csv
POS-1042-70000811-4,70000811,4,04,1042,2025-02-21,2025-02-21 12:53:12,40102,9ad4a6663853db3f62f5310694fed4ac1d1ed8b7b65ce02a249b6002e012dde2,,In-store,Sale,0,2.194,USD,16.99,37.28,0.0,1.0,37.28,0.0,pos/pos_tlog_202502.csv
POS-1042-70000811-5,70000811,5,04,1042,2025-02-21,2025-02-21 12:53:12,93321,9ad4a6663853db3f62f5310694fed4ac1d1ed8b7b65ce02a249b6002e012dde2,,In-store,Sale,0,0.944,USD,1.49,1.41,0.0,1.0,1.41,0.0,pos/pos_tlog_202502.csv
POS-1042-70000812-1,70000812,1,02,1042,2025-02-21,2025-02-21 08:09:21,30201,0798678008fab942909186a4fc110020e53ad413bc173ca178df8a223ad2b474,,In-store,Sale,0,2.0,USD,9.99,19.98,0.0,1.0,19.98,0.0,pos/pos_tlog_202502.csv
POS-1042-70000812-2,70000812,2,02,1042,2025-02-21,2025-02-21 08:09:21,5012,0798678008fab942909186a4fc110020e53ad413bc173ca178df8a223ad2b474,MB25W03,In-store,Sale,0,3.0,USD,3.99,11.97,3.99,1.0,11.97,3.99,pos/pos_tlog_202502.csv
POS-1042-70000813-1,70000813,1,04,1042,2025-02-21,2025-02-21 17:36:36,4471024,6f2728d063a29c897e054dbb0a6141e9849c4f90659323d1a796992a2708f75d,,In-store,Sale,0,1.0,USD,3.49,3.49,0.0,1.0,3.49,0.0,pos/pos_tlog_202502.csv
POS-1042-70000814-1,70000814,1,06,1042,2025-02-21,2025-02-21 12:41:53,4483002,ANONYMOUS,,In-store,Sale,0,1.0,USD,3.49,3.49,0.0,1.0,3.49,0.0,pos/pos_tlog_202502.csv
POS-1042-70000814-2,70000814,2,06,1042,2025-02-21,2025-02-21 12:41:53,4471024,ANONYMOUS,,In-store,Sale,0,2.0,USD,3.49,6.98,0.0,1.0,6.98,0.0,pos/pos_tlog_202502.csv
POS-1042-70000814-3,70000814,3,06,1042,2025-02-21,2025-02-21 12:41:53,30103,ANONYMOUS,,In-store,Sale,0,1.0,USD,8.99,8.99,0.0,1.0,8.99,0.0,pos/pos_tlog_202502.csv
POS-1042-70000814-4,70000814,4,06,1042,2025-02-21,2025-02-21 12:41:53,20103,ANONYMOUS,MB25W03B,In-store,Sale,0,3.0,USD,4.99,14.97,4.99,1.0,14.97,4.99,pos/pos_tlog_202502.csv
POS-1042-70000815-1,70000815,1,99,1042,2025-02-21,2025-02-21 21:50:06,4472002,71f6e2e99597137c77eb9cd9bb4d0a74c98cd40699279b9be3f6fd922747df4e,,In-store,Sale,1,1.0,USD,4.49,4.49,0.0,1.0,4.49,0.0,pos/pos_tlog_202502.csv
POS-1042-70000815-2,70000815,2,99,1042,2025-02-21,2025-02-21 21:50:06,94203,71f6e2e99597137c77eb9cd9bb4d0a74c98cd40699279b9be3f6fd922747df4e,,In-store,Sale,1,0.311,USD,1.49,0.46,0.0,1.0,0.46,0.0,pos/pos_tlog_202502.csv
POS-1042-70000816-1,70000816,1,03,1042,2025-02-21,2025-02-21 15:28:39,4471030,ed78115896bfdc1de46e8f322e340d947034b9e620f1abe8901f169bc4da3878,,In-store,Sale,0,1.0,USD,3.99,3.99,0.0,1.0,3.99,0.0,pos/pos_tlog_202502.csv
POS-1042-70000816-2,70000816,2,03,1042,2025-02-21,2025-02-21 15:28:39,5103,ed78115896bfdc1de46e8f322e340d947034b9e620f1abe8901f169bc4da3878,,In-store,Sale,0,1.0,USD,6.99,6.99,0.0,1.0,6.99,0.0,pos/pos_tlog_202502.csv
POS-1042-70000816-3,70000816,3,03,1042,2025-02-21,2025-02-21 15:28:39,40202,ed78115896bfdc1de46e8f322e340d947034b9e620f1abe8901f169bc4da3878,,In-store,Sale,0,1.0,USD,14.99,14.99,0.0,1.0,14.99,0.0,pos/pos_tlog_202502.csv
POS-1042-70000816-4,70000816,4,03,1042,2025-02-21,2025-02-21 15:28:39,4473003,ed78115896bfdc1de46e8f322e340d947034b9e620f1abe8901f169bc4da3878,,In-store,Sale,0,1.0,USD,3.49,3.49,0.0,1.0,3.49,0.0,pos/pos_tlog_202502.csv
POS-1042-70000817-1,70000817,1,06,1042,2025-02-21,2025-02-21 11:03:09,5301,ANONYMOUS,MB25W03B,In-store,Sale,0,3.0,USD,5.49,16.47,5.49,1.0,16.47,5.49,pos/pos_tlog_202502.csv
POS-1042-70000817-2,70000817,2,06,1042,2025-02-21,2025-02-21 11:03:09,5201,ANONYMOUS,,In-store,Sale,0,1.0,USD,3.99,3.99,0.0,1.0,3.99,0.0,pos/pos_tlog_202502.csv
POS-1042-70000857-1,70000857,1,06,1042,2025-02-22,2025-02-22 19:24:57,93410,ANONYMOUS,,In-store,Return,0,-1.113,USD,3.99,-4.44,0.0,1.0,-4.44,0.0,pos/pos_tlog_202502.csv
POS-1042-70000858-1,70000858,1,01,1042,2025-02-22,2025-02-22 15:29:35,4481002,ANONYMOUS,,In-store,Sale,0,2.0,USD,7.99,15.98,0.0,1.0,15.98,0.0,pos/pos_tlog_202502.csv
POS-1042-70000859-1,70000859,1,05,1042,2025-02-22,2025-02-22 16:15:17,5012,ANONYMOUS,,In-store,Sale,0,2.0,USD,3.99,7.98,0.0,1.0,7.98,0.0,pos/pos_tlog_202502.csv
POS-1042-70000859-2,70000859,2,05,1042,2025-02-22,2025-02-22 16:15:17,4481003,ANONYMOUS,,In-store,Sale,0,2.0,USD,4.99,9.98,0.0,1.0,9.98,0.0,pos/pos_tlog_202502.csv
POS-1042-70000859-3,70000859,3,05,1042,2025-02-22,2025-02-22 16:15:17,5302,ANONYMOUS,,In-store,Sale,0,1.0,USD,3.49,3.49,0.0,1.0,3.49,0.0,pos/pos_tlog_202502.csv
POS-1042-70000859-4,70000859,4,05,1042,2025-02-22,2025-02-22 16:15:17,4492003,ANONYMOUS,,In-store,Sale,0,1.0,USD,2.29,2.29,0.0,1.0,2.29,0.0,pos/pos_tlog_202502.csv
POS-1042-70000860-1,70000860,1,06,1042,2025-02-22,2025-02-22 14:28:37,40201,9ce7292f27283dacea0036030cc1052ef13441cbb63bb3788166532439203355,,In-store,Sale,0,1.0,USD,8.99,8.99,0.0,1.0,8.99,0.0,pos/pos_tlog_202502.csv
POS-1042-70000861-1,70000861,1,03,1042,2025-02-22,2025-02-22 21:43:04,4481001,ANONYMOUS,,In-store,Sale,0,1.0,USD,7.99,7.99,0.0,1.0,7.99,0.0,pos/pos_tlog_202502.csv
POS-1042-70000861-2,70000861,2,03,1042,2025-02-22,2025-02-22 21:43:04,4483001,ANONYMOUS,,In-store,Sale,0,3.0,USD,4.99,14.97,0.0,1.0,14.97,0.0,pos/pos_tlog_202502.csv
POS-1042-70000861-3,70000861,3,03,1042,2025-02-22,2025-02-22 21:43:04,4473003,ANONYMOUS,,In-store,Sale,0,2.0,USD,3.49,6.98,0.0,1.0,6.98,0.0,pos/pos_tlog_202502.csv
POS-1042-70000862-1,70000862,1,02,1042,2025-02-22,2025-02-22 15:04:15,93321,ANONYMOUS,,In-store,Sale,0,0.961,USD,1.49,1.43,0.0,1.0,1.43,0.0,pos/pos_tlog_202502.csv
POS-1042-70000862-2,70000862,2,02,1042,2025-02-22,2025-02-22 15:04:15,5012,ANONYMOUS,,In-store,Sale,0,1.0,USD,3.99,3.99,0.0,1.0,3.99,0.0,pos/pos_tlog_202502.csv
POS-1042-70000862-3,70000862,3,02,1042,2025-02-22,2025-02-22 15:04:15,31101,ANONYMOUS,,In-store,Sale,0,1.272,USD,24.99,31.79,0.0,1.0,31.79,0.0,pos/pos_tlog_202502.csv
POS-1042-70000862-4,70000862,4,02,1042,2025-02-22,2025-02-22 15:04:15,40203,ANONYMOUS,,In-store,Sale,0,1.0,USD,11.99,11.99,0.0,1.0,11.99,0.0,pos/pos_tlog_202502.csv
POS-1042-70000863-1,70000863,1,01,1042,2025-02-22,2025-02-22 21:38:58,4482001,ANONYMOUS,,In-store,Sale,0,1.0,USD,13.99,13.99,0.0,1.0,13.99,0.0,pos/pos_tlog_202502.csv
POS-1042-70000863-2,70000863,2,01,1042,2025-02-22,2025-02-22 21:38:58,20102,ANONYMOUS,,In-store,Sale,0,1.0,USD,3.49,3.49,0.0,1.0,3.49,0.0,pos/pos_tlog_202502.csv
POS-1042-70000863-3,70000863,3,01,1042,2025-02-22,2025-02-22 21:38:58,40201,ANONYMOUS,,In-store,Sale,0,1.0,USD,8.99,8.99,0.0,1.0,8.99,0.0,pos/pos_tlog_202502.csv
POS-1042-70000863-4,70000863,4,01,1042,2025-02-22,2025-02-22 21:38:58,4471040,ANONYMOUS,,In-store,Sale,0,1.0,USD,2.49,2.49,0.0,1.0,2.49,0.0,pos/pos_tlog_202502.csv
POS-1042-70000863-5,70000863,5,01,1042,2025-02-22,2025-02-22 21:38:58,40203,ANONYMOUS,,In-store,Sale,0,1.0,USD,11.99,11.99,0.0,1.0,11.99,0.0,pos/pos_tlog_202502.csv
POS-1042-70000863-6,70000863,6,01,1042,2025-02-22,2025-02-22 21:38:58,4473001,ANONYMOUS,,In-store,Sale,0,2.0,USD,2.99,5.98,0.0,1.0,5.98,0.0,pos/pos_tlog_202502.csv
POS-1042-70000864-1,70000864,1,04,1042,2025-02-22,2025-02-22 21:37:00,40101,ANONYMOUS,,In-store,Sale,0,2.179,USD,18.99,41.38,0.0,1.0,41.38,0.0,pos/pos_tlog_202502.csv
POS-1042-70000864-2,70000864,2,04,1042,2025-02-22,2025-02-22 21:37:00,20101,ANONYMOUS,,In-store,Sale,0,1.0,USD,2.49,2.49,0.0,1.0,2.49,0.0,pos/pos_tlog_202502.csv
POS-1042-70000864-3,70000864,3,04,1042,2025-02-22,2025-02-22 21:37:00,4492002,ANONYMOUS,,In-store,Sale,0,1.0,USD,1.49,1.49,0.0,1.0,1.49,0.0,pos/pos_tlog_202502.csv
POS-1042-70000864-4,70000864,4,04,1042,2025-02-22,2025-02-22 21:37:00,5301,ANONYMOUS,,In-store,Sale,0,1.0,USD,5.49,5.49,0.0,1.0,5.49,0.0,pos/pos_tlog_202502.csv
POS-1042-70000865-1,70000865,1,03,1042,2025-02-22,2025-02-22 15:30:23,20202,e29fee04640e44f9342dcf4b4f0c258359b574fce70143f96f949f73164fa2ee,,In-store,Sale,0,3.0,USD,5.99,17.97,0.0,1.0,17.97,0.0,pos/pos_tlog_202502.csv
POS-1042-70000865-2,70000865,2,03,1042,2025-02-22,2025-02-22 15:30:23,4472002,e29fee04640e44f9342dcf4b4f0c258359b574fce70143f96f949f73164fa2ee,,In-store,Sale,0,2.0,USD,4.49,8.98,0.0,1.0,8.98,0.0,pos/pos_tlog_202502.csv
POS-1042-70000865-3,70000865,3,03,1042,2025-02-22,2025-02-22 15:30:23,4473001,e29fee04640e44f9342dcf4b4f0c258359b574fce70143f96f949f73164fa2ee,,In-store,Sale,0,1.0,USD,2.99,2.99,0.0,1.0,2.99,0.0,pos/pos_tlog_202502.csv
POS-1042-70000865-4,70000865,4,03,1042,2025-02-22,2025-02-22 15:30:23,93321,e29fee04640e44f9342dcf4b4f0c258359b574fce70143f96f949f73164fa2ee,,In-store,Sale,0,2.112,USD,1.49,3.15,0.0,1.0,3.15,0.0,pos/pos_tlog_202502.csv
POS-1042-70000866-1,70000866,1,01,1042,2025-02-22,2025-02-22 08:36:58,4482003,ANONYMOUS,,In-store,Sale,0,1.0,USD,5.49,5.49,0.0,1.0,5.49,0.0,pos/pos_tlog_202502.csv
POS-1042-70000866-2,70000866,2,01,1042,2025-02-22,2025-02-22 08:36:58,30202,ANONYMOUS,,In-store,Sale,0,1.0,USD,11.49,11.49,0.0,1.0,11.49,0.0,pos/pos_tlog_202502.csv
POS-1042-70000866-3,70000866,3,01,1042,2025-02-22,2025-02-22 08:36:58,5103,ANONYMOUS,,In-store,Sale,0,1.0,USD,6.99,6.99,0.0,1.0,6.99,0.0,pos/pos_tlog_202502.csv
POS-1042-70000867-1,70000867,1,02,1042,2025-02-22,2025-02-22 07:23:43,20203,ANONYMOUS,,In-store,Sale,0,1.0,USD,6.49,6.49,0.0,1.0,6.49,0.0,pos/pos_tlog_202502.csv
POS-1042-70000867-2,70000867,2,02,1042,2025-02-22,2025-02-22 07:23:43,20103,ANONYMOUS,,In-store,Sale,0,2.0,USD,4.99,9.98,0.0,1.0,9.98,0.0,pos/pos_tlog_202502.csv
POS-1042-70000867-3,70000867,3,02,1042,2025-02-22,2025-02-22 07:23:43,4491002,ANONYMOUS,,In-store,Sale,0,1.0,USD,6.99,6.99,0.0,1.0,6.99,0.0,pos/pos_tlog_202502.csv
POS-1042-70000868-1,70000868,1,02,1042,2025-02-22,2025-02-22 07:31:40,5102,ANONYMOUS,,In-store,Sale,0,1.0,USD,5.49,5.49,0.0,1.0,5.49,0.0,pos/pos_tlog_202502.csv
POS-1042-70000868-2,70000868,2,02,1042,2025-02-22,2025-02-22 07:31:40,561001,ANONYMOUS,,In-store,Sale,0,2.0,USD,9.99,19.98,0.0,1.0,19.98,0.0,pos/pos_tlog_202502.csv
POS-1042-70000869-1,70000869,1,05,1042,2025-02-22,2025-02-22 20:05:05,5101,ANONYMOUS,,In-store,Sale,0,1.0,USD,7.99,7.99,0.0,1.0,7.99,0.0,pos/pos_tlog_202502.csv
POS-1042-70000930-1,70000930,1,06,1042,2025-02-23,2025-02-23 19:03:04,94101,ffa54a8afd202de88a5b60398bfa09e0db1e1adf99fdd826a9f79dbaa0cb7818,,In-store,Sale,0,1.0,USD,3.99,3.99,0.0,1.0,3.99,0.0,pos/pos_tlog_202502.csv
POS-1042-70000930-2,70000930,2,06,1042,2025-02-23,2025-02-23 19:03:04,93325,ffa54a8afd202de88a5b60398bfa09e0db1e1adf99fdd826a9f79dbaa0cb7818,,In-store,Sale,0,0.51,USD,3.99,2.03,0.0,1.0,2.03,0.0,pos/pos_tlog_202502.csv
POS-1042-70000930-3,70000930,3,06,1042,2025-02-23,2025-02-23 19:03:04,20202,ffa54a8afd202de88a5b60398bfa09e0db1e1adf99fdd826a9f79dbaa0cb7818,,In-store,Sale,0,1.0,USD,5.99,5.99,0.0,1.0,5.99,0.0,pos/pos_tlog_202502.csv
POS-1042-70000930-4,70000930,4,06,1042,2025-02-23,2025-02-23 19:03:04,94301,ffa54a8afd202de88a5b60398bfa09e0db1e1adf99fdd826a9f79dbaa0cb7818,,In-store,Sale,0,0.573,USD,4.39,2.52,0.0,1.0,2.52,0.0,pos/pos_tlog_202502.csv
POS-1042-70000930-5,70000930,5,06,1042,2025-02-23,2025-02-23 19:03:04,4482001,ffa54a8afd202de88a5b60398bfa09e0db1e1adf99fdd826a9f79dbaa0cb7818,,In-store,Sale,0,1.0,USD,13.99,13.99,0.0,1.0,13.99,0.0,pos/pos_tlog_202502.csv
POS-1042-70000930-6,70000930,6,06,1042,2025-02-23,2025-02-23 19:03:04,40101,ffa54a8afd202de88a5b60398bfa09e0db1e1adf99fdd826a9f79dbaa0cb7818,,In-store,Sale,0,1.434,USD,18.99,27.23,0.0,1.0,27.23,0.0,pos/pos_tlog_202502.csv
POS-1042-70000931-1,70000931,1,06,1042,2025-02-23,2025-02-23 16:37:34,4481003,ANONYMOUS,,In-store,Sale,0,1.0,USD,4.99,4.99,0.0,1.0,4.99,0.0,pos/pos_tlog_202502.csv
POS-1042-70000971-1,70000971,1,04,1042,2025-02-24,2025-02-24 15:32:16,4483002,77f157f85dd9d51fdef5f1922581ac88228e879022b0a043ff638700fe1ffbb4,,In-store,Sale,0,1.0,USD,3.49,3.49,0.0,1.0,3.49,0.0,pos/pos_tlog_202502.csv
POS-1042-70000971-2,70000971,2,04,1042,2025-02-24,2025-02-24 15:32:16,93410,77f157f85dd9d51fdef5f1922581ac88228e879022b0a043ff638700fe1ffbb4,,In-store,Sale,0,0.463,USD,3.99,1.85,0.0,1.0,1.85,0.0,pos/pos_tlog_202502.csv
POS-1042-70000972-1,70000972,1,05,1042,2025-02-24,2025-02-24 07:29:30,20103,ANONYMOUS,,In-store,Sale,0,1.0,USD,4.99,4.99,0.0,1.0,4.99,0.0,pos/pos_tlog_202502.csv
POS-1042-70000972-2,70000972,2,05,1042,2025-02-24,2025-02-24 07:29:30,93321,ANONYMOUS,,In-store,Sale,0,1.949,USD,1.49,2.9,0.0,1.0,2.9,0.0,pos/pos_tlog_202502.csv
POS-1042-70000972-3,70000972,3,05,1042,2025-02-24,2025-02-24 07:29:30,94302,ANONYMOUS,,In-store,Sale,0,0.853,USD,5.49,4.68,0.0,1.0,4.68,0.0,pos/pos_tlog_202502.csv
POS-1042-70000973-1,70000973,1,04,1042,2025-02-24,2025-02-24 14:58:07,20102,ANONYMOUS,,In-store,Sale,0,1.0,USD,3.49,3.49,0.0,1.0,3.49,0.0,pos/pos_tlog_202502.csv
POS-1042-70000973-2,70000973,2,04,1042,2025-02-24,2025-02-24 14:58:07,4471040,ANONYMOUS,,In-store,Sale,0,2.0,USD,2.49,4.98,0.0,1.0,4.98,0.0,pos/pos_tlog_202502.csv
POS-1042-70000974-1,70000974,1,06,1042,2025-02-24,2025-02-24 20:54:58,94202,ANONYMOUS,,In-store,Sale,0,0.416,USD,1.99,0.83,0.0,1.0,0.83,0.0,pos/pos_tlog_202502.csv
POS-1042-70000974-2,70000974,2,06,1042,2025-02-24,2025-02-24 20:54:58,31102,ANONYMOUS,,In-store,Sale,0,0.863,USD,19.99,17.25,0.0,1.0,17.25,0.0,pos/pos_tlog_202502.csv
POS-1042-70000975-1,70000975,1,03,1042,2025-02-24,2025-02-24 09:48:27,20201,ANONYMOUS,,In-store,Sale,0,2.0,USD,5.49,10.98,0.0,1.0,10.98,0.0,pos/pos_tlog_202502.csv
POS-1042-70000975-2,70000975,2,03,1042,2025-02-24,2025-02-24 09:48:27,4493002,ANONYMOUS,BG25W04,In-store,Sale,0,2.0,USD,3.99,7.98,3.99,1.0,7.98,3.99,pos/pos_tlog_202502.csv
POS-1042-70000975-3,70000975,3,03,1042,2025-02-24,2025-02-24 09:48:27,20201,ANONYMOUS,,In-store,Sale,0,1.0,USD,5.49,5.49,0.0,1.0,5.49,0.0,pos/pos_tlog_202502.csv
POS-1042-70000976-1,70000976,1,05,1042,2025-02-24,2025-02-24 10:45:17,4482002,ANONYMOUS,MB25W03,In-store,Sale,0,3.0,USD,17.99,53.97,17.99,1.0,53.97,17.99,pos/pos_tlog_202502.csv
POS-1042-70000976-2,70000976,2,05,1042,2025-02-24,2025-02-24 10:45:17,4473002,ANONYMOUS,,In-store,Sale,0,2.0,USD,2.79,5.58,0.0,1.0,5.58,0.0,pos/pos_tlog_202502.csv
POS-1042-70001017-1,70001017,1,05,1042,2025-02-25,2025-02-25 17:28:14,4493001,3bb7cf057dae808cf0755e7f3d4e06b10c17a83650c7e02051b938bc5f53d49e,,In-store,Sale,0,1.0,USD,5.49,5.49,0.0,1.0,5.49,0.0,pos/pos_tlog_202502.csv
POS-1042-70001018-1,70001018,1,01,1042,2025-02-25,2025-02-25 17:55:21,561001,ANONYMOUS,BG25W04B,In-store,Sale,0,2.0,USD,9.99,19.98,9.99,1.0,19.98,9.99,pos/pos_tlog_202502.csv
POS-1042-70001018-2,70001018,2,01,1042,2025-02-25,2025-02-25 17:55:21,4482003,ANONYMOUS,,In-store,Sale,0,1.0,USD,5.49,5.49,0.0,1.0,5.49,0.0,pos/pos_tlog_202502.csv
POS-1042-70001018-3,70001018,3,01,1042,2025-02-25,2025-02-25 17:55:21,4481001,ANONYMOUS,,In-store,Sale,0,2.0,USD,7.99,15.98,0.0,1.0,15.98,0.0,pos/pos_tlog_202502.csv
POS-1042-70001018-4,70001018,4,01,1042,2025-02-25,2025-02-25 17:55:21,552001,ANONYMOUS,,In-store,Sale,0,1.0,USD,4.49,4.49,0.0,1.0,4.49,0.0,pos/pos_tlog_202502.csv
POS-1042-70001019-1,70001019,1,01,1042,2025-02-25,2025-02-25 17:44:16,4493002,ANONYMOUS,,In-store,Sale,0,1.0,USD,3.99,3.99,0.0,1.0,3.99,0.0,pos/pos_tlog_202502.csv
POS-1042-70001019-2,70001019,2,01,1042,2025-02-25,2025-02-25 17:44:16,94302,ANONYMOUS,,In-store,Sale,0,1.843,USD,5.49,10.12,0.0,1.0,10.12,0.0,pos/pos_tlog_202502.csv
POS-1042-70001019-3,70001019,3,01,1042,2025-02-25,2025-02-25 17:44:16,5012,ANONYMOUS,,In-store,Sale,0,1.0,USD,3.99,3.99,0.0,1.0,3.99,0.0,pos/pos_tlog_202502.csv
POS-1042-70001019-4,70001019,4,01,1042,2025-02-25,2025-02-25 17:44:16,552002,ANONYMOUS,,In-store,Sale,0,1.0,USD,3.99,3.99,0.0,1.0,3.99,0.0,pos/pos_tlog_202502.csv
POS-1042-70001020-1,70001020,1,02,1042,2025-02-25,2025-02-25 10:25:12,94202,ANONYMOUS,,In-store,Sale,0,1.813,USD,1.99,3.61,0.0,1.0,3.61,0.0,pos/pos_tlog_202502.csv
POS-1042-70001021-1,70001021,1,05,1042,2025-02-25,2025-02-25 11:59:17,31102,ANONYMOUS,,In-store,Sale,0,0.778,USD,19.99,15.55,0.0,1.0,15.55,0.0,pos/pos_tlog_202502.csv
POS-1042-70001022-1,70001022,1,02,1042,2025-02-25,2025-02-25 14:06:44,40201,ab7a3bc4493a94cc549dc1dccb9e2a3358269b951fd6ea92fcaacb47282b3e81,,In-store,Sale,0,1.0,USD,8.99,8.99,0.0,1.0,8.99,0.0,pos/pos_tlog_202502.csv
POS-1042-70001022-2,70001022,2,02,1042,2025-02-25,2025-02-25 14:06:44,4481001,ab7a3bc4493a94cc549dc1dccb9e2a3358269b951fd6ea92fcaacb47282b3e81,,In-store,Sale,0,1.0,USD,7.99,7.99,0.0,1.0,7.99,0.0,pos/pos_tlog_202502.csv
POS-1042-70001022-3,70001022,3,02,1042,2025-02-25,2025-02-25 14:06:44,4471030,ab7a3bc4493a94cc549dc1dccb9e2a3358269b951fd6ea92fcaacb47282b3e81,,In-store,Sale,0,1.0,USD,3.99,3.99,0.0,1.0,3.99,0.0,pos/pos_tlog_202502.csv
POS-1042-70001022-4,70001022,4,02,1042,2025-02-25,2025-02-25 14:06:44,20201,ab7a3bc4493a94cc549dc1dccb9e2a3358269b951fd6ea92fcaacb47282b3e81,,In-store,Sale,0,1.0,USD,5.49,5.49,0.0,1.0,5.49,0.0,pos/pos_tlog_202502.csv
POS-1042-70001022-5,70001022,5,02,1042,2025-02-25,2025-02-25 14:06:44,561001,ab7a3bc4493a94cc549dc1dccb9e2a3358269b951fd6ea92fcaacb47282b3e81,BG25W04B,In-store,Sale,0,2.0,USD,9.99,19.98,9.99,1.0,19.98,9.99,pos/pos_tlog_202502.csv
POS-1042-70001022-6,70001022,6,02,1042,2025-02-25,2025-02-25 14:06:44,4492003,ab7a3bc4493a94cc549dc1dccb9e2a3358269b951fd6ea92fcaacb47282b3e81,,In-store,Sale,0,1.0,USD,2.29,2.29,0.0,1.0,2.29,0.0,pos/pos_tlog_202502.csv
POS-1042-70001065-1,70001065,1,02,1042,2025-02-26,2025-02-26 08:04:47,93402,ANONYMOUS,,In-store,Sale,0,1.35,USD,3.29,4.44,0.0,1.0,4.44,0.0,pos/pos_tlog_202502.csv
POS-1042-70001065-2,70001065,2,02,1042,2025-02-26,2025-02-26 08:04:47,5013,ANONYMOUS,,In-store,Sale,0,1.0,USD,3.89,3.89,0.0,1.0,3.89,0.0,pos/pos_tlog_202502.csv
POS-1042-70001065-3,70001065,3,02,1042,2025-02-26,2025-02-26 08:04:47,5302,ANONYMOUS,,In-store,Sale,0,3.0,USD,3.49,10.47,0.0,1.0,10.47,0.0,pos/pos_tlog_202502.csv
POS-1042-70001066-1,70001066,1,02,1042,2025-02-26,2025-02-26 20:11:37,20203,d949bd92bdf3bd5263433c6e5ebbc63f0ccaa9cd1b188918366cce8f88dd5a4c,,In-store,Sale,0,1.0,USD,6.49,6.49,0.0,1.0,6.49,0.0,pos/pos_tlog_202502.csv
POS-1042-70001066-2,70001066,2,02,1042,2025-02-26,2025-02-26 20:11:37,5101,d949bd92bdf3bd5263433c6e5ebbc63f0ccaa9cd1b188918366cce8f88dd5a4c,,In-store,Sale,0,1.0,USD,7.99,7.99,0.0,1.0,7.99,0.0,pos/pos_tlog_202502.csv
POS-1042-70001066-3,70001066,3,02,1042,2025-02-26,2025-02-26 20:11:37,4492001,d949bd92bdf3bd5263433c6e5ebbc63f0ccaa9cd1b188918366cce8f88dd5a4c,,In-store,Sale,0,1.0,USD,1.79,1.79,0.0,1.0,1.79,0.0,pos/pos_tlog_202502.csv
POS-1042-70001066-4,70001066,4,02,1042,2025-02-26,2025-02-26 20:11:37,40201,d949bd92bdf3bd5263433c6e5ebbc63f0ccaa9cd1b188918366cce8f88dd5a4c,,In-store,Sale,0,1.0,USD,8.99,8.99,0.0,1.0,8.99,0.0,pos/pos_tlog_202502.csv
POS-1042-70001067-1,70001067,1,02,1042,2025-02-26,2025-02-26 11:13:58,94201,d2fd9799d418afab71ae454df60cfc43cd2540ae3f222eb2e18e1f04848d944c,,In-store,Sale,0,1.062,USD,1.69,1.79,0.0,1.0,1.79,0.0,pos/pos_tlog_202502.csv
POS-1042-70001067-2,70001067,2,02,1042,2025-02-26,2025-02-26 11:13:58,5012,d2fd9799d418afab71ae454df60cfc43cd2540ae3f222eb2e18e1f04848d944c,MB25W03,In-store,Sale,0,3.0,USD,3.99,11.97,3.99,1.0,11.97,3.99,pos/pos_tlog_202502.csv
POS-1042-70001068-1,70001068,1,02,1042,2025-02-26,2025-02-26 12:40:30,93501,ANONYMOUS,,In-store,Sale,0,1.0,USD,4.49,4.49,0.0,1.0,4.49,0.0,pos/pos_tlog_202502.csv
POS-1042-70001069-1,70001069,1,01,1042,2025-02-26,2025-02-26 09:25:28,94301,6e7ccc29d6a7b6c54b60ae9d441cee22be683079d955c805ec64e700beec7a48,,In-store,Sale,0,0.663,USD,4.39,2.91,0.0,1.0,2.91,0.0,pos/pos_tlog_202502.csv
POS-1042-70001069-2,70001069,2,01,1042,2025-02-26,2025-02-26 09:25:28,94301,6e7ccc29d6a7b6c54b60ae9d441cee22be683079d955c805ec64e700beec7a48,,In-store,Sale,0,1.335,USD,4.39,5.86,0.0,1.0,5.86,0.0,pos/pos_tlog_202502.csv
POS-1042-70001069-3,70001069,3,01,1042,2025-02-26,2025-02-26 09:25:28,93401,6e7ccc29d6a7b6c54b60ae9d441cee22be683079d955c805ec64e700beec7a48,,In-store,Sale,0,0.961,USD,5.49,5.28,0.0,1.0,5.28,0.0,pos/pos_tlog_202502.csv
