product_id,valid_from,valid_to,unit_cost_usd
20101,2024-01-01,2025-12-27,1.1
20101,2025-12-28,9999-12-31,1.14
20102,2024-01-01,9999-12-31,1.81
20103,2024-01-01,9999-12-31,2.2
20201,2024-01-01,2026-07-12,2.42
20201,2026-07-13,9999-12-31,2.53
20202,2024-01-01,2026-07-07,3.11
20202,2026-07-08,9999-12-31,3.29
20203,2024-01-01,2025-08-28,3.37
20203,2025-08-29,9999-12-31,3.6
30101,2024-01-01,9999-12-31,4.4
30102,2024-01-01,2026-08-12,10.64
30102,2026-08-13,9999-12-31,11.32
30103,2024-01-01,9999-12-31,6.38
30201,2024-01-01,9999-12-31,6.29
30202,2024-01-01,9999-12-31,8.16
30203,2024-01-01,9999-12-31,5.35
31101,2024-01-01,9999-12-31,17.74
31102,2024-01-01,2025-11-28,14.19
31102,2025-11-29,9999-12-31,14.73
40101,2024-01-01,9999-12-31,9.49
40102,2024-01-01,9999-12-31,9.85
40201,2024-01-01,9999-12-31,4.49
40202,2024-01-01,2026-06-24,7.49
40202,2026-06-25,9999-12-31,7.73
40203,2024-01-01,9999-12-31,6.95
4471023,2024-01-01,9999-12-31,2.23
4471024,2024-01-01,9999-12-31,2.23
4471030,2024-01-01,9999-12-31,2.55
4471040,2024-01-01,2025-06-25,1.39
4471040,2025-06-26,9999-12-31,1.44
4472001,2024-01-01,9999-12-31,2.55
4472002,2024-01-01,2026-07-31,2.51
4472002,2026-08-01,9999-12-31,2.66
4472003,2024-01-01,9999-12-31,2.11
4472050,2024-01-01,9999-12-31,2.55
4473001,2024-01-01,9999-12-31,1.91
4473002,2024-01-01,9999-12-31,1.79
4473003,2024-01-01,9999-12-31,2.23
4481001,2024-01-01,9999-12-31,5.11
4481002,2024-01-01,9999-12-31,5.11
4481003,2024-01-01,9999-12-31,2.79
4482001,2024-01-01,9999-12-31,8.95
4482002,2024-01-01,2025-07-22,10.07
4482002,2025-07-23,9999-12-31,10.45
4482003,2024-01-01,2026-03-02,3.51
4482003,2026-03-03,9999-12-31,3.71
4483001,2024-01-01,9999-12-31,3.19
4483002,2024-01-01,2026-05-27,1.95
4483002,2026-05-28,9999-12-31,2.1
4491001,2024-01-01,2025-03-14,1.59
4491001,2025-03-15,9999-12-31,1.68
4491002,2024-01-01,2025-03-29,3.91
4491002,2025-03-30,9999-12-31,4.08
4491003,2024-01-01,2026-07-01,1.11
4491003,2026-07-02,9999-12-31,1.16
4492001,2024-01-01,9999-12-31,1.0
4492002,2024-01-01,9999-12-31,0.95
4492003,2024-01-01,2025-09-12,1.47
4492003,2025-09-13,9999-12-31,1.54
4492050,2024-01-01,9999-12-31,1.4
4493001,2024-01-01,2026-04-19,3.51
4493001,2026-04-20,9999-12-31,3.63
4493002,2024-01-01,9999-12-31,2.23
5012,2024-01-01,9999-12-31,2.59
5013,2024-01-01,9999-12-31,2.53
5020,2024-01-01,2026-04-27,3.28
5020,2026-04-28,9999-12-31,3.39
5101,2024-01-01,2025-03-31,5.83
5101,2025-04-01,9999-12-31,6.19
5102,2024-01-01,9999-12-31,3.57
5103,2024-01-01,2025-05-27,4.54
5103,2025-05-28,9999-12-31,4.73
5201,2024-01-01,9999-12-31,2.59
5202,2024-01-01,9999-12-31,4.37
5301,2024-01-01,9999-12-31,4.01
5302,2024-01-01,9999-12-31,2.27
551020,2024-01-01,2025-08-11,9.23
551020,2025-08-12,9999-12-31,9.74
551021,2024-01-01,9999-12-31,6.95
552001,2024-01-01,9999-12-31,2.96
552002,2024-01-01,2025-08-19,2.31
552002,2025-08-20,9999-12-31,2.45
561001,2024-01-01,9999-12-31,6.59
561002,2024-01-01,9999-12-31,4.34
562001,2024-01-01,2026-04-08,7.25
562001,2026-04-09,9999-12-31,7.68
562002,2024-01-01,9999-12-31,4.92
93321,2024-01-01,9999-12-31,0.92
93322,2024-01-01,9999-12-31,1.07
93325,2024-01-01,2026-07-13,2.47
93325,2026-07-14,9999-12-31,2.63
93401,2024-01-01,2025-11-16,3.4
93401,2025-11-17,9999-12-31,3.51
93402,2024-01-01,9999-12-31,1.78
93410,2024-01-01,2025-10-30,2.47
93410,2025-10-31,9999-12-31,2.61
93501,2024-01-01,9999-12-31,2.78
93502,2024-01-01,2025-12-04,2.47
93502,2025-12-05,9999-12-31,2.62
93503,2024-01-01,2025-05-09,2.32
93503,2025-05-10,9999-12-31,2.43
94101,2024-01-01,2025-11-19,2.15
94101,2025-11-20,9999-12-31,2.28
94102,2024-01-01,9999-12-31,2.16
94103,2024-01-01,9999-12-31,2.35
94201,2024-01-01,2026-07-24,0.91
94201,2026-07-25,9999-12-31,0.98
94202,2024-01-01,2026-07-20,1.23
94202,2026-07-21,9999-12-31,1.31
94203,2024-01-01,9999-12-31,0.92
94301,2024-01-01,2026-05-26,2.72
94301,2026-05-27,9999-12-31,2.89
94302,2024-01-01,9999-12-31,3.4
