store_id,store_name,store_format,city,state_province,country,region,open_date,close_date,selling_area_sqft,valid_from,valid_to,is_current
1042,FreshCart Boston Seaport,Neighborhood Market,Boston,Massachusetts,United States,Northeast,2016-05-14,,38000,2016-05-14,2026-01-31,0
1042,FreshCart Boston Seaport,Supercenter,Boston,Massachusetts,United States,Northeast,2016-05-14,,52000,2026-02-01,9999-12-31,1
1107,FreshCart Hartford West,Express,West Hartford,Connecticut,United States,Northeast,2019-10-05,,9500,2019-10-05,9999-12-31,1
2210,FreshCart Atlanta Midtown,Neighborhood Market,Atlanta,Georgia,United States,Southeast,2014-08-09,,36000,2014-08-09,9999-12-31,1
2211,FreshCart Atlanta Buckhead,Express,Atlanta,Georgia,United States,Southeast,2017-03-18,,8800,2017-03-18,2026-05-31,0
2211,FreshCart Atlanta Buckhead,Express,Atlanta,Georgia,United States,Southeast,2017-03-18,2026-05-30,8800,2026-06-01,9999-12-31,1
2305,FreshCart Chicago Lincoln Park,Supercenter,Chicago,Illinois,United States,Midwest,2012-04-21,,61000,2012-04-21,9999-12-31,1
3050,FreshCart Denver Highlands,Neighborhood Market,Denver,Colorado,United States,West,2024-09-07,,34000,2024-09-07,9999-12-31,1
317,FreshCart Toronto Liberty Village,Supercenter,Toronto,Ontario,Canada,Canada,2018-06-02,,55000,2018-06-02,9999-12-31,1
322,FreshCart Mississauga Square One,Express,Mississauga,Ontario,Canada,Canada,2025-06-14,,9200,2025-06-01,9999-12-31,1
9001,FreshCart Newark Fulfilment Center,Dark Store,Newark,New Jersey,United States,Northeast,2023-03-11,,0,2023-03-11,9999-12-31,1
