calendar_date,day_of_week_name,fiscal_year,fiscal_quarter,fiscal_period,fiscal_period_name,fiscal_week,fiscal_week_start_date,fiscal_day_of_year,is_last_completed_fiscal_week,is_last_4_completed_fiscal_weeks,is_current_fiscal_quarter,is_fiscal_ytd,is_prior_fiscal_ytd
2025-01-01,Wednesday,2024,4,11,P11 Dec,48,2024-12-29,333,0,0,0,0,0
2025-02-01,Saturday,2024,4,12,P12 Jan,52,2025-01-26,364,0,0,0,0,0
2024-03-01,Friday,2024,1,1,P01 Feb,4,2024-02-25,27,0,0,0,0,0
2024-04-01,Monday,2024,1,2,P02 Mar,9,2024-03-31,58,0,0,0,0,0
2024-05-01,Wednesday,2024,1,3,P03 Apr,13,2024-04-28,88,0,0,0,0,0
2024-06-01,Saturday,2024,2,4,P04 May,17,2024-05-26,119,0,0,0,0,0
2024-07-01,Monday,2024,2,5,P05 Jun,22,2024-06-30,149,0,0,0,0,0
2024-08-01,Thursday,2024,2,6,P06 Jul,26,2024-07-28,180,0,0,0,0,0
2024-09-01,Sunday,2024,3,8,P08 Sep,31,2024-09-01,211,0,0,0,0,0
2024-10-01,Tuesday,2024,3,8,P08 Sep,35,2024-09-29,241,0,0,0,0,0
2024-11-01,Friday,2024,3,9,P09 Oct,39,2024-10-27,272,0,0,0,0,0
2024-12-01,Sunday,2024,4,11,P11 Dec,44,2024-12-01,302,0,0,0,0,0
2025-01-02,Thursday,2024,4,11,P11 Dec,48,2024-12-29,334,0,0,0,0,0
2024-03-02,Saturday,2024,1,1,P01 Feb,4,2024-02-25,28,0,0,0,0,0
2024-04-02,Tuesday,2024,1,2,P02 Mar,9,2024-03-31,59,0,0,0,0,0
2024-05-02,Thursday,2024,1,3,P03 Apr,13,2024-04-28,89,0,0,0,0,0
2024-06-02,Sunday,2024,2,5,P05 Jun,18,2024-06-02,120,0,0,0,0,0
2024-07-02,Tuesday,2024,2,5,P05 Jun,22,2024-06-30,150,0,0,0,0,0
2024-08-02,Friday,2024,2,6,P06 Jul,26,2024-07-28,181,0,0,0,0,0
2024-09-02,Monday,2024,3,8,P08 Sep,31,2024-09-01,212,0,0,0,0,0
2024-10-02,Wednesday,2024,3,8,P08 Sep,35,2024-09-29,242,0,0,0,0,0
2024-11-02,Saturday,2024,3,9,P09 Oct,39,2024-10-27,273,0,0,0,0,0
2024-12-02,Monday,2024,4,11,P11 Dec,44,2024-12-01,303,0,0,0,0,0
2025-01-03,Friday,2024,4,11,P11 Dec,48,2024-12-29,335,0,0,0,0,0
2024-03-03,Sunday,2024,1,2,P02 Mar,5,2024-03-03,29,0,0,0,0,0
2024-04-03,Wednesday,2024,1,2,P02 Mar,9,2024-03-31,60,0,0,0,0,0
2024-05-03,Friday,2024,1,3,P03 Apr,13,2024-04-28,90,0,0,0,0,0
2024-06-03,Monday,2024,2,5,P05 Jun,18,2024-06-02,121,0,0,0,0,0
2024-07-03,Wednesday,2024,2,5,P05 Jun,22,2024-06-30,151,0,0,0,0,0
2024-08-03,Saturday,2024,2,6,P06 Jul,26,2024-07-28,182,0,0,0,0,0
2024-09-03,Tuesday,2024,3,8,P08 Sep,31,2024-09-01,213,0,0,0,0,0
2024-10-03,Thursday,2024,3,8,P08 Sep,35,2024-09-29,243,0,0,0,0,0
2024-11-03,Sunday,2024,4,10,P10 Nov,40,2024-11-03,274,0,0,0,0,0
2024-12-03,Tuesday,2024,4,11,P11 Dec,44,2024-12-01,304,0,0,0,0,0
2025-01-04,Saturday,2024,4,11,P11 Dec,48,2024-12-29,336,0,0,0,0,0
2024-02-04,Sunday,2024,1,1,P01 Feb,1,2024-02-04,1,0,0,0,0,0
2024-03-04,Monday,2024,1,2,P02 Mar,5,2024-03-03,30,0,0,0,0,0
2024-04-04,Thursday,2024,1,2,P02 Mar,9,2024-03-31,61,0,0,0,0,0
2024-05-04,Saturday,2024,1,3,P03 Apr,13,2024-04-28,91,0,0,0,0,0
2024-06-04,Tuesday,2024,2,5,P05 Jun,18,2024-06-02,122,0,0,0,0,0
2024-07-04,Thursday,2024,2,5,P05 Jun,22,2024-06-30,152,0,0,0,0,0
2024-08-04,Sunday,2024,3,7,P07 Aug,27,2024-08-04,183,0,0,0,0,0
2024-09-04,Wednesday,2024,3,8,P08 Sep,31,2024-09-01,214,0,0,0,0,0
2024-10-04,Friday,2024,3,8,P08 Sep,35,2024-09-29,244,0,0,0,0,0
2024-11-04,Monday,2024,4,10,P10 Nov,40,2024-11-03,275,0,0,0,0,0
2024-12-04,Wednesday,2024,4,11,P11 Dec,44,2024-12-01,305,0,0,0,0,0
2025-01-05,Sunday,2024,4,12,P12 Jan,49,2025-01-05,337,0,0,0,0,0
2024-02-05,Monday,2024,1,1,P01 Feb,1,2024-02-04,2,0,0,0,0,0
2024-03-05,Tuesday,2024,1,2,P02 Mar,5,2024-03-03,31,0,0,0,0,0
2024-04-05,Friday,2024,1,2,P02 Mar,9,2024-03-31,62,0,0,0,0,0
2024-05-05,Sunday,2024,2,4,P04 May,14,2024-05-05,92,0,0,0,0,0
2024-06-05,Wednesday,2024,2,5,P05 Jun,18,2024-06-02,123,0,0,0,0,0
2024-07-05,Friday,2024,2,5,P05 Jun,22,2024-06-30,153,0,0,0,0,0
2024-08-05,Monday,2024,3,7,P07 Aug,27,2024-08-04,184,0,0,0,0,0
2024-09-05,Thursday,2024,3,8,P08 Sep,31,2024-09-01,215,0,0,0,0,0
2024-10-05,Saturday,2024,3,8,P08 Sep,35,2024-09-29,245,0,0,0,0,0
2024-11-05,Tuesday,2024,4,10,P10 Nov,40,2024-11-03,276,0,0,0,0,0
2024-12-05,Thursday,2024,4,11,P11 Dec,44,2024-12-01,306,0,0,0,0,0
2025-01-06,Monday,2024,4,12,P12 Jan,49,2025-01-05,338,0,0,0,0,0
2024-02-06,Tuesday,2024,1,1,P01 Feb,1,2024-02-04,3,0,0,0,0,0
2024-03-06,Wednesday,2024,1,2,P02 Mar,5,2024-03-03,32,0,0,0,0,0
2024-04-06,Saturday,2024,1,2,P02 Mar,9,2024-03-31,63,0,0,0,0,0
2024-05-06,Monday,2024,2,4,P04 May,14,2024-05-05,93,0,0,0,0,0
2024-06-06,Thursday,2024,2,5,P05 Jun,18,2024-06-02,124,0,0,0,0,0
2024-07-06,Saturday,2024,2,5,P05 Jun,22,2024-06-30,154,0,0,0,0,0
2024-08-06,Tuesday,2024,3,7,P07 Aug,27,2024-08-04,185,0,0,0,0,0
2024-09-06,Friday,2024,3,8,P08 Sep,31,2024-09-01,216,0,0,0,0,0
2024-10-06,Sunday,2024,3,9,P09 Oct,36,2024-10-06,246,0,0,0,0,0
2024-11-06,Wednesday,2024,4,10,P10 Nov,40,2024-11-03,277,0,0,0,0,0
2024-12-06,Friday,2024,4,11,P11 Dec,44,2024-12-01,307,0,0,0,0,0
2025-01-07,Tuesday,2024,4,12,P12 Jan,49,2025-01-05,339,0,0,0,0,0
2024-02-07,Wednesday,2024,1,1,P01 Feb,1,2024-02-04,4,0,0,0,0,0
2024-03-07,Thursday,2024,1,2,P02 Mar,5,2024-03-03,33,0,0,0,0,0
2024-04-07,Sunday,2024,1,3,P03 Apr,10,2024-04-07,64,0,0,0,0,0
2024-05-07,Tuesday,2024,2,4,P04 May,14,2024-05-05,94,0,0,0,0,0
2024-06-07,Friday,2024,2,5,P05 Jun,18,2024-06-02,125,0,0,0,0,0
2024-07-07,Sunday,2024,2,6,P06 Jul,23,2024-07-07,155,0,0,0,0,0
2024-08-07,Wednesday,2024,3,7,P07 Aug,27,2024-08-04,186,0,0,0,0,0
2024-09-07,Saturday,2024,3,8,P08 Sep,31,2024-09-01,217,0,0,0,0,0
2024-10-07,Monday,2024,3,9,P09 Oct,36,2024-10-06,247,0,0,0,0,0
2024-11-07,Thursday,2024,4,10,P10 Nov,40,2024-11-03,278,0,0,0,0,0
2024-12-07,Saturday,2024,4,11,P11 Dec,44,2024-12-01,308,0,0,0,0,0
2025-01-08,Wednesday,2024,4,12,P12 Jan,49,2025-01-05,340,0,0,0,0,0
2024-02-08,Thursday,2024,1,1,P01 Feb,1,2024-02-04,5,0,0,0,0,0
2024-03-08,Friday,2024,1,2,P02 Mar,5,2024-03-03,34,0,0,0,0,0
2024-04-08,Monday,2024,1,3,P03 Apr,10,2024-04-07,65,0,0,0,0,0
2024-05-08,Wednesday,2024,2,4,P04 May,14,2024-05-05,95,0,0,0,0,0
2024-06-08,Saturday,2024,2,5,P05 Jun,18,2024-06-02,126,0,0,0,0,0
2024-07-08,Monday,2024,2,6,P06 Jul,23,2024-07-07,156,0,0,0,0,0
2024-08-08,Thursday,2024,3,7,P07 Aug,27,2024-08-04,187,0,0,0,0,0
2024-09-08,Sunday,2024,3,8,P08 Sep,32,2024-09-08,218,0,0,0,0,0
2024-10-08,Tuesday,2024,3,9,P09 Oct,36,2024-10-06,248,0,0,0,0,0
2024-11-08,Friday,2024,4,10,P10 Nov,40,2024-11-03,279,0,0,0,0,0
2024-12-08,Sunday,2024,4,11,P11 Dec,45,2024-12-08,309,0,0,0,0,0
2025-01-09,Thursday,2024,4,12,P12 Jan,49,2025-01-05,341,0,0,0,0,0
2024-02-09,Friday,2024,1,1,P01 Feb,1,2024-02-04,6,0,0,0,0,0
2024-03-09,Saturday,2024,1,2,P02 Mar,5,2024-03-03,35,0,0,0,0,0
2024-04-09,Tuesday,2024,1,3,P03 Apr,10,2024-04-07,66,0,0,0,0,0
2024-05-09,Thursday,2024,2,4,P04 May,14,2024-05-05,96,0,0,0,0,0
2024-06-09,Sunday,2024,2,5,P05 Jun,19,2024-06-09,127,0,0,0,0,0
2024-07-09,Tuesday,2024,2,6,P06 Jul,23,2024-07-07,157,0,0,0,0,0
2024-08-09,Friday,2024,3,7,P07 Aug,27,2024-08-04,188,0,0,0,0,0
2024-09-09,Monday,2024,3,8,P08 Sep,32,2024-09-08,219,0,0,0,0,0
2024-10-09,Wednesday,2024,3,9,P09 Oct,36,2024-10-06,249,0,0,0,0,0
2024-11-09,Saturday,2024,4,10,P10 Nov,40,2024-11-03,280,0,0,0,0,0
2024-12-09,Monday,2024,4,11,P11 Dec,45,2024-12-08,310,0,0,0,0,0
2025-01-10,Friday,2024,4,12,P12 Jan,49,2025-01-05,342,0,0,0,0,0
2024-02-10,Saturday,2024,1,1,P01 Feb,1,2024-02-04,7,0,0,0,0,0
2024-03-10,Sunday,2024,1,2,P02 Mar,6,2024-03-10,36,0,0,0,0,0
2024-04-10,Wednesday,2024,1,3,P03 Apr,10,2024-04-07,67,0,0,0,0,0
2024-05-10,Friday,2024,2,4,P04 May,14,2024-05-05,97,0,0,0,0,0
2024-06-10,Monday,2024,2,5,P05 Jun,19,2024-06-09,128,0,0,0,0,0
2024-07-10,Wednesday,2024,2,6,P06 Jul,23,2024-07-07,158,0,0,0,0,0
2024-08-10,Saturday,2024,3,7,P07 Aug,27,2024-08-04,189,0,0,0,0,0
2024-09-10,Tuesday,2024,3,8,P08 Sep,32,2024-09-08,220,0,0,0,0,0
2024-10-10,Thursday,2024,3,9,P09 Oct,36,2024-10-06,250,0,0,0,0,0
2024-11-10,Sunday,2024,4,10,P10 Nov,41,2024-11-10,281,0,0,0,0,0
2024-12-10,Tuesday,2024,4,11,P11 Dec,45,2024-12-08,311,0,0,0,0,0
2025-01-11,Saturday,2024,4,12,P12 Jan,49,2025-01-05,343,0,0,0,0,0
2024-02-11,Sunday,2024,1,1,P01 Feb,2,2024-02-11,8,0,0,0,0,0
2024-03-11,Monday,2024,1,2,P02 Mar,6,2024-03-10,37,0,0,0,0,0
2024-04-11,Thursday,2024,1,3,P03 Apr,10,2024-04-07,68,0,0,0,0,0
2024-05-11,Saturday,2024,2,4,P04 May,14,2024-05-05,98,0,0,0,0,0
2024-06-11,Tuesday,2024,2,5,P05 Jun,19,2024-06-09,129,0,0,0,0,0
2024-07-11,Thursday,2024,2,6,P06 Jul,23,2024-07-07,159,0,0,0,0,0
2024-08-11,Sunday,2024,3,7,P07 Aug,28,2024-08-11,190,0,0,0,0,0
2024-09-11,Wednesday,2024,3,8,P08 Sep,32,2024-09-08,221,0,0,0,0,0
2024-10-11,Friday,2024,3,9,P09 Oct,36,2024-10-06,251,0,0,0,0,0
2024-11-11,Monday,2024,4,10,P10 Nov,41,2024-11-10,282,0,0,0,0,0
2024-12-11,Wednesday,2024,4,11,P11 Dec,45,2024-12-08,312,0,0,0,0,0
2025-01-12,Sunday,2024,4,12,P12 Jan,50,2025-01-12,344,0,0,0,0,0
2024-02-12,Monday,2024,1,1,P01 Feb,2,2024-02-11,9,0,0,0,0,0
2024-03-12,Tuesday,2024,1,2,P02 Mar,6,2024-03-10,38,0,0,0,0,0
2024-04-12,Friday,2024,1,3,P03 Apr,10,2024-04-07,69,0,0,0,0,0
2024-05-12,Sunday,2024,2,4,P04 May,15,2024-05-12,99,0,0,0,0,0
2024-06-12,Wednesday,2024,2,5,P05 Jun,19,2024-06-09,130,0,0,0,0,0
2024-07-12,Friday,2024,2,6,P06 Jul,23,2024-07-07,160,0,0,0,0,0
2024-08-12,Monday,2024,3,7,P07 Aug,28,2024-08-11,191,0,0,0,0,0
2024-09-12,Thursday,2024,3,8,P08 Sep,32,2024-09-08,222,0,0,0,0,0
2024-10-12,Saturday,2024,3,9,P09 Oct,36,2024-10-06,252,0,0,0,0,0
2024-11-12,Tuesday,2024,4,10,P10 Nov,41,2024-11-10,283,0,0,0,0,0
2024-12-12,Thursday,2024,4,11,P11 Dec,45,2024-12-08,313,0,0,0,0,0
2025-01-13,Monday,2024,4,12,P12 Jan,50,2025-01-12,345,0,0,0,0,0
2024-02-13,Tuesday,2024,1,1,P01 Feb,2,2024-02-11,10,0,0,0,0,0
2024-03-13,Wednesday,2024,1,2,P02 Mar,6,2024-03-10,39,0,0,0,0,0
2024-04-13,Saturday,2024,1,3,P03 Apr,10,2024-04-07,70,0,0,0,0,0
2024-05-13,Monday,2024,2,4,P04 May,15,2024-05-12,100,0,0,0,0,0
2024-06-13,Thursday,2024,2,5,P05 Jun,19,2024-06-09,131,0,0,0,0,0
2024-07-13,Saturday,2024,2,6,P06 Jul,23,2024-07-07,161,0,0,0,0,0
2024-08-13,Tuesday,2024,3,7,P07 Aug,28,2024-08-11,192,0,0,0,0,0
2024-09-13,Friday,2024,3,8,P08 Sep,32,2024-09-08,223,0,0,0,0,0
2024-10-13,Sunday,2024,3,9,P09 Oct,37,2024-10-13,253,0,0,0,0,0
2024-11-13,Wednesday,2024,4,10,P10 Nov,41,2024-11-10,284,0,0,0,0,0
2024-12-13,Friday,2024,4,11,P11 Dec,45,2024-12-08,314,0,0,0,0,0
2025-01-14,Tuesday,2024,4,12,P12 Jan,50,2025-01-12,346,0,0,0,0,0
2024-02-14,Wednesday,2024,1,1,P01 Feb,2,2024-02-11,11,0,0,0,0,0
2024-03-14,Thursday,2024,1,2,P02 Mar,6,2024-03-10,40,0,0,0,0,0
2024-04-14,Sunday,2024,1,3,P03 Apr,11,2024-04-14,71,0,0,0,0,0
2024-05-14,Tuesday,2024,2,4,P04 May,15,2024-05-12,101,0,0,0,0,0
2024-06-14,Friday,2024,2,5,P05 Jun,19,2024-06-09,132,0,0,0,0,0
2024-07-14,Sunday,2024,2,6,P06 Jul,24,2024-07-14,162,0,0,0,0,0
2024-08-14,Wednesday,2024,3,7,P07 Aug,28,2024-08-11,193,0,0,0,0,0
2024-09-14,Saturday,2024,3,8,P08 Sep,32,2024-09-08,224,0,0,0,0,0
2024-10-14,Monday,2024,3,9,P09 Oct,37,2024-10-13,254,0,0,0,0,0
2024-11-14,Thursday,2024,4,10,P10 Nov,41,2024-11-10,285,0,0,0,0,0
2024-12-14,Saturday,2024,4,11,P11 Dec,45,2024-12-08,315,0,0,0,0,0
2025-01-15,Wednesday,2024,4,12,P12 Jan,50,2025-01-12,347,0,0,0,0,0
2024-02-15,Thursday,2024,1,1,P01 Feb,2,2024-02-11,12,0,0,0,0,0
2024-03-15,Friday,2024,1,2,P02 Mar,6,2024-03-10,41,0,0,0,0,0
2024-04-15,Monday,2024,1,3,P03 Apr,11,2024-04-14,72,0,0,0,0,0
2024-05-15,Wednesday,2024,2,4,P04 May,15,2024-05-12,102,0,0,0,0,0
2024-06-15,Saturday,2024,2,5,P05 Jun,19,2024-06-09,133,0,0,0,0,0
2024-07-15,Monday,2024,2,6,P06 Jul,24,2024-07-14,163,0,0,0,0,0
2024-08-15,Thursday,2024,3,7,P07 Aug,28,2024-08-11,194,0,0,0,0,0
2024-09-15,Sunday,2024,3,8,P08 Sep,33,2024-09-15,225,0,0,0,0,0
2024-10-15,Tuesday,2024,3,9,P09 Oct,37,2024-10-13,255,0,0,0,0,0
2024-11-15,Friday,2024,4,10,P10 Nov,41,2024-11-10,286,0,0,0,0,0
2024-12-15,Sunday,2024,4,11,P11 Dec,46,2024-12-15,316,0,0,0,0,0
2025-01-16,Thursday,2024,4,12,P12 Jan,50,2025-01-12,348,0,0,0,0,0
2024-02-16,Friday,2024,1,1,P01 Feb,2,2024-02-11,13,0,0,0,0,0
2024-03-16,Saturday,2024,1,2,P02 Mar,6,2024-03-10,42,0,0,0,0,0
2024-04-16,Tuesday,2024,1,3,P03 Apr,11,2024-04-14,73,0,0,0,0,0
2024-05-16,Thursday,2024,2,4,P04 May,15,2024-05-12,103,0,0,0,0,0
2024-06-16,Sunday,2024,2,5,P05 Jun,20,2024-06-16,134,0,0,0,0,0
2024-07-16,Tuesday,2024,2,6,P06 Jul,24,2024-07-14,164,0,0,0,0,0
2024-08-16,Friday,2024,3,7,P07 Aug,28,2024-08-11,195,0,0,0,0,0
2024-09-16,Monday,2024,3,8,P08 Sep,33,2024-09-15,226,0,0,0,0,0
2024-10-16,Wednesday,2024,3,9,P09 Oct,37,2024-10-13,256,0,0,0,0,0
2024-11-16,Saturday,2024,4,10,P10 Nov,41,2024-11-10,287,0,0,0,0,0
2024-12-16,Monday,2024,4,11,P11 Dec,46,2024-12-15,317,0,0,0,0,0
2025-01-17,Friday,2024,4,12,P12 Jan,50,2025-01-12,349,0,0,0,0,0
2024-02-17,Saturday,2024,1,1,P01 Feb,2,2024-02-11,14,0,0,0,0,0
2024-03-17,Sunday,2024,1,2,P02 Mar,7,2024-03-17,43,0,0,0,0,0
2024-04-17,Wednesday,2024,1,3,P03 Apr,11,2024-04-14,74,0,0,0,0,0
2024-05-17,Friday,2024,2,4,P04 May,15,2024-05-12,104,0,0,0,0,0
2024-06-17,Monday,2024,2,5,P05 Jun,20,2024-06-16,135,0,0,0,0,0
2024-07-17,Wednesday,2024,2,6,P06 Jul,24,2024-07-14,165,0,0,0,0,0
2024-08-17,Saturday,2024,3,7,P07 Aug,28,2024-08-11,196,0,0,0,0,0
2024-09-17,Tuesday,2024,3,8,P08 Sep,33,2024-09-15,227,0,0,0,0,0
2024-10-17,Thursday,2024,3,9,P09 Oct,37,2024-10-13,257,0,0,0,0,0
2024-11-17,Sunday,2024,4,10,P10 Nov,42,2024-11-17,288,0,0,0,0,0
2024-12-17,Tuesday,2024,4,11,P11 Dec,46,2024-12-15,318,0,0,0,0,0
2025-01-18,Saturday,2024,4,12,P12 Jan,50,2025-01-12,350,0,0,0,0,0
2024-02-18,Sunday,2024,1,1,P01 Feb,3,2024-02-18,15,0,0,0,0,0
2024-03-18,Monday,2024,1,2,P02 Mar,7,2024-03-17,44,0,0,0,0,0
2024-04-18,Thursday,2024,1,3,P03 Apr,11,2024-04-14,75,0,0,0,0,0
2024-05-18,Saturday,2024,2,4,P04 May,15,2024-05-12,105,0,0,0,0,0
2024-06-18,Tuesday,2024,2,5,P05 Jun,20,2024-06-16,136,0,0,0,0,0
2024-07-18,Thursday,2024,2,6,P06 Jul,24,2024-07-14,166,0,0,0,0,0
2024-08-18,Sunday,2024,3,7,P07 Aug,29,2024-08-18,197,0,0,0,0,0
2024-09-18,Wednesday,2024,3,8,P08 Sep,33,2024-09-15,228,0,0,0,0,0
2024-10-18,Friday,2024,3,9,P09 Oct,37,2024-10-13,258,0,0,0,0,0
2024-11-18,Monday,2024,4,10,P10 Nov,42,2024-11-17,289,0,0,0,0,0
2024-12-18,Wednesday,2024,4,11,P11 Dec,46,2024-12-15,319,0,0,0,0,0
2025-01-19,Sunday,2024,4,12,P12 Jan,51,2025-01-19,351,0,0,0,0,0
2024-02-19,Monday,2024,1,1,P01 Feb,3,2024-02-18,16,0,0,0,0,0
2024-03-19,Tuesday,2024,1,2,P02 Mar,7,2024-03-17,45,0,0,0,0,0
2024-04-19,Friday,2024,1,3,P03 Apr,11,2024-04-14,76,0,0,0,0,0
2024-05-19,Sunday,2024,2,4,P04 May,16,2024-05-19,106,0,0,0,0,0
2024-06-19,Wednesday,2024,2,5,P05 Jun,20,2024-06-16,137,0,0,0,0,0
2024-07-19,Friday,2024,2,6,P06 Jul,24,2024-07-14,167,0,0,0,0,0
2024-08-19,Monday,2024,3,7,P07 Aug,29,2024-08-18,198,0,0,0,0,0
2024-09-19,Thursday,2024,3,8,P08 Sep,33,2024-09-15,229,0,0,0,0,0
2024-10-19,Saturday,2024,3,9,P09 Oct,37,2024-10-13,259,0,0,0,0,0
2024-11-19,Tuesday,2024,4,10,P10 Nov,42,2024-11-17,290,0,0,0,0,0
2024-12-19,Thursday,2024,4,11,P11 Dec,46,2024-12-15,320,0,0,0,0,0
2025-01-20,Monday,2024,4,12,P12 Jan,51,2025-01-19,352,0,0,0,0,0
2024-02-20,Tuesday,2024,1,1,P01 Feb,3,2024-02-18,17,0,0,0,0,0
2024-03-20,Wednesday,2024,1,2,P02 Mar,7,2024-03-17,46,0,0,0,0,0
2024-04-20,Saturday,2024,1,3,P03 Apr,11,2024-04-14,77,0,0,0,0,0
2024-05-20,Monday,2024,2,4,P04 May,16,2024-05-19,107,0,0,0,0,0
2024-06-20,Thursday,2024,2,5,P05 Jun,20,2024-06-16,138,0,0,0,0,0
2024-07-20,Saturday,2024,2,6,P06 Jul,24,2024-07-14,168,0,0,0,0,0
2024-08-20,Tuesday,2024,3,7,P07 Aug,29,2024-08-18,199,0,0,0,0,0
2024-09-20,Friday,2024,3,8,P08 Sep,33,2024-09-15,230,0,0,0,0,0
2024-10-20,Sunday,2024,3,9,P09 Oct,38,2024-10-20,260,0,0,0,0,0
2024-11-20,Wednesday,2024,4,10,P10 Nov,42,2024-11-17,291,0,0,0,0,0
2024-12-20,Friday,2024,4,11,P11 Dec,46,2024-12-15,321,0,0,0,0,0
2025-01-21,Tuesday,2024,4,12,P12 Jan,51,2025-01-19,353,0,0,0,0,0
2024-02-21,Wednesday,2024,1,1,P01 Feb,3,2024-02-18,18,0,0,0,0,0
2024-03-21,Thursday,2024,1,2,P02 Mar,7,2024-03-17,47,0,0,0,0,0
2024-04-21,Sunday,2024,1,3,P03 Apr,12,2024-04-21,78,0,0,0,0,0
2024-05-21,Tuesday,2024,2,4,P04 May,16,2024-05-19,108,0,0,0,0,0
2024-06-21,Friday,2024,2,5,P05 Jun,20,2024-06-16,139,0,0,0,0,0
2024-07-21,Sunday,2024,2,6,P06 Jul,25,2024-07-21,169,0,0,0,0,0
2024-08-21,Wednesday,2024,3,7,P07 Aug,29,2024-08-18,200,0,0,0,0,0
2024-09-21,Saturday,2024,3,8,P08 Sep,33,2024-09-15,231,0,0,0,0,0
2024-10-21,Monday,2024,3,9,P09 Oct,38,2024-10-20,261,0,0,0,0,0
2024-11-21,Thursday,2024,4,10,P10 Nov,42,2024-11-17,292,0,0,0,0,0
2024-12-21,Saturday,2024,4,11,P11 Dec,46,2024-12-15,322,0,0,0,0,0
2025-01-22,Wednesday,2024,4,12,P12 Jan,51,2025-01-19,354,0,0,0,0,0
2024-02-22,Thursday,2024,1,1,P01 Feb,3,2024-02-18,19,0,0,0,0,0
2024-03-22,Friday,2024,1,2,P02 Mar,7,2024-03-17,48,0,0,0,0,0
2024-04-22,Monday,2024,1,3,P03 Apr,12,2024-04-21,79,0,0,0,0,0
2024-05-22,Wednesday,2024,2,4,P04 May,16,2024-05-19,109,0,0,0,0,0
2024-06-22,Saturday,2024,2,5,P05 Jun,20,2024-06-16,140,0,0,0,0,0
2024-07-22,Monday,2024,2,6,P06 Jul,25,2024-07-21,170,0,0,0,0,0
2024-08-22,Thursday,2024,3,7,P07 Aug,29,2024-08-18,201,0,0,0,0,0
2024-09-22,Sunday,2024,3,8,P08 Sep,34,2024-09-22,232,0,0,0,0,0
2024-10-22,Tuesday,2024,3,9,P09 Oct,38,2024-10-20,262,0,0,0,0,0
2024-11-22,Friday,2024,4,10,P10 Nov,42,2024-11-17,293,0,0,0,0,0
2024-12-22,Sunday,2024,4,11,P11 Dec,47,2024-12-22,323,0,0,0,0,0
2025-01-23,Thursday,2024,4,12,P12 Jan,51,2025-01-19,355,0,0,0,0,0
2024-02-23,Friday,2024,1,1,P01 Feb,3,2024-02-18,20,0,0,0,0,0
2024-03-23,Saturday,2024,1,2,P02 Mar,7,2024-03-17,49,0,0,0,0,0
2024-04-23,Tuesday,2024,1,3,P03 Apr,12,2024-04-21,80,0,0,0,0,0
2024-05-23,Thursday,2024,2,4,P04 May,16,2024-05-19,110,0,0,0,0,0
2024-06-23,Sunday,2024,2,5,P05 Jun,21,2024-06-23,141,0,0,0,0,0
2024-07-23,Tuesday,2024,2,6,P06 Jul,25,2024-07-21,171,0,0,0,0,0
2024-08-23,Friday,2024,3,7,P07 Aug,29,2024-08-18,202,0,0,0,0,0
2024-09-23,Monday,2024,3,8,P08 Sep,34,2024-09-22,233,0,0,0,0,0
2024-10-23,Wednesday,2024,3,9,P09 Oct,38,2024-10-20,263,0,0,0,0,0
2024-11-23,Saturday,2024,4,10,P10 Nov,42,2024-11-17,294,0,0,0,0,0
2024-12-23,Monday,2024,4,11,P11 Dec,47,2024-12-22,324,0,0,0,0,0
2025-01-24,Friday,2024,4,12,P12 Jan,51,2025-01-19,356,0,0,0,0,0
2024-02-24,Saturday,2024,1,1,P01 Feb,3,2024-02-18,21,0,0,0,0,0
2024-03-24,Sunday,2024,1,2,P02 Mar,8,2024-03-24,50,0,0,0,0,0
2024-04-24,Wednesday,2024,1,3,P03 Apr,12,2024-04-21,81,0,0,0,0,0
2024-05-24,Friday,2024,2,4,P04 May,16,2024-05-19,111,0,0,0,0,0
2024-06-24,Monday,2024,2,5,P05 Jun,21,2024-06-23,142,0,0,0,0,0
2024-07-24,Wednesday,2024,2,6,P06 Jul,25,2024-07-21,172,0,0,0,0,0
2024-08-24,Saturday,2024,3,7,P07 Aug,29,2024-08-18,203,0,0,0,0,0
2024-09-24,Tuesday,2024,3,8,P08 Sep,34,2024-09-22,234,0,0,0,0,0
2024-10-24,Thursday,2024,3,9,P09 Oct,38,2024-10-20,264,0,0,0,0,0
2024-11-24,Sunday,2024,4,10,P10 Nov,43,2024-11-24,295,0,0,0,0,0
2024-12-24,Tuesday,2024,4,11,P11 Dec,47,2024-12-22,325,0,0,0,0,0
2025-01-25,Saturday,2024,4,12,P12 Jan,51,2025-01-19,357,0,0,0,0,0
2024-02-25,Sunday,2024,1,1,P01 Feb,4,2024-02-25,22,0,0,0,0,0
2024-03-25,Monday,2024,1,2,P02 Mar,8,2024-03-24,51,0,0,0,0,0
2024-04-25,Thursday,2024,1,3,P03 Apr,12,2024-04-21,82,0,0,0,0,0
2024-05-25,Saturday,2024,2,4,P04 May,16,2024-05-19,112,0,0,0,0,0
2024-06-25,Tuesday,2024,2,5,P05 Jun,21,2024-06-23,143,0,0,0,0,0
2024-07-25,Thursday,2024,2,6,P06 Jul,25,2024-07-21,173,0,0,0,0,0
2024-08-25,Sunday,2024,3,7,P07 Aug,30,2024-08-25,204,0,0,0,0,0
2024-09-25,Wednesday,2024,3,8,P08 Sep,34,2024-09-22,235,0,0,0,0,0
2024-10-25,Friday,2024,3,9,P09 Oct,38,2024-10-20,265,0,0,0,0,0
2024-11-25,Monday,2024,4,10,P10 Nov,43,2024-11-24,296,0,0,0,0,0
2024-12-25,Wednesday,2024,4,11,P11 Dec,47,2024-12-22,326,0,0,0,0,0
2025-01-26,Sunday,2024,4,12,P12 Jan,52,2025-01-26,358,0,0,0,0,0
2024-02-26,Monday,2024,1,1,P01 Feb,4,2024-02-25,23,0,0,0,0,0
2024-03-26,Tuesday,2024,1,2,P02 Mar,8,2024-03-24,52,0,0,0,0,0
2024-04-26,Friday,2024,1,3,P03 Apr,12,2024-04-21,83,0,0,0,0,0
2024-05-26,Sunday,2024,2,4,P04 May,17,2024-05-26,113,0,0,0,0,0
2024-06-26,Wednesday,2024,2,5,P05 Jun,21,2024-06-23,144,0,0,0,0,0
2024-07-26,Friday,2024,2,6,P06 Jul,25,2024-07-21,174,0,0,0,0,0
2024-08-26,Monday,2024,3,7,P07 Aug,30,2024-08-25,205,0,0,0,0,0
2024-09-26,Thursday,2024,3,8,P08 Sep,34,2024-09-22,236,0,0,0,0,0
2024-10-26,Saturday,2024,3,9,P09 Oct,38,2024-10-20,266,0,0,0,0,0
2024-11-26,Tuesday,2024,4,10,P10 Nov,43,2024-11-24,297,0,0,0,0,0
2024-12-26,Thursday,2024,4,11,P11 Dec,47,2024-12-22,327,0,0,0,0,0
2025-01-27,Monday,2024,4,12,P12 Jan,52,2025-01-26,359,0,0,0,0,0
2024-02-27,Tuesday,2024,1,1,P01 Feb,4,2024-02-25,24,0,0,0,0,0
2024-03-27,Wednesday,2024,1,2,P02 Mar,8,2024-03-24,53,0,0,0,0,0
2024-04-27,Saturday,2024,1,3,P03 Apr,12,2024-04-21,84,0,0,0,0,0
2024-05-27,Monday,2024,2,4,P04 May,17,2024-05-26,114,0,0,0,0,0
2024-06-27,Thursday,2024,2,5,P05 Jun,21,2024-06-23,145,0,0,0,0,0
2024-07-27,Saturday,2024,2,6,P06 Jul,25,2024-07-21,175,0,0,0,0,0
2024-08-27,Tuesday,2024,3,7,P07 Aug,30,2024-08-25,206,0,0,0,0,0
2024-09-27,Friday,2024,3,8,P08 Sep,34,2024-09-22,237,0,0,0,0,0
2024-10-27,Sunday,2024,3,9,P09 Oct,39,2024-10-27,267,0,0,0,0,0
2024-11-27,Wednesday,2024,4,10,P10 Nov,43,2024-11-24,298,0,0,0,0,0
2024-12-27,Friday,2024,4,11,P11 Dec,47,2024-12-22,328,0,0,0,0,0
2025-01-28,Tuesday,2024,4,12,P12 Jan,52,2025-01-26,360,0,0,0,0,0
2024-02-28,Wednesday,2024,1,1,P01 Feb,4,2024-02-25,25,0,0,0,0,0
2024-03-28,Thursday,2024,1,2,P02 Mar,8,2024-03-24,54,0,0,0,0,0
2024-04-28,Sunday,2024,1,3,P03 Apr,13,2024-04-28,85,0,0,0,0,0
2024-05-28,Tuesday,2024,2,4,P04 May,17,2024-05-26,115,0,0,0,0,0
2024-06-28,Friday,2024,2,5,P05 Jun,21,2024-06-23,146,0,0,0,0,0
2024-07-28,Sunday,2024,2,6,P06 Jul,26,2024-07-28,176,0,0,0,0,0
2024-08-28,Wednesday,2024,3,7,P07 Aug,30,2024-08-25,207,0,0,0,0,0
2024-09-28,Saturday,2024,3,8,P08 Sep,34,2024-09-22,238,0,0,0,0,0
2024-10-28,Monday,2024,3,9,P09 Oct,39,2024-10-27,268,0,0,0,0,0
2024-11-28,Thursday,2024,4,10,P10 Nov,43,2024-11-24,299,0,0,0,0,0
2024-12-28,Saturday,2024,4,11,P11 Dec,47,2024-12-22,329,0,0,0,0,0
2025-01-29,Wednesday,2024,4,12,P12 Jan,52,2025-01-26,361,0,0,0,0,0
2024-02-29,Thursday,2024,1,1,P01 Feb,4,2024-02-25,26,0,0,0,0,0
2024-03-29,Friday,2024,1,2,P02 Mar,8,2024-03-24,55,0,0,0,0,0
2024-04-29,Monday,2024,1,3,P03 Apr,13,2024-04-28,86,0,0,0,0,0
2024-05-29,Wednesday,2024,2,4,P04 May,17,2024-05-26,116,0,0,0,0,0
2024-06-29,Saturday,2024,2,5,P05 Jun,21,2024-06-23,147,0,0,0,0,0
2024-07-29,Monday,2024,2,6,P06 Jul,26,2024-07-28,177,0,0,0,0,0
2024-08-29,Thursday,2024,3,7,P07 Aug,30,2024-08-25,208,0,0,0,0,0
2024-09-29,Sunday,2024,3,8,P08 Sep,35,2024-09-29,239,0,0,0,0,0
2024-10-29,Tuesday,2024,3,9,P09 Oct,39,2024-10-27,269,0,0,0,0,0
2024-11-29,Friday,2024,4,10,P10 Nov,43,2024-11-24,300,0,0,0,0,0
2024-12-29,Sunday,2024,4,11,P11 Dec,48,2024-12-29,330,0,0,0,0,0
2025-01-30,Thursday,2024,4,12,P12 Jan,52,2025-01-26,362,0,0,0,0,0
2024-03-30,Saturday,2024,1,2,P02 Mar,8,2024-03-24,56,0,0,0,0,0
2024-04-30,Tuesday,2024,1,3,P03 Apr,13,2024-04-28,87,0,0,0,0,0
2024-05-30,Thursday,2024,2,4,P04 May,17,2024-05-26,117,0,0,0,0,0
2024-06-30,Sunday,2024,2,5,P05 Jun,22,2024-06-30,148,0,0,0,0,0
2024-07-30,Tuesday,2024,2,6,P06 Jul,26,2024-07-28,178,0,0,0,0,0
2024-08-30,Friday,2024,3,7,P07 Aug,30,2024-08-25,209,0,0,0,0,0
2024-09-30,Monday,2024,3,8,P08 Sep,35,2024-09-29,240,0,0,0,0,0
2024-10-30,Wednesday,2024,3,9,P09 Oct,39,2024-10-27,270,0,0,0,0,0
2024-11-30,Saturday,2024,4,10,P10 Nov,43,2024-11-24,301,0,0,0,0,0
2024-12-30,Monday,2024,4,11,P11 Dec,48,2024-12-29,331,0,0,0,0,0
2025-01-31,Friday,2024,4,12,P12 Jan,52,2025-01-26,363,0,0,0,0,0
2024-03-31,Sunday,2024,1,2,P02 Mar,9,2024-03-31,57,0,0,0,0,0
2024-05-31,Friday,2024,2,4,P04 May,17,2024-05-26,118,0,0,0,0,0
2024-07-31,Wednesday,2024,2,6,P06 Jul,26,2024-07-28,179,0,0,0,0,0
2024-08-31,Saturday,2024,3,7,P07 Aug,30,2024-08-25,210,0,0,0,0,0
2024-10-31,Thursday,2024,3,9,P09 Oct,39,2024-10-27,271,0,0,0,0,0
2024-12-31,Tuesday,2024,4,11,P11 Dec,48,2024-12-29,332,0,0,0,0,0
2026-01-01,Thursday,2025,4,11,P11 Dec,48,2025-12-28,334,0,0,0,0,0
2025-03-01,Saturday,2025,1,1,P01 Feb,4,2025-02-23,28,0,0,0,0,1
2025-04-01,Tuesday,2025,1,2,P02 Mar,9,2025-03-30,59,0,0,0,0,1
2025-05-01,Thursday,2025,1,3,P03 Apr,13,2025-04-27,89,0,0,0,0,1
2025-06-01,Sunday,2025,2,5,P05 Jun,18,2025-06-01,120,0,0,0,0,1
2025-07-01,Tuesday,2025,2,5,P05 Jun,22,2025-06-29,150,0,0,0,0,1
2025-08-01,Friday,2025,2,6,P06 Jul,26,2025-07-27,181,0,0,0,0,1
2025-09-01,Monday,2025,3,8,P08 Sep,31,2025-08-31,212,0,0,0,0,1
2025-10-01,Wednesday,2025,3,8,P08 Sep,35,2025-09-28,242,0,0,0,0,0
2025-11-01,Saturday,2025,3,9,P09 Oct,39,2025-10-26,273,0,0,0,0,0
2025-12-01,Monday,2025,4,11,P11 Dec,44,2025-11-30,303,0,0,0,0,0
2026-01-02,Friday,2025,4,11,P11 Dec,48,2025-12-28,335,0,0,0,0,0
2025-02-02,Sunday,2025,1,1,P01 Feb,1,2025-02-02,1,0,0,0,0,1
2025-03-02,Sunday,2025,1,2,P02 Mar,5,2025-03-02,29,0,0,0,0,1
2025-04-02,Wednesday,2025,1,2,P02 Mar,9,2025-03-30,60,0,0,0,0,1
2025-05-02,Friday,2025,1,3,P03 Apr,13,2025-04-27,90,0,0,0,0,1
2025-06-02,Monday,2025,2,5,P05 Jun,18,2025-06-01,121,0,0,0,0,1
2025-07-02,Wednesday,2025,2,5,P05 Jun,22,2025-06-29,151,0,0,0,0,1
2025-08-02,Saturday,2025,2,6,P06 Jul,26,2025-07-27,182,0,0,0,0,1
2025-09-02,Tuesday,2025,3,8,P08 Sep,31,2025-08-31,213,0,0,0,0,1
2025-10-02,Thursday,2025,3,8,P08 Sep,35,2025-09-28,243,0,0,0,0,0
2025-11-02,Sunday,2025,4,10,P10 Nov,40,2025-11-02,274,0,0,0,0,0
2025-12-02,Tuesday,2025,4,11,P11 Dec,44,2025-11-30,304,0,0,0,0,0
2026-01-03,Saturday,2025,4,11,P11 Dec,48,2025-12-28,336,0,0,0,0,0
2025-02-03,Monday,2025,1,1,P01 Feb,1,2025-02-02,2,0,0,0,0,1
2025-03-03,Monday,2025,1,2,P02 Mar,5,2025-03-02,30,0,0,0,0,1
2025-04-03,Thursday,2025,1,2,P02 Mar,9,2025-03-30,61,0,0,0,0,1
2025-05-03,Saturday,2025,1,3,P03 Apr,13,2025-04-27,91,0,0,0,0,1
2025-06-03,Tuesday,2025,2,5,P05 Jun,18,2025-06-01,122,0,0,0,0,1
2025-07-03,Thursday,2025,2,5,P05 Jun,22,2025-06-29,152,0,0,0,0,1
2025-08-03,Sunday,2025,3,7,P07 Aug,27,2025-08-03,183,0,0,0,0,1
2025-09-03,Wednesday,2025,3,8,P08 Sep,31,2025-08-31,214,0,0,0,0,1
2025-10-03,Friday,2025,3,8,P08 Sep,35,2025-09-28,244,0,0,0,0,0
2025-11-03,Monday,2025,4,10,P10 Nov,40,2025-11-02,275,0,0,0,0,0
2025-12-03,Wednesday,2025,4,11,P11 Dec,44,2025-11-30,305,0,0,0,0,0
2026-01-04,Sunday,2025,4,12,P12 Jan,49,2026-01-04,337,0,0,0,0,0
2025-02-04,Tuesday,2025,1,1,P01 Feb,1,2025-02-02,3,0,0,0,0,1
2025-03-04,Tuesday,2025,1,2,P02 Mar,5,2025-03-02,31,0,0,0,0,1
2025-04-04,Friday,2025,1,2,P02 Mar,9,2025-03-30,62,0,0,0,0,1
2025-05-04,Sunday,2025,2,4,P04 May,14,2025-05-04,92,0,0,0,0,1
2025-06-04,Wednesday,2025,2,5,P05 Jun,18,2025-06-01,123,0,0,0,0,1
2025-07-04,Friday,2025,2,5,P05 Jun,22,2025-06-29,153,0,0,0,0,1
2025-08-04,Monday,2025,3,7,P07 Aug,27,2025-08-03,184,0,0,0,0,1
2025-09-04,Thursday,2025,3,8,P08 Sep,31,2025-08-31,215,0,0,0,0,1
2025-10-04,Saturday,2025,3,8,P08 Sep,35,2025-09-28,245,0,0,0,0,0
2025-11-04,Tuesday,2025,4,10,P10 Nov,40,2025-11-02,276,0,0,0,0,0
2025-12-04,Thursday,2025,4,11,P11 Dec,44,2025-11-30,306,0,0,0,0,0
2026-01-05,Monday,2025,4,12,P12 Jan,49,2026-01-04,338,0,0,0,0,0
2025-02-05,Wednesday,2025,1,1,P01 Feb,1,2025-02-02,4,0,0,0,0,1
2025-03-05,Wednesday,2025,1,2,P02 Mar,5,2025-03-02,32,0,0,0,0,1
2025-04-05,Saturday,2025,1,2,P02 Mar,9,2025-03-30,63,0,0,0,0,1
2025-05-05,Monday,2025,2,4,P04 May,14,2025-05-04,93,0,0,0,0,1
2025-06-05,Thursday,2025,2,5,P05 Jun,18,2025-06-01,124,0,0,0,0,1
2025-07-05,Saturday,2025,2,5,P05 Jun,22,2025-06-29,154,0,0,0,0,1
2025-08-05,Tuesday,2025,3,7,P07 Aug,27,2025-08-03,185,0,0,0,0,1
2025-09-05,Friday,2025,3,8,P08 Sep,31,2025-08-31,216,0,0,0,0,1
2025-10-05,Sunday,2025,3,9,P09 Oct,36,2025-10-05,246,0,0,0,0,0
2025-11-05,Wednesday,2025,4,10,P10 Nov,40,2025-11-02,277,0,0,0,0,0
2025-12-05,Friday,2025,4,11,P11 Dec,44,2025-11-30,307,0,0,0,0,0
2026-01-06,Tuesday,2025,4,12,P12 Jan,49,2026-01-04,339,0,0,0,0,0
2025-02-06,Thursday,2025,1,1,P01 Feb,1,2025-02-02,5,0,0,0,0,1
2025-03-06,Thursday,2025,1,2,P02 Mar,5,2025-03-02,33,0,0,0,0,1
2025-04-06,Sunday,2025,1,3,P03 Apr,10,2025-04-06,64,0,0,0,0,1
2025-05-06,Tuesday,2025,2,4,P04 May,14,2025-05-04,94,0,0,0,0,1
2025-06-06,Friday,2025,2,5,P05 Jun,18,2025-06-01,125,0,0,0,0,1
2025-07-06,Sunday,2025,2,6,P06 Jul,23,2025-07-06,155,0,0,0,0,1
2025-08-06,Wednesday,2025,3,7,P07 Aug,27,2025-08-03,186,0,0,0,0,1
2025-09-06,Saturday,2025,3,8,P08 Sep,31,2025-08-31,217,0,0,0,0,1
2025-10-06,Monday,2025,3,9,P09 Oct,36,2025-10-05,247,0,0,0,0,0
2025-11-06,Thursday,2025,4,10,P10 Nov,40,2025-11-02,278,0,0,0,0,0
2025-12-06,Saturday,2025,4,11,P11 Dec,44,2025-11-30,308,0,0,0,0,0
2026-01-07,Wednesday,2025,4,12,P12 Jan,49,2026-01-04,340,0,0,0,0,0
2025-02-07,Friday,2025,1,1,P01 Feb,1,2025-02-02,6,0,0,0,0,1
2025-03-07,Friday,2025,1,2,P02 Mar,5,2025-03-02,34,0,0,0,0,1
2025-04-07,Monday,2025,1,3,P03 Apr,10,2025-04-06,65,0,0,0,0,1
2025-05-07,Wednesday,2025,2,4,P04 May,14,2025-05-04,95,0,0,0,0,1
2025-06-07,Saturday,2025,2,5,P05 Jun,18,2025-06-01,126,0,0,0,0,1
2025-07-07,Monday,2025,2,6,P06 Jul,23,2025-07-06,156,0,0,0,0,1
2025-08-07,Thursday,2025,3,7,P07 Aug,27,2025-08-03,187,0,0,0,0,1
2025-09-07,Sunday,2025,3,8,P08 Sep,32,2025-09-07,218,0,0,0,0,1
2025-10-07,Tuesday,2025,3,9,P09 Oct,36,2025-10-05,248,0,0,0,0,0
2025-11-07,Friday,2025,4,10,P10 Nov,40,2025-11-02,279,0,0,0,0,0
2025-12-07,Sunday,2025,4,11,P11 Dec,45,2025-12-07,309,0,0,0,0,0
2026-01-08,Thursday,2025,4,12,P12 Jan,49,2026-01-04,341,0,0,0,0,0
2025-02-08,Saturday,2025,1,1,P01 Feb,1,2025-02-02,7,0,0,0,0,1
2025-03-08,Saturday,2025,1,2,P02 Mar,5,2025-03-02,35,0,0,0,0,1
2025-04-08,Tuesday,2025,1,3,P03 Apr,10,2025-04-06,66,0,0,0,0,1
2025-05-08,Thursday,2025,2,4,P04 May,14,2025-05-04,96,0,0,0,0,1
2025-06-08,Sunday,2025,2,5,P05 Jun,19,2025-06-08,127,0,0,0,0,1
2025-07-08,Tuesday,2025,2,6,P06 Jul,23,2025-07-06,157,0,0,0,0,1
2025-08-08,Friday,2025,3,7,P07 Aug,27,2025-08-03,188,0,0,0,0,1
2025-09-08,Monday,2025,3,8,P08 Sep,32,2025-09-07,219,0,0,0,0,1
2025-10-08,Wednesday,2025,3,9,P09 Oct,36,2025-10-05,249,0,0,0,0,0
2025-11-08,Saturday,2025,4,10,P10 Nov,40,2025-11-02,280,0,0,0,0,0
2025-12-08,Monday,2025,4,11,P11 Dec,45,2025-12-07,310,0,0,0,0,0
2026-01-09,Friday,2025,4,12,P12 Jan,49,2026-01-04,342,0,0,0,0,0
2025-02-09,Sunday,2025,1,1,P01 Feb,2,2025-02-09,8,0,0,0,0,1
2025-03-09,Sunday,2025,1,2,P02 Mar,6,2025-03-09,36,0,0,0,0,1
2025-04-09,Wednesday,2025,1,3,P03 Apr,10,2025-04-06,67,0,0,0,0,1
2025-05-09,Friday,2025,2,4,P04 May,14,2025-05-04,97,0,0,0,0,1
2025-06-09,Monday,2025,2,5,P05 Jun,19,2025-06-08,128,0,0,0,0,1
2025-07-09,Wednesday,2025,2,6,P06 Jul,23,2025-07-06,158,0,0,0,0,1
2025-08-09,Saturday,2025,3,7,P07 Aug,27,2025-08-03,189,0,0,0,0,1
2025-09-09,Tuesday,2025,3,8,P08 Sep,32,2025-09-07,220,0,0,0,0,1
2025-10-09,Thursday,2025,3,9,P09 Oct,36,2025-10-05,250,0,0,0,0,0
2025-11-09,Sunday,2025,4,10,P10 Nov,41,2025-11-09,281,0,0,0,0,0
2025-12-09,Tuesday,2025,4,11,P11 Dec,45,2025-12-07,311,0,0,0,0,0
2026-01-10,Saturday,2025,4,12,P12 Jan,49,2026-01-04,343,0,0,0,0,0
2025-02-10,Monday,2025,1,1,P01 Feb,2,2025-02-09,9,0,0,0,0,1
2025-03-10,Monday,2025,1,2,P02 Mar,6,2025-03-09,37,0,0,0,0,1
2025-04-10,Thursday,2025,1,3,P03 Apr,10,2025-04-06,68,0,0,0,0,1
2025-05-10,Saturday,2025,2,4,P04 May,14,2025-05-04,98,0,0,0,0,1
2025-06-10,Tuesday,2025,2,5,P05 Jun,19,2025-06-08,129,0,0,0,0,1
2025-07-10,Thursday,2025,2,6,P06 Jul,23,2025-07-06,159,0,0,0,0,1
2025-08-10,Sunday,2025,3,7,P07 Aug,28,2025-08-10,190,0,0,0,0,1
2025-09-10,Wednesday,2025,3,8,P08 Sep,32,2025-09-07,221,0,0,0,0,1
2025-10-10,Friday,2025,3,9,P09 Oct,36,2025-10-05,251,0,0,0,0,0
2025-11-10,Monday,2025,4,10,P10 Nov,41,2025-11-09,282,0,0,0,0,0
2025-12-10,Wednesday,2025,4,11,P11 Dec,45,2025-12-07,312,0,0,0,0,0
2026-01-11,Sunday,2025,4,12,P12 Jan,50,2026-01-11,344,0,0,0,0,0
2025-02-11,Tuesday,2025,1,1,P01 Feb,2,2025-02-09,10,0,0,0,0,1
2025-03-11,Tuesday,2025,1,2,P02 Mar,6,2025-03-09,38,0,0,0,0,1
2025-04-11,Friday,2025,1,3,P03 Apr,10,2025-04-06,69,0,0,0,0,1
2025-05-11,Sunday,2025,2,4,P04 May,15,2025-05-11,99,0,0,0,0,1
2025-06-11,Wednesday,2025,2,5,P05 Jun,19,2025-06-08,130,0,0,0,0,1
2025-07-11,Friday,2025,2,6,P06 Jul,23,2025-07-06,160,0,0,0,0,1
2025-08-11,Monday,2025,3,7,P07 Aug,28,2025-08-10,191,0,0,0,0,1
2025-09-11,Thursday,2025,3,8,P08 Sep,32,2025-09-07,222,0,0,0,0,1
2025-10-11,Saturday,2025,3,9,P09 Oct,36,2025-10-05,252,0,0,0,0,0
2025-11-11,Tuesday,2025,4,10,P10 Nov,41,2025-11-09,283,0,0,0,0,0
2025-12-11,Thursday,2025,4,11,P11 Dec,45,2025-12-07,313,0,0,0,0,0
2026-01-12,Monday,2025,4,12,P12 Jan,50,2026-01-11,345,0,0,0,0,0
2025-02-12,Wednesday,2025,1,1,P01 Feb,2,2025-02-09,11,0,0,0,0,1
2025-03-12,Wednesday,2025,1,2,P02 Mar,6,2025-03-09,39,0,0,0,0,1
2025-04-12,Saturday,2025,1,3,P03 Apr,10,2025-04-06,70,0,0,0,0,1
2025-05-12,Monday,2025,2,4,P04 May,15,2025-05-11,100,0,0,0,0,1
2025-06-12,Thursday,2025,2,5,P05 Jun,19,2025-06-08,131,0,0,0,0,1
2025-07-12,Saturday,2025,2,6,P06 Jul,23,2025-07-06,161,0,0,0,0,1
2025-08-12,Tuesday,2025,3,7,P07 Aug,28,2025-08-10,192,0,0,0,0,1
2025-09-12,Friday,2025,3,8,P08 Sep,32,2025-09-07,223,0,0,0,0,1
2025-10-12,Sunday,2025,3,9,P09 Oct,37,2025-10-12,253,0,0,0,0,0
2025-11-12,Wednesday,2025,4,10,P10 Nov,41,2025-11-09,284,0,0,0,0,0
2025-12-12,Friday,2025,4,11,P11 Dec,45,2025-12-07,314,0,0,0,0,0
2026-01-13,Tuesday,2025,4,12,P12 Jan,50,2026-01-11,346,0,0,0,0,0
2025-02-13,Thursday,2025,1,1,P01 Feb,2,2025-02-09,12,0,0,0,0,1
2025-03-13,Thursday,2025,1,2,P02 Mar,6,2025-03-09,40,0,0,0,0,1
2025-04-13,Sunday,2025,1,3,P03 Apr,11,2025-04-13,71,0,0,0,0,1
2025-05-13,Tuesday,2025,2,4,P04 May,15,2025-05-11,101,0,0,0,0,1
2025-06-13,Friday,2025,2,5,P05 Jun,19,2025-06-08,132,0,0,0,0,1
2025-07-13,Sunday,2025,2,6,P06 Jul,24,2025-07-13,162,0,0,0,0,1
2025-08-13,Wednesday,2025,3,7,P07 Aug,28,2025-08-10,193,0,0,0,0,1
2025-09-13,Saturday,2025,3,8,P08 Sep,32,2025-09-07,224,0,0,0,0,1
2025-10-13,Monday,2025,3,9,P09 Oct,37,2025-10-12,254,0,0,0,0,0
2025-11-13,Thursday,2025,4,10,P10 Nov,41,2025-11-09,285,0,0,0,0,0
2025-12-13,Saturday,2025,4,11,P11 Dec,45,2025-12-07,315,0,0,0,0,0
2026-01-14,Wednesday,2025,4,12,P12 Jan,50,2026-01-11,347,0,0,0,0,0
2025-02-14,Friday,2025,1,1,P01 Feb,2,2025-02-09,13,0,0,0,0,1
2025-03-14,Friday,2025,1,2,P02 Mar,6,2025-03-09,41,0,0,0,0,1
2025-04-14,Monday,2025,1,3,P03 Apr,11,2025-04-13,72,0,0,0,0,1
2025-05-14,Wednesday,2025,2,4,P04 May,15,2025-05-11,102,0,0,0,0,1
2025-06-14,Saturday,2025,2,5,P05 Jun,19,2025-06-08,133,0,0,0,0,1
2025-07-14,Monday,2025,2,6,P06 Jul,24,2025-07-13,163,0,0,0,0,1
2025-08-14,Thursday,2025,3,7,P07 Aug,28,2025-08-10,194,0,0,0,0,1
2025-09-14,Sunday,2025,3,8,P08 Sep,33,2025-09-14,225,0,0,0,0,1
2025-10-14,Tuesday,2025,3,9,P09 Oct,37,2025-10-12,255,0,0,0,0,0
2025-11-14,Friday,2025,4,10,P10 Nov,41,2025-11-09,286,0,0,0,0,0
2025-12-14,Sunday,2025,4,11,P11 Dec,46,2025-12-14,316,0,0,0,0,0
2026-01-15,Thursday,2025,4,12,P12 Jan,50,2026-01-11,348,0,0,0,0,0
2025-02-15,Saturday,2025,1,1,P01 Feb,2,2025-02-09,14,0,0,0,0,1
2025-03-15,Saturday,2025,1,2,P02 Mar,6,2025-03-09,42,0,0,0,0,1
2025-04-15,Tuesday,2025,1,3,P03 Apr,11,2025-04-13,73,0,0,0,0,1
2025-05-15,Thursday,2025,2,4,P04 May,15,2025-05-11,103,0,0,0,0,1
2025-06-15,Sunday,2025,2,5,P05 Jun,20,2025-06-15,134,0,0,0,0,1
2025-07-15,Tuesday,2025,2,6,P06 Jul,24,2025-07-13,164,0,0,0,0,1
2025-08-15,Friday,2025,3,7,P07 Aug,28,2025-08-10,195,0,0,0,0,1
2025-09-15,Monday,2025,3,8,P08 Sep,33,2025-09-14,226,0,0,0,0,1
2025-10-15,Wednesday,2025,3,9,P09 Oct,37,2025-10-12,256,0,0,0,0,0
2025-11-15,Saturday,2025,4,10,P10 Nov,41,2025-11-09,287,0,0,0,0,0
2025-12-15,Monday,2025,4,11,P11 Dec,46,2025-12-14,317,0,0,0,0,0
2026-01-16,Friday,2025,4,12,P12 Jan,50,2026-01-11,349,0,0,0,0,0
2025-02-16,Sunday,2025,1,1,P01 Feb,3,2025-02-16,15,0,0,0,0,1
2025-03-16,Sunday,2025,1,2,P02 Mar,7,2025-03-16,43,0,0,0,0,1
2025-04-16,Wednesday,2025,1,3,P03 Apr,11,2025-04-13,74,0,0,0,0,1
2025-05-16,Friday,2025,2,4,P04 May,15,2025-05-11,104,0,0,0,0,1
2025-06-16,Monday,2025,2,5,P05 Jun,20,2025-06-15,135,0,0,0,0,1
2025-07-16,Wednesday,2025,2,6,P06 Jul,24,2025-07-13,165,0,0,0,0,1
2025-08-16,Saturday,2025,3,7,P07 Aug,28,2025-08-10,196,0,0,0,0,1
2025-09-16,Tuesday,2025,3,8,P08 Sep,33,2025-09-14,227,0,0,0,0,1
2025-10-16,Thursday,2025,3,9,P09 Oct,37,2025-10-12,257,0,0,0,0,0
2025-11-16,Sunday,2025,4,10,P10 Nov,42,2025-11-16,288,0,0,0,0,0
2025-12-16,Tuesday,2025,4,11,P11 Dec,46,2025-12-14,318,0,0,0,0,0
2026-01-17,Saturday,2025,4,12,P12 Jan,50,2026-01-11,350,0,0,0,0,0
2025-02-17,Monday,2025,1,1,P01 Feb,3,2025-02-16,16,0,0,0,0,1
2025-03-17,Monday,2025,1,2,P02 Mar,7,2025-03-16,44,0,0,0,0,1
2025-04-17,Thursday,2025,1,3,P03 Apr,11,2025-04-13,75,0,0,0,0,1
2025-05-17,Saturday,2025,2,4,P04 May,15,2025-05-11,105,0,0,0,0,1
2025-06-17,Tuesday,2025,2,5,P05 Jun,20,2025-06-15,136,0,0,0,0,1
2025-07-17,Thursday,2025,2,6,P06 Jul,24,2025-07-13,166,0,0,0,0,1
2025-08-17,Sunday,2025,3,7,P07 Aug,29,2025-08-17,197,0,0,0,0,1
2025-09-17,Wednesday,2025,3,8,P08 Sep,33,2025-09-14,228,0,0,0,0,1
2025-10-17,Friday,2025,3,9,P09 Oct,37,2025-10-12,258,0,0,0,0,0
2025-11-17,Monday,2025,4,10,P10 Nov,42,2025-11-16,289,0,0,0,0,0
2025-12-17,Wednesday,2025,4,11,P11 Dec,46,2025-12-14,319,0,0,0,0,0
2026-01-18,Sunday,2025,4,12,P12 Jan,51,2026-01-18,351,0,0,0,0,0
2025-02-18,Tuesday,2025,1,1,P01 Feb,3,2025-02-16,17,0,0,0,0,1
2025-03-18,Tuesday,2025,1,2,P02 Mar,7,2025-03-16,45,0,0,0,0,1
2025-04-18,Friday,2025,1,3,P03 Apr,11,2025-04-13,76,0,0,0,0,1
2025-05-18,Sunday,2025,2,4,P04 May,16,2025-05-18,106,0,0,0,0,1
2025-06-18,Wednesday,2025,2,5,P05 Jun,20,2025-06-15,137,0,0,0,0,1
2025-07-18,Friday,2025,2,6,P06 Jul,24,2025-07-13,167,0,0,0,0,1
2025-08-18,Monday,2025,3,7,P07 Aug,29,2025-08-17,198,0,0,0,0,1
2025-09-18,Thursday,2025,3,8,P08 Sep,33,2025-09-14,229,0,0,0,0,1
2025-10-18,Saturday,2025,3,9,P09 Oct,37,2025-10-12,259,0,0,0,0,0
2025-11-18,Tuesday,2025,4,10,P10 Nov,42,2025-11-16,290,0,0,0,0,0
2025-12-18,Thursday,2025,4,11,P11 Dec,46,2025-12-14,320,0,0,0,0,0
2026-01-19,Monday,2025,4,12,P12 Jan,51,2026-01-18,352,0,0,0,0,0
2025-02-19,Wednesday,2025,1,1,P01 Feb,3,2025-02-16,18,0,0,0,0,1
2025-03-19,Wednesday,2025,1,2,P02 Mar,7,2025-03-16,46,0,0,0,0,1
2025-04-19,Saturday,2025,1,3,P03 Apr,11,2025-04-13,77,0,0,0,0,1
2025-05-19,Monday,2025,2,4,P04 May,16,2025-05-18,107,0,0,0,0,1
2025-06-19,Thursday,2025,2,5,P05 Jun,20,2025-06-15,138,0,0,0,0,1
2025-07-19,Saturday,2025,2,6,P06 Jul,24,2025-07-13,168,0,0,0,0,1
2025-08-19,Tuesday,2025,3,7,P07 Aug,29,2025-08-17,199,0,0,0,0,1
2025-09-19,Friday,2025,3,8,P08 Sep,33,2025-09-14,230,0,0,0,0,1
2025-10-19,Sunday,2025,3,9,P09 Oct,38,2025-10-19,260,0,0,0,0,0
2025-11-19,Wednesday,2025,4,10,P10 Nov,42,2025-11-16,291,0,0,0,0,0
2025-12-19,Friday,2025,4,11,P11 Dec,46,2025-12-14,321,0,0,0,0,0
2026-01-20,Tuesday,2025,4,12,P12 Jan,51,2026-01-18,353,0,0,0,0,0
2025-02-20,Thursday,2025,1,1,P01 Feb,3,2025-02-16,19,0,0,0,0,1
2025-03-20,Thursday,2025,1,2,P02 Mar,7,2025-03-16,47,0,0,0,0,1
2025-04-20,Sunday,2025,1,3,P03 Apr,12,2025-04-20,78,0,0,0,0,1
2025-05-20,Tuesday,2025,2,4,P04 May,16,2025-05-18,108,0,0,0,0,1
2025-06-20,Friday,2025,2,5,P05 Jun,20,2025-06-15,139,0,0,0,0,1
2025-07-20,Sunday,2025,2,6,P06 Jul,25,2025-07-20,169,0,0,0,0,1
2025-08-20,Wednesday,2025,3,7,P07 Aug,29,2025-08-17,200,0,0,0,0,1
2025-09-20,Saturday,2025,3,8,P08 Sep,33,2025-09-14,231,0,0,0,0,1
2025-10-20,Monday,2025,3,9,P09 Oct,38,2025-10-19,261,0,0,0,0,0
2025-11-20,Thursday,2025,4,10,P10 Nov,42,2025-11-16,292,0,0,0,0,0
2025-12-20,Saturday,2025,4,11,P11 Dec,46,2025-12-14,322,0,0,0,0,0
2026-01-21,Wednesday,2025,4,12,P12 Jan,51,2026-01-18,354,0,0,0,0,0
2025-02-21,Friday,2025,1,1,P01 Feb,3,2025-02-16,20,0,0,0,0,1
2025-03-21,Friday,2025,1,2,P02 Mar,7,2025-03-16,48,0,0,0,0,1
2025-04-21,Monday,2025,1,3,P03 Apr,12,2025-04-20,79,0,0,0,0,1
2025-05-21,Wednesday,2025,2,4,P04 May,16,2025-05-18,109,0,0,0,0,1
2025-06-21,Saturday,2025,2,5,P05 Jun,20,2025-06-15,140,0,0,0,0,1
2025-07-21,Monday,2025,2,6,P06 Jul,25,2025-07-20,170,0,0,0,0,1
2025-08-21,Thursday,2025,3,7,P07 Aug,29,2025-08-17,201,0,0,0,0,1
2025-09-21,Sunday,2025,3,8,P08 Sep,34,2025-09-21,232,0,0,0,0,1
2025-10-21,Tuesday,2025,3,9,P09 Oct,38,2025-10-19,262,0,0,0,0,0
2025-11-21,Friday,2025,4,10,P10 Nov,42,2025-11-16,293,0,0,0,0,0
2025-12-21,Sunday,2025,4,11,P11 Dec,47,2025-12-21,323,0,0,0,0,0
2026-01-22,Thursday,2025,4,12,P12 Jan,51,2026-01-18,355,0,0,0,0,0
2025-02-22,Saturday,2025,1,1,P01 Feb,3,2025-02-16,21,0,0,0,0,1
2025-03-22,Saturday,2025,1,2,P02 Mar,7,2025-03-16,49,0,0,0,0,1
2025-04-22,Tuesday,2025,1,3,P03 Apr,12,2025-04-20,80,0,0,0,0,1
2025-05-22,Thursday,2025,2,4,P04 May,16,2025-05-18,110,0,0,0,0,1
2025-06-22,Sunday,2025,2,5,P05 Jun,21,2025-06-22,141,0,0,0,0,1
2025-07-22,Tuesday,2025,2,6,P06 Jul,25,2025-07-20,171,0,0,0,0,1
2025-08-22,Friday,2025,3,7,P07 Aug,29,2025-08-17,202,0,0,0,0,1
2025-09-22,Monday,2025,3,8,P08 Sep,34,2025-09-21,233,0,0,0,0,1
2025-10-22,Wednesday,2025,3,9,P09 Oct,38,2025-10-19,263,0,0,0,0,0
2025-11-22,Saturday,2025,4,10,P10 Nov,42,2025-11-16,294,0,0,0,0,0
2025-12-22,Monday,2025,4,11,P11 Dec,47,2025-12-21,324,0,0,0,0,0
2026-01-23,Friday,2025,4,12,P12 Jan,51,2026-01-18,356,0,0,0,0,0
2025-02-23,Sunday,2025,1,1,P01 Feb,4,2025-02-23,22,0,0,0,0,1
2025-03-23,Sunday,2025,1,2,P02 Mar,8,2025-03-23,50,0,0,0,0,1
2025-04-23,Wednesday,2025,1,3,P03 Apr,12,2025-04-20,81,0,0,0,0,1
2025-05-23,Friday,2025,2,4,P04 May,16,2025-05-18,111,0,0,0,0,1
2025-06-23,Monday,2025,2,5,P05 Jun,21,2025-06-22,142,0,0,0,0,1
2025-07-23,Wednesday,2025,2,6,P06 Jul,25,2025-07-20,172,0,0,0,0,1
2025-08-23,Saturday,2025,3,7,P07 Aug,29,2025-08-17,203,0,0,0,0,1
2025-09-23,Tuesday,2025,3,8,P08 Sep,34,2025-09-21,234,0,0,0,0,1
2025-10-23,Thursday,2025,3,9,P09 Oct,38,2025-10-19,264,0,0,0,0,0
2025-11-23,Sunday,2025,4,10,P10 Nov,43,2025-11-23,295,0,0,0,0,0
2025-12-23,Tuesday,2025,4,11,P11 Dec,47,2025-12-21,325,0,0,0,0,0
2026-01-24,Saturday,2025,4,12,P12 Jan,51,2026-01-18,357,0,0,0,0,0
2025-02-24,Monday,2025,1,1,P01 Feb,4,2025-02-23,23,0,0,0,0,1
2025-03-24,Monday,2025,1,2,P02 Mar,8,2025-03-23,51,0,0,0,0,1
2025-04-24,Thursday,2025,1,3,P03 Apr,12,2025-04-20,82,0,0,0,0,1
2025-05-24,Saturday,2025,2,4,P04 May,16,2025-05-18,112,0,0,0,0,1
2025-06-24,Tuesday,2025,2,5,P05 Jun,21,2025-06-22,143,0,0,0,0,1
2025-07-24,Thursday,2025,2,6,P06 Jul,25,2025-07-20,173,0,0,0,0,1
2025-08-24,Sunday,2025,3,7,P07 Aug,30,2025-08-24,204,0,0,0,0,1
2025-09-24,Wednesday,2025,3,8,P08 Sep,34,2025-09-21,235,0,0,0,0,1
2025-10-24,Friday,2025,3,9,P09 Oct,38,2025-10-19,265,0,0,0,0,0
2025-11-24,Monday,2025,4,10,P10 Nov,43,2025-11-23,296,0,0,0,0,0
2025-12-24,Wednesday,2025,4,11,P11 Dec,47,2025-12-21,326,0,0,0,0,0
2026-01-25,Sunday,2025,4,12,P12 Jan,52,2026-01-25,358,0,0,0,0,0
2025-02-25,Tuesday,2025,1,1,P01 Feb,4,2025-02-23,24,0,0,0,0,1
2025-03-25,Tuesday,2025,1,2,P02 Mar,8,2025-03-23,52,0,0,0,0,1
2025-04-25,Friday,2025,1,3,P03 Apr,12,2025-04-20,83,0,0,0,0,1
2025-05-25,Sunday,2025,2,4,P04 May,17,2025-05-25,113,0,0,0,0,1
2025-06-25,Wednesday,2025,2,5,P05 Jun,21,2025-06-22,144,0,0,0,0,1
2025-07-25,Friday,2025,2,6,P06 Jul,25,2025-07-20,174,0,0,0,0,1
2025-08-25,Monday,2025,3,7,P07 Aug,30,2025-08-24,205,0,0,0,0,1
2025-09-25,Thursday,2025,3,8,P08 Sep,34,2025-09-21,236,0,0,0,0,1
2025-10-25,Saturday,2025,3,9,P09 Oct,38,2025-10-19,266,0,0,0,0,0
2025-11-25,Tuesday,2025,4,10,P10 Nov,43,2025-11-23,297,0,0,0,0,0
2025-12-25,Thursday,2025,4,11,P11 Dec,47,2025-12-21,327,0,0,0,0,0
2026-01-26,Monday,2025,4,12,P12 Jan,52,2026-01-25,359,0,0,0,0,0
2025-02-26,Wednesday,2025,1,1,P01 Feb,4,2025-02-23,25,0,0,0,0,1
2025-03-26,Wednesday,2025,1,2,P02 Mar,8,2025-03-23,53,0,0,0,0,1
2025-04-26,Saturday,2025,1,3,P03 Apr,12,2025-04-20,84,0,0,0,0,1
2025-05-26,Monday,2025,2,4,P04 May,17,2025-05-25,114,0,0,0,0,1
2025-06-26,Thursday,2025,2,5,P05 Jun,21,2025-06-22,145,0,0,0,0,1
2025-07-26,Saturday,2025,2,6,P06 Jul,25,2025-07-20,175,0,0,0,0,1
2025-08-26,Tuesday,2025,3,7,P07 Aug,30,2025-08-24,206,0,0,0,0,1
2025-09-26,Friday,2025,3,8,P08 Sep,34,2025-09-21,237,0,0,0,0,1
2025-10-26,Sunday,2025,3,9,P09 Oct,39,2025-10-26,267,0,0,0,0,0
2025-11-26,Wednesday,2025,4,10,P10 Nov,43,2025-11-23,298,0,0,0,0,0
2025-12-26,Friday,2025,4,11,P11 Dec,47,2025-12-21,328,0,0,0,0,0
2026-01-27,Tuesday,2025,4,12,P12 Jan,52,2026-01-25,360,0,0,0,0,0
2025-02-27,Thursday,2025,1,1,P01 Feb,4,2025-02-23,26,0,0,0,0,1
2025-03-27,Thursday,2025,1,2,P02 Mar,8,2025-03-23,54,0,0,0,0,1
2025-04-27,Sunday,2025,1,3,P03 Apr,13,2025-04-27,85,0,0,0,0,1
2025-05-27,Tuesday,2025,2,4,P04 May,17,2025-05-25,115,0,0,0,0,1
2025-06-27,Friday,2025,2,5,P05 Jun,21,2025-06-22,146,0,0,0,0,1
2025-07-27,Sunday,2025,2,6,P06 Jul,26,2025-07-27,176,0,0,0,0,1
2025-08-27,Wednesday,2025,3,7,P07 Aug,30,2025-08-24,207,0,0,0,0,1
2025-09-27,Saturday,2025,3,8,P08 Sep,34,2025-09-21,238,0,0,0,0,1
2025-10-27,Monday,2025,3,9,P09 Oct,39,2025-10-26,268,0,0,0,0,0
2025-11-27,Thursday,2025,4,10,P10 Nov,43,2025-11-23,299,0,0,0,0,0
2025-12-27,Saturday,2025,4,11,P11 Dec,47,2025-12-21,329,0,0,0,0,0
2026-01-28,Wednesday,2025,4,12,P12 Jan,52,2026-01-25,361,0,0,0,0,0
2025-02-28,Friday,2025,1,1,P01 Feb,4,2025-02-23,27,0,0,0,0,1
2025-03-28,Friday,2025,1,2,P02 Mar,8,2025-03-23,55,0,0,0,0,1
2025-04-28,Monday,2025,1,3,P03 Apr,13,2025-04-27,86,0,0,0,0,1
2025-05-28,Wednesday,2025,2,4,P04 May,17,2025-05-25,116,0,0,0,0,1
2025-06-28,Saturday,2025,2,5,P05 Jun,21,2025-06-22,147,0,0,0,0,1
2025-07-28,Monday,2025,2,6,P06 Jul,26,2025-07-27,177,0,0,0,0,1
2025-08-28,Thursday,2025,3,7,P07 Aug,30,2025-08-24,208,0,0,0,0,1
2025-09-28,Sunday,2025,3,8,P08 Sep,35,2025-09-28,239,0,0,0,0,0
2025-10-28,Tuesday,2025,3,9,P09 Oct,39,2025-10-26,269,0,0,0,0,0
2025-11-28,Friday,2025,4,10,P10 Nov,43,2025-11-23,300,0,0,0,0,0
2025-12-28,Sunday,2025,4,11,P11 Dec,48,2025-12-28,330,0,0,0,0,0
2026-01-29,Thursday,2025,4,12,P12 Jan,52,2026-01-25,362,0,0,0,0,0
2025-03-29,Saturday,2025,1,2,P02 Mar,8,2025-03-23,56,0,0,0,0,1
2025-04-29,Tuesday,2025,1,3,P03 Apr,13,2025-04-27,87,0,0,0,0,1
2025-05-29,Thursday,2025,2,4,P04 May,17,2025-05-25,117,0,0,0,0,1
2025-06-29,Sunday,2025,2,5,P05 Jun,22,2025-06-29,148,0,0,0,0,1
2025-07-29,Tuesday,2025,2,6,P06 Jul,26,2025-07-27,178,0,0,0,0,1
2025-08-29,Friday,2025,3,7,P07 Aug,30,2025-08-24,209,0,0,0,0,1
2025-09-29,Monday,2025,3,8,P08 Sep,35,2025-09-28,240,0,0,0,0,0
2025-10-29,Wednesday,2025,3,9,P09 Oct,39,2025-10-26,270,0,0,0,0,0
2025-11-29,Saturday,2025,4,10,P10 Nov,43,2025-11-23,301,0,0,0,0,0
2025-12-29,Monday,2025,4,11,P11 Dec,48,2025-12-28,331,0,0,0,0,0
2026-01-30,Friday,2025,4,12,P12 Jan,52,2026-01-25,363,0,0,0,0,0
2025-03-30,Sunday,2025,1,2,P02 Mar,9,2025-03-30,57,0,0,0,0,1
2025-04-30,Wednesday,2025,1,3,P03 Apr,13,2025-04-27,88,0,0,0,0,1
2025-05-30,Friday,2025,2,4,P04 May,17,2025-05-25,118,0,0,0,0,1
2025-06-30,Monday,2025,2,5,P05 Jun,22,2025-06-29,149,0,0,0,0,1
2025-07-30,Wednesday,2025,2,6,P06 Jul,26,2025-07-27,179,0,0,0,0,1
2025-08-30,Saturday,2025,3,7,P07 Aug,30,2025-08-24,210,0,0,0,0,1
2025-09-30,Tuesday,2025,3,8,P08 Sep,35,2025-09-28,241,0,0,0,0,0
2025-10-30,Thursday,2025,3,9,P09 Oct,39,2025-10-26,271,0,0,0,0,0
2025-11-30,Sunday,2025,4,11,P11 Dec,44,2025-11-30,302,0,0,0,0,0
2025-12-30,Tuesday,2025,4,11,P11 Dec,48,2025-12-28,332,0,0,0,0,0
2026-01-31,Saturday,2025,4,12,P12 Jan,52,2026-01-25,364,0,0,0,0,0
2025-03-31,Monday,2025,1,2,P02 Mar,9,2025-03-30,58,0,0,0,0,1
2025-05-31,Saturday,2025,2,4,P04 May,17,2025-05-25,119,0,0,0,0,1
2025-07-31,Thursday,2025,2,6,P06 Jul,26,2025-07-27,180,0,0,0,0,1
2025-08-31,Sunday,2025,3,8,P08 Sep,31,2025-08-31,211,0,0,0,0,1
2025-10-31,Friday,2025,3,9,P09 Oct,39,2025-10-26,272,0,0,0,0,0
2025-12-31,Wednesday,2025,4,11,P11 Dec,48,2025-12-28,333,0,0,0,0,0
2027-01-01,Friday,2026,4,11,P11 Dec,48,2026-12-27,335,0,0,0,0,0
2026-02-01,Sunday,2026,1,1,P01 Feb,1,2026-02-01,1,0,0,0,1,0
2026-03-01,Sunday,2026,1,2,P02 Mar,5,2026-03-01,29,0,0,0,1,0
2026-04-01,Wednesday,2026,1,2,P02 Mar,9,2026-03-29,60,0,0,0,1,0
2026-05-01,Friday,2026,1,3,P03 Apr,13,2026-04-26,90,0,0,0,1,0
2026-06-01,Monday,2026,2,5,P05 Jun,18,2026-05-31,121,0,0,0,1,0
2026-07-01,Wednesday,2026,2,5,P05 Jun,22,2026-06-28,151,0,0,0,1,0
2026-08-01,Saturday,2026,2,6,P06 Jul,26,2026-07-26,182,0,0,0,1,0
2026-09-01,Tuesday,2026,3,8,P08 Sep,31,2026-08-30,213,0,1,1,1,0
2026-10-01,Thursday,2026,3,8,P08 Sep,35,2026-09-27,243,0,0,1,0,0
2026-11-01,Sunday,2026,4,10,P10 Nov,40,2026-11-01,274,0,0,0,0,0
2026-12-01,Tuesday,2026,4,11,P11 Dec,44,2026-11-29,304,0,0,0,0,0
2027-01-02,Saturday,2026,4,11,P11 Dec,48,2026-12-27,336,0,0,0,0,0
2026-02-02,Monday,2026,1,1,P01 Feb,1,2026-02-01,2,0,0,0,1,0
2026-03-02,Monday,2026,1,2,P02 Mar,5,2026-03-01,30,0,0,0,1,0
2026-04-02,Thursday,2026,1,2,P02 Mar,9,2026-03-29,61,0,0,0,1,0
2026-05-02,Saturday,2026,1,3,P03 Apr,13,2026-04-26,91,0,0,0,1,0
2026-06-02,Tuesday,2026,2,5,P05 Jun,18,2026-05-31,122,0,0,0,1,0
2026-07-02,Thursday,2026,2,5,P05 Jun,22,2026-06-28,152,0,0,0,1,0
2026-08-02,Sunday,2026,3,7,P07 Aug,27,2026-08-02,183,0,0,1,1,0
2026-09-02,Wednesday,2026,3,8,P08 Sep,31,2026-08-30,214,0,1,1,1,0
2026-10-02,Friday,2026,3,8,P08 Sep,35,2026-09-27,244,0,0,1,0,0
2026-11-02,Monday,2026,4,10,P10 Nov,40,2026-11-01,275,0,0,0,0,0
2026-12-02,Wednesday,2026,4,11,P11 Dec,44,2026-11-29,305,0,0,0,0,0
2027-01-03,Sunday,2026,4,12,P12 Jan,49,2027-01-03,337,0,0,0,0,0
2026-02-03,Tuesday,2026,1,1,P01 Feb,1,2026-02-01,3,0,0,0,1,0
2026-03-03,Tuesday,2026,1,2,P02 Mar,5,2026-03-01,31,0,0,0,1,0
2026-04-03,Friday,2026,1,2,P02 Mar,9,2026-03-29,62,0,0,0,1,0
2026-05-03,Sunday,2026,2,4,P04 May,14,2026-05-03,92,0,0,0,1,0
2026-06-03,Wednesday,2026,2,5,P05 Jun,18,2026-05-31,123,0,0,0,1,0
2026-07-03,Friday,2026,2,5,P05 Jun,22,2026-06-28,153,0,0,0,1,0
2026-08-03,Monday,2026,3,7,P07 Aug,27,2026-08-02,184,0,0,1,1,0
2026-09-03,Thursday,2026,3,8,P08 Sep,31,2026-08-30,215,0,1,1,1,0
2026-10-03,Saturday,2026,3,8,P08 Sep,35,2026-09-27,245,0,0,1,0,0
2026-11-03,Tuesday,2026,4,10,P10 Nov,40,2026-11-01,276,0,0,0,0,0
2026-12-03,Thursday,2026,4,11,P11 Dec,44,2026-11-29,306,0,0,0,0,0
2027-01-04,Monday,2026,4,12,P12 Jan,49,2027-01-03,338,0,0,0,0,0
2026-02-04,Wednesday,2026,1,1,P01 Feb,1,2026-02-01,4,0,0,0,1,0
2026-03-04,Wednesday,2026,1,2,P02 Mar,5,2026-03-01,32,0,0,0,1,0
2026-04-04,Saturday,2026,1,2,P02 Mar,9,2026-03-29,63,0,0,0,1,0
2026-05-04,Monday,2026,2,4,P04 May,14,2026-05-03,93,0,0,0,1,0
2026-06-04,Thursday,2026,2,5,P05 Jun,18,2026-05-31,124,0,0,0,1,0
2026-07-04,Saturday,2026,2,5,P05 Jun,22,2026-06-28,154,0,0,0,1,0
2026-08-04,Tuesday,2026,3,7,P07 Aug,27,2026-08-02,185,0,0,1,1,0
2026-09-04,Friday,2026,3,8,P08 Sep,31,2026-08-30,216,0,1,1,1,0
2026-10-04,Sunday,2026,3,9,P09 Oct,36,2026-10-04,246,0,0,1,0,0
2026-11-04,Wednesday,2026,4,10,P10 Nov,40,2026-11-01,277,0,0,0,0,0
2026-12-04,Friday,2026,4,11,P11 Dec,44,2026-11-29,307,0,0,0,0,0
2027-01-05,Tuesday,2026,4,12,P12 Jan,49,2027-01-03,339,0,0,0,0,0
2026-02-05,Thursday,2026,1,1,P01 Feb,1,2026-02-01,5,0,0,0,1,0
2026-03-05,Thursday,2026,1,2,P02 Mar,5,2026-03-01,33,0,0,0,1,0
2026-04-05,Sunday,2026,1,3,P03 Apr,10,2026-04-05,64,0,0,0,1,0
2026-05-05,Tuesday,2026,2,4,P04 May,14,2026-05-03,94,0,0,0,1,0
2026-06-05,Friday,2026,2,5,P05 Jun,18,2026-05-31,125,0,0,0,1,0
2026-07-05,Sunday,2026,2,6,P06 Jul,23,2026-07-05,155,0,0,0,1,0
2026-08-05,Wednesday,2026,3,7,P07 Aug,27,2026-08-02,186,0,0,1,1,0
2026-09-05,Saturday,2026,3,8,P08 Sep,31,2026-08-30,217,0,1,1,1,0
2026-10-05,Monday,2026,3,9,P09 Oct,36,2026-10-04,247,0,0,1,0,0
2026-11-05,Thursday,2026,4,10,P10 Nov,40,2026-11-01,278,0,0,0,0,0
2026-12-05,Saturday,2026,4,11,P11 Dec,44,2026-11-29,308,0,0,0,0,0
2027-01-06,Wednesday,2026,4,12,P12 Jan,49,2027-01-03,340,0,0,0,0,0
2026-02-06,Friday,2026,1,1,P01 Feb,1,2026-02-01,6,0,0,0,1,0
2026-03-06,Friday,2026,1,2,P02 Mar,5,2026-03-01,34,0,0,0,1,0
2026-04-06,Monday,2026,1,3,P03 Apr,10,2026-04-05,65,0,0,0,1,0
2026-05-06,Wednesday,2026,2,4,P04 May,14,2026-05-03,95,0,0,0,1,0
2026-06-06,Saturday,2026,2,5,P05 Jun,18,2026-05-31,126,0,0,0,1,0
2026-07-06,Monday,2026,2,6,P06 Jul,23,2026-07-05,156,0,0,0,1,0
2026-08-06,Thursday,2026,3,7,P07 Aug,27,2026-08-02,187,0,0,1,1,0
2026-09-06,Sunday,2026,3,8,P08 Sep,32,2026-09-06,218,0,1,1,1,0
2026-10-06,Tuesday,2026,3,9,P09 Oct,36,2026-10-04,248,0,0,1,0,0
2026-11-06,Friday,2026,4,10,P10 Nov,40,2026-11-01,279,0,0,0,0,0
2026-12-06,Sunday,2026,4,11,P11 Dec,45,2026-12-06,309,0,0,0,0,0
2027-01-07,Thursday,2026,4,12,P12 Jan,49,2027-01-03,341,0,0,0,0,0
2026-02-07,Saturday,2026,1,1,P01 Feb,1,2026-02-01,7,0,0,0,1,0
2026-03-07,Saturday,2026,1,2,P02 Mar,5,2026-03-01,35,0,0,0,1,0
2026-04-07,Tuesday,2026,1,3,P03 Apr,10,2026-04-05,66,0,0,0,1,0
2026-05-07,Thursday,2026,2,4,P04 May,14,2026-05-03,96,0,0,0,1,0
2026-06-07,Sunday,2026,2,5,P05 Jun,19,2026-06-07,127,0,0,0,1,0
2026-07-07,Tuesday,2026,2,6,P06 Jul,23,2026-07-05,157,0,0,0,1,0
2026-08-07,Friday,2026,3,7,P07 Aug,27,2026-08-02,188,0,0,1,1,0
2026-09-07,Monday,2026,3,8,P08 Sep,32,2026-09-06,219,0,1,1,1,0
2026-10-07,Wednesday,2026,3,9,P09 Oct,36,2026-10-04,249,0,0,1,0,0
2026-11-07,Saturday,2026,4,10,P10 Nov,40,2026-11-01,280,0,0,0,0,0
2026-12-07,Monday,2026,4,11,P11 Dec,45,2026-12-06,310,0,0,0,0,0
2027-01-08,Friday,2026,4,12,P12 Jan,49,2027-01-03,342,0,0,0,0,0
2026-02-08,Sunday,2026,1,1,P01 Feb,2,2026-02-08,8,0,0,0,1,0
2026-03-08,Sunday,2026,1,2,P02 Mar,6,2026-03-08,36,0,0,0,1,0
2026-04-08,Wednesday,2026,1,3,P03 Apr,10,2026-04-05,67,0,0,0,1,0
2026-05-08,Friday,2026,2,4,P04 May,14,2026-05-03,97,0,0,0,1,0
2026-06-08,Monday,2026,2,5,P05 Jun,19,2026-06-07,128,0,0,0,1,0
2026-07-08,Wednesday,2026,2,6,P06 Jul,23,2026-07-05,158,0,0,0,1,0
2026-08-08,Saturday,2026,3,7,P07 Aug,27,2026-08-02,189,0,0,1,1,0
2026-09-08,Tuesday,2026,3,8,P08 Sep,32,2026-09-06,220,0,1,1,1,0
2026-10-08,Thursday,2026,3,9,P09 Oct,36,2026-10-04,250,0,0,1,0,0
2026-11-08,Sunday,2026,4,10,P10 Nov,41,2026-11-08,281,0,0,0,0,0
2026-12-08,Tuesday,2026,4,11,P11 Dec,45,2026-12-06,311,0,0,0,0,0
2027-01-09,Saturday,2026,4,12,P12 Jan,49,2027-01-03,343,0,0,0,0,0
2026-02-09,Monday,2026,1,1,P01 Feb,2,2026-02-08,9,0,0,0,1,0
2026-03-09,Monday,2026,1,2,P02 Mar,6,2026-03-08,37,0,0,0,1,0
2026-04-09,Thursday,2026,1,3,P03 Apr,10,2026-04-05,68,0,0,0,1,0
2026-05-09,Saturday,2026,2,4,P04 May,14,2026-05-03,98,0,0,0,1,0
2026-06-09,Tuesday,2026,2,5,P05 Jun,19,2026-06-07,129,0,0,0,1,0
2026-07-09,Thursday,2026,2,6,P06 Jul,23,2026-07-05,159,0,0,0,1,0
2026-08-09,Sunday,2026,3,7,P07 Aug,28,2026-08-09,190,0,0,1,1,0
2026-09-09,Wednesday,2026,3,8,P08 Sep,32,2026-09-06,221,0,1,1,1,0
2026-10-09,Friday,2026,3,9,P09 Oct,36,2026-10-04,251,0,0,1,0,0
2026-11-09,Monday,2026,4,10,P10 Nov,41,2026-11-08,282,0,0,0,0,0
2026-12-09,Wednesday,2026,4,11,P11 Dec,45,2026-12-06,312,0,0,0,0,0
2027-01-10,Sunday,2026,4,12,P12 Jan,50,2027-01-10,344,0,0,0,0,0
2026-02-10,Tuesday,2026,1,1,P01 Feb,2,2026-02-08,10,0,0,0,1,0
2026-03-10,Tuesday,2026,1,2,P02 Mar,6,2026-03-08,38,0,0,0,1,0
2026-04-10,Friday,2026,1,3,P03 Apr,10,2026-04-05,69,0,0,0,1,0
2026-05-10,Sunday,2026,2,4,P04 May,15,2026-05-10,99,0,0,0,1,0
2026-06-10,Wednesday,2026,2,5,P05 Jun,19,2026-06-07,130,0,0,0,1,0
2026-07-10,Friday,2026,2,6,P06 Jul,23,2026-07-05,160,0,0,0,1,0
2026-08-10,Monday,2026,3,7,P07 Aug,28,2026-08-09,191,0,0,1,1,0
2026-09-10,Thursday,2026,3,8,P08 Sep,32,2026-09-06,222,0,1,1,1,0
2026-10-10,Saturday,2026,3,9,P09 Oct,36,2026-10-04,252,0,0,1,0,0
2026-11-10,Tuesday,2026,4,10,P10 Nov,41,2026-11-08,283,0,0,0,0,0
2026-12-10,Thursday,2026,4,11,P11 Dec,45,2026-12-06,313,0,0,0,0,0
2027-01-11,Monday,2026,4,12,P12 Jan,50,2027-01-10,345,0,0,0,0,0
2026-02-11,Wednesday,2026,1,1,P01 Feb,2,2026-02-08,11,0,0,0,1,0
2026-03-11,Wednesday,2026,1,2,P02 Mar,6,2026-03-08,39,0,0,0,1,0
2026-04-11,Saturday,2026,1,3,P03 Apr,10,2026-04-05,70,0,0,0,1,0
2026-05-11,Monday,2026,2,4,P04 May,15,2026-05-10,100,0,0,0,1,0
2026-06-11,Thursday,2026,2,5,P05 Jun,19,2026-06-07,131,0,0,0,1,0
2026-07-11,Saturday,2026,2,6,P06 Jul,23,2026-07-05,161,0,0,0,1,0
2026-08-11,Tuesday,2026,3,7,P07 Aug,28,2026-08-09,192,0,0,1,1,0
2026-09-11,Friday,2026,3,8,P08 Sep,32,2026-09-06,223,0,1,1,1,0
2026-10-11,Sunday,2026,3,9,P09 Oct,37,2026-10-11,253,0,0,1,0,0
2026-11-11,Wednesday,2026,4,10,P10 Nov,41,2026-11-08,284,0,0,0,0,0
2026-12-11,Friday,2026,4,11,P11 Dec,45,2026-12-06,314,0,0,0,0,0
2027-01-12,Tuesday,2026,4,12,P12 Jan,50,2027-01-10,346,0,0,0,0,0
2026-02-12,Thursday,2026,1,1,P01 Feb,2,2026-02-08,12,0,0,0,1,0
2026-03-12,Thursday,2026,1,2,P02 Mar,6,2026-03-08,40,0,0,0,1,0
2026-04-12,Sunday,2026,1,3,P03 Apr,11,2026-04-12,71,0,0,0,1,0
2026-05-12,Tuesday,2026,2,4,P04 May,15,2026-05-10,101,0,0,0,1,0
2026-06-12,Friday,2026,2,5,P05 Jun,19,2026-06-07,132,0,0,0,1,0
2026-07-12,Sunday,2026,2,6,P06 Jul,24,2026-07-12,162,0,0,0,1,0
2026-08-12,Wednesday,2026,3,7,P07 Aug,28,2026-08-09,193,0,0,1,1,0
2026-09-12,Saturday,2026,3,8,P08 Sep,32,2026-09-06,224,0,1,1,1,0
2026-10-12,Monday,2026,3,9,P09 Oct,37,2026-10-11,254,0,0,1,0,0
2026-11-12,Thursday,2026,4,10,P10 Nov,41,2026-11-08,285,0,0,0,0,0
2026-12-12,Saturday,2026,4,11,P11 Dec,45,2026-12-06,315,0,0,0,0,0
2027-01-13,Wednesday,2026,4,12,P12 Jan,50,2027-01-10,347,0,0,0,0,0
2026-02-13,Friday,2026,1,1,P01 Feb,2,2026-02-08,13,0,0,0,1,0
2026-03-13,Friday,2026,1,2,P02 Mar,6,2026-03-08,41,0,0,0,1,0
2026-04-13,Monday,2026,1,3,P03 Apr,11,2026-04-12,72,0,0,0,1,0
2026-05-13,Wednesday,2026,2,4,P04 May,15,2026-05-10,102,0,0,0,1,0
2026-06-13,Saturday,2026,2,5,P05 Jun,19,2026-06-07,133,0,0,0,1,0
2026-07-13,Monday,2026,2,6,P06 Jul,24,2026-07-12,163,0,0,0,1,0
2026-08-13,Thursday,2026,3,7,P07 Aug,28,2026-08-09,194,0,0,1,1,0
2026-09-13,Sunday,2026,3,8,P08 Sep,33,2026-09-13,225,0,1,1,1,0
2026-10-13,Tuesday,2026,3,9,P09 Oct,37,2026-10-11,255,0,0,1,0,0
2026-11-13,Friday,2026,4,10,P10 Nov,41,2026-11-08,286,0,0,0,0,0
2026-12-13,Sunday,2026,4,11,P11 Dec,46,2026-12-13,316,0,0,0,0,0
2027-01-14,Thursday,2026,4,12,P12 Jan,50,2027-01-10,348,0,0,0,0,0
2026-02-14,Saturday,2026,1,1,P01 Feb,2,2026-02-08,14,0,0,0,1,0
2026-03-14,Saturday,2026,1,2,P02 Mar,6,2026-03-08,42,0,0,0,1,0
2026-04-14,Tuesday,2026,1,3,P03 Apr,11,2026-04-12,73,0,0,0,1,0
2026-05-14,Thursday,2026,2,4,P04 May,15,2026-05-10,103,0,0,0,1,0
2026-06-14,Sunday,2026,2,5,P05 Jun,20,2026-06-14,134,0,0,0,1,0
2026-07-14,Tuesday,2026,2,6,P06 Jul,24,2026-07-12,164,0,0,0,1,0
2026-08-14,Friday,2026,3,7,P07 Aug,28,2026-08-09,195,0,0,1,1,0
2026-09-14,Monday,2026,3,8,P08 Sep,33,2026-09-13,226,0,1,1,1,0
2026-10-14,Wednesday,2026,3,9,P09 Oct,37,2026-10-11,256,0,0,1,0,0
2026-11-14,Saturday,2026,4,10,P10 Nov,41,2026-11-08,287,0,0,0,0,0
2026-12-14,Monday,2026,4,11,P11 Dec,46,2026-12-13,317,0,0,0,0,0
2027-01-15,Friday,2026,4,12,P12 Jan,50,2027-01-10,349,0,0,0,0,0
2026-02-15,Sunday,2026,1,1,P01 Feb,3,2026-02-15,15,0,0,0,1,0
2026-03-15,Sunday,2026,1,2,P02 Mar,7,2026-03-15,43,0,0,0,1,0
2026-04-15,Wednesday,2026,1,3,P03 Apr,11,2026-04-12,74,0,0,0,1,0
2026-05-15,Friday,2026,2,4,P04 May,15,2026-05-10,104,0,0,0,1,0
2026-06-15,Monday,2026,2,5,P05 Jun,20,2026-06-14,135,0,0,0,1,0
2026-07-15,Wednesday,2026,2,6,P06 Jul,24,2026-07-12,165,0,0,0,1,0
2026-08-15,Saturday,2026,3,7,P07 Aug,28,2026-08-09,196,0,0,1,1,0
2026-09-15,Tuesday,2026,3,8,P08 Sep,33,2026-09-13,227,0,1,1,1,0
2026-10-15,Thursday,2026,3,9,P09 Oct,37,2026-10-11,257,0,0,1,0,0
2026-11-15,Sunday,2026,4,10,P10 Nov,42,2026-11-15,288,0,0,0,0,0
2026-12-15,Tuesday,2026,4,11,P11 Dec,46,2026-12-13,318,0,0,0,0,0
2027-01-16,Saturday,2026,4,12,P12 Jan,50,2027-01-10,350,0,0,0,0,0
2026-02-16,Monday,2026,1,1,P01 Feb,3,2026-02-15,16,0,0,0,1,0
2026-03-16,Monday,2026,1,2,P02 Mar,7,2026-03-15,44,0,0,0,1,0
2026-04-16,Thursday,2026,1,3,P03 Apr,11,2026-04-12,75,0,0,0,1,0
2026-05-16,Saturday,2026,2,4,P04 May,15,2026-05-10,105,0,0,0,1,0
2026-06-16,Tuesday,2026,2,5,P05 Jun,20,2026-06-14,136,0,0,0,1,0
2026-07-16,Thursday,2026,2,6,P06 Jul,24,2026-07-12,166,0,0,0,1,0
2026-08-16,Sunday,2026,3,7,P07 Aug,29,2026-08-16,197,0,0,1,1,0
2026-09-16,Wednesday,2026,3,8,P08 Sep,33,2026-09-13,228,0,1,1,1,0
2026-10-16,Friday,2026,3,9,P09 Oct,37,2026-10-11,258,0,0,1,0,0
2026-11-16,Monday,2026,4,10,P10 Nov,42,2026-11-15,289,0,0,0,0,0
2026-12-16,Wednesday,2026,4,11,P11 Dec,46,2026-12-13,319,0,0,0,0,0
2027-01-17,Sunday,2026,4,12,P12 Jan,51,2027-01-17,351,0,0,0,0,0
2026-02-17,Tuesday,2026,1,1,P01 Feb,3,2026-02-15,17,0,0,0,1,0
2026-03-17,Tuesday,2026,1,2,P02 Mar,7,2026-03-15,45,0,0,0,1,0
2026-04-17,Friday,2026,1,3,P03 Apr,11,2026-04-12,76,0,0,0,1,0
2026-05-17,Sunday,2026,2,4,P04 May,16,2026-05-17,106,0,0,0,1,0
2026-06-17,Wednesday,2026,2,5,P05 Jun,20,2026-06-14,137,0,0,0,1,0
2026-07-17,Friday,2026,2,6,P06 Jul,24,2026-07-12,167,0,0,0,1,0
2026-08-17,Monday,2026,3,7,P07 Aug,29,2026-08-16,198,0,0,1,1,0
2026-09-17,Thursday,2026,3,8,P08 Sep,33,2026-09-13,229,0,1,1,1,0
2026-10-17,Saturday,2026,3,9,P09 Oct,37,2026-10-11,259,0,0,1,0,0
2026-11-17,Tuesday,2026,4,10,P10 Nov,42,2026-11-15,290,0,0,0,0,0
2026-12-17,Thursday,2026,4,11,P11 Dec,46,2026-12-13,320,0,0,0,0,0
2027-01-18,Monday,2026,4,12,P12 Jan,51,2027-01-17,352,0,0,0,0,0
2026-02-18,Wednesday,2026,1,1,P01 Feb,3,2026-02-15,18,0,0,0,1,0
2026-03-18,Wednesday,2026,1,2,P02 Mar,7,2026-03-15,46,0,0,0,1,0
2026-04-18,Saturday,2026,1,3,P03 Apr,11,2026-04-12,77,0,0,0,1,0
2026-05-18,Monday,2026,2,4,P04 May,16,2026-05-17,107,0,0,0,1,0
2026-06-18,Thursday,2026,2,5,P05 Jun,20,2026-06-14,138,0,0,0,1,0
2026-07-18,Saturday,2026,2,6,P06 Jul,24,2026-07-12,168,0,0,0,1,0
2026-08-18,Tuesday,2026,3,7,P07 Aug,29,2026-08-16,199,0,0,1,1,0
2026-09-18,Friday,2026,3,8,P08 Sep,33,2026-09-13,230,0,1,1,1,0
2026-10-18,Sunday,2026,3,9,P09 Oct,38,2026-10-18,260,0,0,1,0,0
2026-11-18,Wednesday,2026,4,10,P10 Nov,42,2026-11-15,291,0,0,0,0,0
2026-12-18,Friday,2026,4,11,P11 Dec,46,2026-12-13,321,0,0,0,0,0
2027-01-19,Tuesday,2026,4,12,P12 Jan,51,2027-01-17,353,0,0,0,0,0
2026-02-19,Thursday,2026,1,1,P01 Feb,3,2026-02-15,19,0,0,0,1,0
2026-03-19,Thursday,2026,1,2,P02 Mar,7,2026-03-15,47,0,0,0,1,0
2026-04-19,Sunday,2026,1,3,P03 Apr,12,2026-04-19,78,0,0,0,1,0
2026-05-19,Tuesday,2026,2,4,P04 May,16,2026-05-17,108,0,0,0,1,0
2026-06-19,Friday,2026,2,5,P05 Jun,20,2026-06-14,139,0,0,0,1,0
2026-07-19,Sunday,2026,2,6,P06 Jul,25,2026-07-19,169,0,0,0,1,0
2026-08-19,Wednesday,2026,3,7,P07 Aug,29,2026-08-16,200,0,0,1,1,0
2026-09-19,Saturday,2026,3,8,P08 Sep,33,2026-09-13,231,0,1,1,1,0
2026-10-19,Monday,2026,3,9,P09 Oct,38,2026-10-18,261,0,0,1,0,0
2026-11-19,Thursday,2026,4,10,P10 Nov,42,2026-11-15,292,0,0,0,0,0
2026-12-19,Saturday,2026,4,11,P11 Dec,46,2026-12-13,322,0,0,0,0,0
2027-01-20,Wednesday,2026,4,12,P12 Jan,51,2027-01-17,354,0,0,0,0,0
2026-02-20,Friday,2026,1,1,P01 Feb,3,2026-02-15,20,0,0,0,1,0
2026-03-20,Friday,2026,1,2,P02 Mar,7,2026-03-15,48,0,0,0,1,0
2026-04-20,Monday,2026,1,3,P03 Apr,12,2026-04-19,79,0,0,0,1,0
2026-05-20,Wednesday,2026,2,4,P04 May,16,2026-05-17,109,0,0,0,1,0
2026-06-20,Saturday,2026,2,5,P05 Jun,20,2026-06-14,140,0,0,0,1,0
2026-07-20,Monday,2026,2,6,P06 Jul,25,2026-07-19,170,0,0,0,1,0
2026-08-20,Thursday,2026,3,7,P07 Aug,29,2026-08-16,201,0,0,1,1,0
2026-09-20,Sunday,2026,3,8,P08 Sep,34,2026-09-20,232,1,1,1,1,0
2026-10-20,Tuesday,2026,3,9,P09 Oct,38,2026-10-18,262,0,0,1,0,0
2026-11-20,Friday,2026,4,10,P10 Nov,42,2026-11-15,293,0,0,0,0,0
2026-12-20,Sunday,2026,4,11,P11 Dec,47,2026-12-20,323,0,0,0,0,0
2027-01-21,Thursday,2026,4,12,P12 Jan,51,2027-01-17,355,0,0,0,0,0
2026-02-21,Saturday,2026,1,1,P01 Feb,3,2026-02-15,21,0,0,0,1,0
2026-03-21,Saturday,2026,1,2,P02 Mar,7,2026-03-15,49,0,0,0,1,0
2026-04-21,Tuesday,2026,1,3,P03 Apr,12,2026-04-19,80,0,0,0,1,0
2026-05-21,Thursday,2026,2,4,P04 May,16,2026-05-17,110,0,0,0,1,0
2026-06-21,Sunday,2026,2,5,P05 Jun,21,2026-06-21,141,0,0,0,1,0
2026-07-21,Tuesday,2026,2,6,P06 Jul,25,2026-07-19,171,0,0,0,1,0
2026-08-21,Friday,2026,3,7,P07 Aug,29,2026-08-16,202,0,0,1,1,0
2026-09-21,Monday,2026,3,8,P08 Sep,34,2026-09-20,233,1,1,1,1,0
2026-10-21,Wednesday,2026,3,9,P09 Oct,38,2026-10-18,263,0,0,1,0,0
2026-11-21,Saturday,2026,4,10,P10 Nov,42,2026-11-15,294,0,0,0,0,0
2026-12-21,Monday,2026,4,11,P11 Dec,47,2026-12-20,324,0,0,0,0,0
2027-01-22,Friday,2026,4,12,P12 Jan,51,2027-01-17,356,0,0,0,0,0
2026-02-22,Sunday,2026,1,1,P01 Feb,4,2026-02-22,22,0,0,0,1,0
2026-03-22,Sunday,2026,1,2,P02 Mar,8,2026-03-22,50,0,0,0,1,0
2026-04-22,Wednesday,2026,1,3,P03 Apr,12,2026-04-19,81,0,0,0,1,0
2026-05-22,Friday,2026,2,4,P04 May,16,2026-05-17,111,0,0,0,1,0
2026-06-22,Monday,2026,2,5,P05 Jun,21,2026-06-21,142,0,0,0,1,0
2026-07-22,Wednesday,2026,2,6,P06 Jul,25,2026-07-19,172,0,0,0,1,0
2026-08-22,Saturday,2026,3,7,P07 Aug,29,2026-08-16,203,0,0,1,1,0
2026-09-22,Tuesday,2026,3,8,P08 Sep,34,2026-09-20,234,1,1,1,1,0
2026-10-22,Thursday,2026,3,9,P09 Oct,38,2026-10-18,264,0,0,1,0,0
2026-11-22,Sunday,2026,4,10,P10 Nov,43,2026-11-22,295,0,0,0,0,0
2026-12-22,Tuesday,2026,4,11,P11 Dec,47,2026-12-20,325,0,0,0,0,0
2027-01-23,Saturday,2026,4,12,P12 Jan,51,2027-01-17,357,0,0,0,0,0
2026-02-23,Monday,2026,1,1,P01 Feb,4,2026-02-22,23,0,0,0,1,0
2026-03-23,Monday,2026,1,2,P02 Mar,8,2026-03-22,51,0,0,0,1,0
2026-04-23,Thursday,2026,1,3,P03 Apr,12,2026-04-19,82,0,0,0,1,0
2026-05-23,Saturday,2026,2,4,P04 May,16,2026-05-17,112,0,0,0,1,0
2026-06-23,Tuesday,2026,2,5,P05 Jun,21,2026-06-21,143,0,0,0,1,0
2026-07-23,Thursday,2026,2,6,P06 Jul,25,2026-07-19,173,0,0,0,1,0
2026-08-23,Sunday,2026,3,7,P07 Aug,30,2026-08-23,204,0,0,1,1,0
2026-09-23,Wednesday,2026,3,8,P08 Sep,34,2026-09-20,235,1,1,1,1,0
2026-10-23,Friday,2026,3,9,P09 Oct,38,2026-10-18,265,0,0,1,0,0
2026-11-23,Monday,2026,4,10,P10 Nov,43,2026-11-22,296,0,0,0,0,0
2026-12-23,Wednesday,2026,4,11,P11 Dec,47,2026-12-20,326,0,0,0,0,0
2027-01-24,Sunday,2026,4,12,P12 Jan,52,2027-01-24,358,0,0,0,0,0
2026-02-24,Tuesday,2026,1,1,P01 Feb,4,2026-02-22,24,0,0,0,1,0
2026-03-24,Tuesday,2026,1,2,P02 Mar,8,2026-03-22,52,0,0,0,1,0
2026-04-24,Friday,2026,1,3,P03 Apr,12,2026-04-19,83,0,0,0,1,0
2026-05-24,Sunday,2026,2,4,P04 May,17,2026-05-24,113,0,0,0,1,0
2026-06-24,Wednesday,2026,2,5,P05 Jun,21,2026-06-21,144,0,0,0,1,0
2026-07-24,Friday,2026,2,6,P06 Jul,25,2026-07-19,174,0,0,0,1,0
2026-08-24,Monday,2026,3,7,P07 Aug,30,2026-08-23,205,0,0,1,1,0
2026-09-24,Thursday,2026,3,8,P08 Sep,34,2026-09-20,236,1,1,1,1,0
2026-10-24,Saturday,2026,3,9,P09 Oct,38,2026-10-18,266,0,0,1,0,0
2026-11-24,Tuesday,2026,4,10,P10 Nov,43,2026-11-22,297,0,0,0,0,0
2026-12-24,Thursday,2026,4,11,P11 Dec,47,2026-12-20,327,0,0,0,0,0
2027-01-25,Monday,2026,4,12,P12 Jan,52,2027-01-24,359,0,0,0,0,0
2026-02-25,Wednesday,2026,1,1,P01 Feb,4,2026-02-22,25,0,0,0,1,0
2026-03-25,Wednesday,2026,1,2,P02 Mar,8,2026-03-22,53,0,0,0,1,0
2026-04-25,Saturday,2026,1,3,P03 Apr,12,2026-04-19,84,0,0,0,1,0
2026-05-25,Monday,2026,2,4,P04 May,17,2026-05-24,114,0,0,0,1,0
2026-06-25,Thursday,2026,2,5,P05 Jun,21,2026-06-21,145,0,0,0,1,0
2026-07-25,Saturday,2026,2,6,P06 Jul,25,2026-07-19,175,0,0,0,1,0
2026-08-25,Tuesday,2026,3,7,P07 Aug,30,2026-08-23,206,0,0,1,1,0
2026-09-25,Friday,2026,3,8,P08 Sep,34,2026-09-20,237,1,1,1,1,0
2026-10-25,Sunday,2026,3,9,P09 Oct,39,2026-10-25,267,0,0,1,0,0
2026-11-25,Wednesday,2026,4,10,P10 Nov,43,2026-11-22,298,0,0,0,0,0
2026-12-25,Friday,2026,4,11,P11 Dec,47,2026-12-20,328,0,0,0,0,0
2027-01-26,Tuesday,2026,4,12,P12 Jan,52,2027-01-24,360,0,0,0,0,0
2026-02-26,Thursday,2026,1,1,P01 Feb,4,2026-02-22,26,0,0,0,1,0
2026-03-26,Thursday,2026,1,2,P02 Mar,8,2026-03-22,54,0,0,0,1,0
2026-04-26,Sunday,2026,1,3,P03 Apr,13,2026-04-26,85,0,0,0,1,0
2026-05-26,Tuesday,2026,2,4,P04 May,17,2026-05-24,115,0,0,0,1,0
2026-06-26,Friday,2026,2,5,P05 Jun,21,2026-06-21,146,0,0,0,1,0
2026-07-26,Sunday,2026,2,6,P06 Jul,26,2026-07-26,176,0,0,0,1,0
2026-08-26,Wednesday,2026,3,7,P07 Aug,30,2026-08-23,207,0,0,1,1,0
2026-09-26,Saturday,2026,3,8,P08 Sep,34,2026-09-20,238,1,1,1,1,0
2026-10-26,Monday,2026,3,9,P09 Oct,39,2026-10-25,268,0,0,1,0,0
2026-11-26,Thursday,2026,4,10,P10 Nov,43,2026-11-22,299,0,0,0,0,0
2026-12-26,Saturday,2026,4,11,P11 Dec,47,2026-12-20,329,0,0,0,0,0
2027-01-27,Wednesday,2026,4,12,P12 Jan,52,2027-01-24,361,0,0,0,0,0
2026-02-27,Friday,2026,1,1,P01 Feb,4,2026-02-22,27,0,0,0,1,0
2026-03-27,Friday,2026,1,2,P02 Mar,8,2026-03-22,55,0,0,0,1,0
2026-04-27,Monday,2026,1,3,P03 Apr,13,2026-04-26,86,0,0,0,1,0
2026-05-27,Wednesday,2026,2,4,P04 May,17,2026-05-24,116,0,0,0,1,0
2026-06-27,Saturday,2026,2,5,P05 Jun,21,2026-06-21,147,0,0,0,1,0
2026-07-27,Monday,2026,2,6,P06 Jul,26,2026-07-26,177,0,0,0,1,0
2026-08-27,Thursday,2026,3,7,P07 Aug,30,2026-08-23,208,0,0,1,1,0
2026-09-27,Sunday,2026,3,8,P08 Sep,35,2026-09-27,239,0,0,1,0,0
2026-10-27,Tuesday,2026,3,9,P09 Oct,39,2026-10-25,269,0,0,1,0,0
2026-11-27,Friday,2026,4,10,P10 Nov,43,2026-11-22,300,0,0,0,0,0
2026-12-27,Sunday,2026,4,11,P11 Dec,48,2026-12-27,330,0,0,0,0,0
2027-01-28,Thursday,2026,4,12,P12 Jan,52,2027-01-24,362,0,0,0,0,0
2026-02-28,Saturday,2026,1,1,P01 Feb,4,2026-02-22,28,0,0,0,1,0
2026-03-28,Saturday,2026,1,2,P02 Mar,8,2026-03-22,56,0,0,0,1,0
2026-04-28,Tuesday,2026,1,3,P03 Apr,13,2026-04-26,87,0,0,0,1,0
2026-05-28,Thursday,2026,2,4,P04 May,17,2026-05-24,117,0,0,0,1,0
2026-06-28,Sunday,2026,2,5,P05 Jun,22,2026-06-28,148,0,0,0,1,0
2026-07-28,Tuesday,2026,2,6,P06 Jul,26,2026-07-26,178,0,0,0,1,0
2026-08-28,Friday,2026,3,7,P07 Aug,30,2026-08-23,209,0,0,1,1,0
2026-09-28,Monday,2026,3,8,P08 Sep,35,2026-09-27,240,0,0,1,0,0
2026-10-28,Wednesday,2026,3,9,P09 Oct,39,2026-10-25,270,0,0,1,0,0
2026-11-28,Saturday,2026,4,10,P10 Nov,43,2026-11-22,301,0,0,0,0,0
2026-12-28,Monday,2026,4,11,P11 Dec,48,2026-12-27,331,0,0,0,0,0
2027-01-29,Friday,2026,4,12,P12 Jan,52,2027-01-24,363,0,0,0,0,0
2026-03-29,Sunday,2026,1,2,P02 Mar,9,2026-03-29,57,0,0,0,1,0
2026-04-29,Wednesday,2026,1,3,P03 Apr,13,2026-04-26,88,0,0,0,1,0
2026-05-29,Friday,2026,2,4,P04 May,17,2026-05-24,118,0,0,0,1,0
2026-06-29,Monday,2026,2,5,P05 Jun,22,2026-06-28,149,0,0,0,1,0
2026-07-29,Wednesday,2026,2,6,P06 Jul,26,2026-07-26,179,0,0,0,1,0
2026-08-29,Saturday,2026,3,7,P07 Aug,30,2026-08-23,210,0,0,1,1,0
2026-09-29,Tuesday,2026,3,8,P08 Sep,35,2026-09-27,241,0,0,1,0,0
2026-10-29,Thursday,2026,3,9,P09 Oct,39,2026-10-25,271,0,0,1,0,0
2026-11-29,Sunday,2026,4,11,P11 Dec,44,2026-11-29,302,0,0,0,0,0
2026-12-29,Tuesday,2026,4,11,P11 Dec,48,2026-12-27,332,0,0,0,0,0
2027-01-30,Saturday,2026,4,12,P12 Jan,52,2027-01-24,364,0,0,0,0,0
2026-03-30,Monday,2026,1,2,P02 Mar,9,2026-03-29,58,0,0,0,1,0
2026-04-30,Thursday,2026,1,3,P03 Apr,13,2026-04-26,89,0,0,0,1,0
2026-05-30,Saturday,2026,2,4,P04 May,17,2026-05-24,119,0,0,0,1,0
2026-06-30,Tuesday,2026,2,5,P05 Jun,22,2026-06-28,150,0,0,0,1,0
2026-07-30,Thursday,2026,2,6,P06 Jul,26,2026-07-26,180,0,0,0,1,0
2026-08-30,Sunday,2026,3,8,P08 Sep,31,2026-08-30,211,0,1,1,1,0
2026-09-30,Wednesday,2026,3,8,P08 Sep,35,2026-09-27,242,0,0,1,0,0
2026-10-30,Friday,2026,3,9,P09 Oct,39,2026-10-25,272,0,0,1,0,0
2026-11-30,Monday,2026,4,11,P11 Dec,44,2026-11-29,303,0,0,0,0,0
2026-12-30,Wednesday,2026,4,11,P11 Dec,48,2026-12-27,333,0,0,0,0,0
2026-03-31,Tuesday,2026,1,2,P02 Mar,9,2026-03-29,59,0,0,0,1,0
2026-05-31,Sunday,2026,2,5,P05 Jun,18,2026-05-31,120,0,0,0,1,0
2026-07-31,Friday,2026,2,6,P06 Jul,26,2026-07-26,181,0,0,0,1,0
2026-08-31,Monday,2026,3,8,P08 Sep,31,2026-08-30,212,0,1,1,1,0
2026-10-31,Saturday,2026,3,9,P09 Oct,39,2026-10-25,273,0,0,1,0,0
2026-12-31,Thursday,2026,4,11,P11 Dec,48,2026-12-27,334,0,0,0,0,0
2028-01-01,Saturday,2027,4,11,P11 Dec,48,2027-12-26,336,0,0,0,0,0
2027-02-01,Monday,2027,1,1,P01 Feb,1,2027-01-31,2,0,0,0,0,0
2027-03-01,Monday,2027,1,2,P02 Mar,5,2027-02-28,30,0,0,0,0,0
2027-04-01,Thursday,2027,1,2,P02 Mar,9,2027-03-28,61,0,0,0,0,0
2027-05-01,Saturday,2027,1,3,P03 Apr,13,2027-04-25,91,0,0,0,0,0
2027-06-01,Tuesday,2027,2,5,P05 Jun,18,2027-05-30,122,0,0,0,0,0
2027-07-01,Thursday,2027,2,5,P05 Jun,22,2027-06-27,152,0,0,0,0,0
2027-08-01,Sunday,2027,3,7,P07 Aug,27,2027-08-01,183,0,0,0,0,0
2027-09-01,Wednesday,2027,3,8,P08 Sep,31,2027-08-29,214,0,0,0,0,0
2027-10-01,Friday,2027,3,8,P08 Sep,35,2027-09-26,244,0,0,0,0,0
2027-11-01,Monday,2027,4,10,P10 Nov,40,2027-10-31,275,0,0,0,0,0
2027-12-01,Wednesday,2027,4,11,P11 Dec,44,2027-11-28,305,0,0,0,0,0
2028-01-02,Sunday,2027,4,12,P12 Jan,49,2028-01-02,337,0,0,0,0,0
2027-02-02,Tuesday,2027,1,1,P01 Feb,1,2027-01-31,3,0,0,0,0,0
2027-03-02,Tuesday,2027,1,2,P02 Mar,5,2027-02-28,31,0,0,0,0,0
2027-04-02,Friday,2027,1,2,P02 Mar,9,2027-03-28,62,0,0,0,0,0
2027-05-02,Sunday,2027,2,4,P04 May,14,2027-05-02,92,0,0,0,0,0
2027-06-02,Wednesday,2027,2,5,P05 Jun,18,2027-05-30,123,0,0,0,0,0
2027-07-02,Friday,2027,2,5,P05 Jun,22,2027-06-27,153,0,0,0,0,0
2027-08-02,Monday,2027,3,7,P07 Aug,27,2027-08-01,184,0,0,0,0,0
2027-09-02,Thursday,2027,3,8,P08 Sep,31,2027-08-29,215,0,0,0,0,0
2027-10-02,Saturday,2027,3,8,P08 Sep,35,2027-09-26,245,0,0,0,0,0
2027-11-02,Tuesday,2027,4,10,P10 Nov,40,2027-10-31,276,0,0,0,0,0
2027-12-02,Thursday,2027,4,11,P11 Dec,44,2027-11-28,306,0,0,0,0,0
2028-01-03,Monday,2027,4,12,P12 Jan,49,2028-01-02,338,0,0,0,0,0
2027-02-03,Wednesday,2027,1,1,P01 Feb,1,2027-01-31,4,0,0,0,0,0
2027-03-03,Wednesday,2027,1,2,P02 Mar,5,2027-02-28,32,0,0,0,0,0
2027-04-03,Saturday,2027,1,2,P02 Mar,9,2027-03-28,63,0,0,0,0,0
2027-05-03,Monday,2027,2,4,P04 May,14,2027-05-02,93,0,0,0,0,0
2027-06-03,Thursday,2027,2,5,P05 Jun,18,2027-05-30,124,0,0,0,0,0
2027-07-03,Saturday,2027,2,5,P05 Jun,22,2027-06-27,154,0,0,0,0,0
2027-08-03,Tuesday,2027,3,7,P07 Aug,27,2027-08-01,185,0,0,0,0,0
2027-09-03,Friday,2027,3,8,P08 Sep,31,2027-08-29,216,0,0,0,0,0
2027-10-03,Sunday,2027,3,9,P09 Oct,36,2027-10-03,246,0,0,0,0,0
2027-11-03,Wednesday,2027,4,10,P10 Nov,40,2027-10-31,277,0,0,0,0,0
2027-12-03,Friday,2027,4,11,P11 Dec,44,2027-11-28,307,0,0,0,0,0
2028-01-04,Tuesday,2027,4,12,P12 Jan,49,2028-01-02,339,0,0,0,0,0
2027-02-04,Thursday,2027,1,1,P01 Feb,1,2027-01-31,5,0,0,0,0,0
2027-03-04,Thursday,2027,1,2,P02 Mar,5,2027-02-28,33,0,0,0,0,0
2027-04-04,Sunday,2027,1,3,P03 Apr,10,2027-04-04,64,0,0,0,0,0
2027-05-04,Tuesday,2027,2,4,P04 May,14,2027-05-02,94,0,0,0,0,0
2027-06-04,Friday,2027,2,5,P05 Jun,18,2027-05-30,125,0,0,0,0,0
2027-07-04,Sunday,2027,2,6,P06 Jul,23,2027-07-04,155,0,0,0,0,0
2027-08-04,Wednesday,2027,3,7,P07 Aug,27,2027-08-01,186,0,0,0,0,0
2027-09-04,Saturday,2027,3,8,P08 Sep,31,2027-08-29,217,0,0,0,0,0
2027-10-04,Monday,2027,3,9,P09 Oct,36,2027-10-03,247,0,0,0,0,0
2027-11-04,Thursday,2027,4,10,P10 Nov,40,2027-10-31,278,0,0,0,0,0
2027-12-04,Saturday,2027,4,11,P11 Dec,44,2027-11-28,308,0,0,0,0,0
2028-01-05,Wednesday,2027,4,12,P12 Jan,49,2028-01-02,340,0,0,0,0,0
2027-02-05,Friday,2027,1,1,P01 Feb,1,2027-01-31,6,0,0,0,0,0
2027-03-05,Friday,2027,1,2,P02 Mar,5,2027-02-28,34,0,0,0,0,0
2027-04-05,Monday,2027,1,3,P03 Apr,10,2027-04-04,65,0,0,0,0,0
2027-05-05,Wednesday,2027,2,4,P04 May,14,2027-05-02,95,0,0,0,0,0
2027-06-05,Saturday,2027,2,5,P05 Jun,18,2027-05-30,126,0,0,0,0,0
2027-07-05,Monday,2027,2,6,P06 Jul,23,2027-07-04,156,0,0,0,0,0
2027-08-05,Thursday,2027,3,7,P07 Aug,27,2027-08-01,187,0,0,0,0,0
2027-09-05,Sunday,2027,3,8,P08 Sep,32,2027-09-05,218,0,0,0,0,0
2027-10-05,Tuesday,2027,3,9,P09 Oct,36,2027-10-03,248,0,0,0,0,0
2027-11-05,Friday,2027,4,10,P10 Nov,40,2027-10-31,279,0,0,0,0,0
2027-12-05,Sunday,2027,4,11,P11 Dec,45,2027-12-05,309,0,0,0,0,0
2028-01-06,Thursday,2027,4,12,P12 Jan,49,2028-01-02,341,0,0,0,0,0
2027-02-06,Saturday,2027,1,1,P01 Feb,1,2027-01-31,7,0,0,0,0,0
2027-03-06,Saturday,2027,1,2,P02 Mar,5,2027-02-28,35,0,0,0,0,0
2027-04-06,Tuesday,2027,1,3,P03 Apr,10,2027-04-04,66,0,0,0,0,0
2027-05-06,Thursday,2027,2,4,P04 May,14,2027-05-02,96,0,0,0,0,0
2027-06-06,Sunday,2027,2,5,P05 Jun,19,2027-06-06,127,0,0,0,0,0
2027-07-06,Tuesday,2027,2,6,P06 Jul,23,2027-07-04,157,0,0,0,0,0
2027-08-06,Friday,2027,3,7,P07 Aug,27,2027-08-01,188,0,0,0,0,0
2027-09-06,Monday,2027,3,8,P08 Sep,32,2027-09-05,219,0,0,0,0,0
2027-10-06,Wednesday,2027,3,9,P09 Oct,36,2027-10-03,249,0,0,0,0,0
2027-11-06,Saturday,2027,4,10,P10 Nov,40,2027-10-31,280,0,0,0,0,0
2027-12-06,Monday,2027,4,11,P11 Dec,45,2027-12-05,310,0,0,0,0,0
2028-01-07,Friday,2027,4,12,P12 Jan,49,2028-01-02,342,0,0,0,0,0
2027-02-07,Sunday,2027,1,1,P01 Feb,2,2027-02-07,8,0,0,0,0,0
2027-03-07,Sunday,2027,1,2,P02 Mar,6,2027-03-07,36,0,0,0,0,0
2027-04-07,Wednesday,2027,1,3,P03 Apr,10,2027-04-04,67,0,0,0,0,0
2027-05-07,Friday,2027,2,4,P04 May,14,2027-05-02,97,0,0,0,0,0
2027-06-07,Monday,2027,2,5,P05 Jun,19,2027-06-06,128,0,0,0,0,0
2027-07-07,Wednesday,2027,2,6,P06 Jul,23,2027-07-04,158,0,0,0,0,0
2027-08-07,Saturday,2027,3,7,P07 Aug,27,2027-08-01,189,0,0,0,0,0
2027-09-07,Tuesday,2027,3,8,P08 Sep,32,2027-09-05,220,0,0,0,0,0
2027-10-07,Thursday,2027,3,9,P09 Oct,36,2027-10-03,250,0,0,0,0,0
2027-11-07,Sunday,2027,4,10,P10 Nov,41,2027-11-07,281,0,0,0,0,0
2027-12-07,Tuesday,2027,4,11,P11 Dec,45,2027-12-05,311,0,0,0,0,0
2028-01-08,Saturday,2027,4,12,P12 Jan,49,2028-01-02,343,0,0,0,0,0
2027-02-08,Monday,2027,1,1,P01 Feb,2,2027-02-07,9,0,0,0,0,0
2027-03-08,Monday,2027,1,2,P02 Mar,6,2027-03-07,37,0,0,0,0,0
2027-04-08,Thursday,2027,1,3,P03 Apr,10,2027-04-04,68,0,0,0,0,0
2027-05-08,Saturday,2027,2,4,P04 May,14,2027-05-02,98,0,0,0,0,0
2027-06-08,Tuesday,2027,2,5,P05 Jun,19,2027-06-06,129,0,0,0,0,0
2027-07-08,Thursday,2027,2,6,P06 Jul,23,2027-07-04,159,0,0,0,0,0
2027-08-08,Sunday,2027,3,7,P07 Aug,28,2027-08-08,190,0,0,0,0,0
2027-09-08,Wednesday,2027,3,8,P08 Sep,32,2027-09-05,221,0,0,0,0,0
2027-10-08,Friday,2027,3,9,P09 Oct,36,2027-10-03,251,0,0,0,0,0
2027-11-08,Monday,2027,4,10,P10 Nov,41,2027-11-07,282,0,0,0,0,0
2027-12-08,Wednesday,2027,4,11,P11 Dec,45,2027-12-05,312,0,0,0,0,0
2028-01-09,Sunday,2027,4,12,P12 Jan,50,2028-01-09,344,0,0,0,0,0
2027-02-09,Tuesday,2027,1,1,P01 Feb,2,2027-02-07,10,0,0,0,0,0
2027-03-09,Tuesday,2027,1,2,P02 Mar,6,2027-03-07,38,0,0,0,0,0
2027-04-09,Friday,2027,1,3,P03 Apr,10,2027-04-04,69,0,0,0,0,0
2027-05-09,Sunday,2027,2,4,P04 May,15,2027-05-09,99,0,0,0,0,0
2027-06-09,Wednesday,2027,2,5,P05 Jun,19,2027-06-06,130,0,0,0,0,0
2027-07-09,Friday,2027,2,6,P06 Jul,23,2027-07-04,160,0,0,0,0,0
2027-08-09,Monday,2027,3,7,P07 Aug,28,2027-08-08,191,0,0,0,0,0
2027-09-09,Thursday,2027,3,8,P08 Sep,32,2027-09-05,222,0,0,0,0,0
2027-10-09,Saturday,2027,3,9,P09 Oct,36,2027-10-03,252,0,0,0,0,0
2027-11-09,Tuesday,2027,4,10,P10 Nov,41,2027-11-07,283,0,0,0,0,0
2027-12-09,Thursday,2027,4,11,P11 Dec,45,2027-12-05,313,0,0,0,0,0
2028-01-10,Monday,2027,4,12,P12 Jan,50,2028-01-09,345,0,0,0,0,0
2027-02-10,Wednesday,2027,1,1,P01 Feb,2,2027-02-07,11,0,0,0,0,0
2027-03-10,Wednesday,2027,1,2,P02 Mar,6,2027-03-07,39,0,0,0,0,0
2027-04-10,Saturday,2027,1,3,P03 Apr,10,2027-04-04,70,0,0,0,0,0
2027-05-10,Monday,2027,2,4,P04 May,15,2027-05-09,100,0,0,0,0,0
2027-06-10,Thursday,2027,2,5,P05 Jun,19,2027-06-06,131,0,0,0,0,0
2027-07-10,Saturday,2027,2,6,P06 Jul,23,2027-07-04,161,0,0,0,0,0
2027-08-10,Tuesday,2027,3,7,P07 Aug,28,2027-08-08,192,0,0,0,0,0
2027-09-10,Friday,2027,3,8,P08 Sep,32,2027-09-05,223,0,0,0,0,0
2027-10-10,Sunday,2027,3,9,P09 Oct,37,2027-10-10,253,0,0,0,0,0
2027-11-10,Wednesday,2027,4,10,P10 Nov,41,2027-11-07,284,0,0,0,0,0
2027-12-10,Friday,2027,4,11,P11 Dec,45,2027-12-05,314,0,0,0,0,0
2028-01-11,Tuesday,2027,4,12,P12 Jan,50,2028-01-09,346,0,0,0,0,0
2027-02-11,Thursday,2027,1,1,P01 Feb,2,2027-02-07,12,0,0,0,0,0
2027-03-11,Thursday,2027,1,2,P02 Mar,6,2027-03-07,40,0,0,0,0,0
2027-04-11,Sunday,2027,1,3,P03 Apr,11,2027-04-11,71,0,0,0,0,0
2027-05-11,Tuesday,2027,2,4,P04 May,15,2027-05-09,101,0,0,0,0,0
2027-06-11,Friday,2027,2,5,P05 Jun,19,2027-06-06,132,0,0,0,0,0
2027-07-11,Sunday,2027,2,6,P06 Jul,24,2027-07-11,162,0,0,0,0,0
2027-08-11,Wednesday,2027,3,7,P07 Aug,28,2027-08-08,193,0,0,0,0,0
2027-09-11,Saturday,2027,3,8,P08 Sep,32,2027-09-05,224,0,0,0,0,0
2027-10-11,Monday,2027,3,9,P09 Oct,37,2027-10-10,254,0,0,0,0,0
2027-11-11,Thursday,2027,4,10,P10 Nov,41,2027-11-07,285,0,0,0,0,0
2027-12-11,Saturday,2027,4,11,P11 Dec,45,2027-12-05,315,0,0,0,0,0
2028-01-12,Wednesday,2027,4,12,P12 Jan,50,2028-01-09,347,0,0,0,0,0
2027-02-12,Friday,2027,1,1,P01 Feb,2,2027-02-07,13,0,0,0,0,0
2027-03-12,Friday,2027,1,2,P02 Mar,6,2027-03-07,41,0,0,0,0,0
2027-04-12,Monday,2027,1,3,P03 Apr,11,2027-04-11,72,0,0,0,0,0
2027-05-12,Wednesday,2027,2,4,P04 May,15,2027-05-09,102,0,0,0,0,0
2027-06-12,Saturday,2027,2,5,P05 Jun,19,2027-06-06,133,0,0,0,0,0
2027-07-12,Monday,2027,2,6,P06 Jul,24,2027-07-11,163,0,0,0,0,0
2027-08-12,Thursday,2027,3,7,P07 Aug,28,2027-08-08,194,0,0,0,0,0
2027-09-12,Sunday,2027,3,8,P08 Sep,33,2027-09-12,225,0,0,0,0,0
2027-10-12,Tuesday,2027,3,9,P09 Oct,37,2027-10-10,255,0,0,0,0,0
2027-11-12,Friday,2027,4,10,P10 Nov,41,2027-11-07,286,0,0,0,0,0
2027-12-12,Sunday,2027,4,11,P11 Dec,46,2027-12-12,316,0,0,0,0,0
2028-01-13,Thursday,2027,4,12,P12 Jan,50,2028-01-09,348,0,0,0,0,0
2027-02-13,Saturday,2027,1,1,P01 Feb,2,2027-02-07,14,0,0,0,0,0
2027-03-13,Saturday,2027,1,2,P02 Mar,6,2027-03-07,42,0,0,0,0,0
2027-04-13,Tuesday,2027,1,3,P03 Apr,11,2027-04-11,73,0,0,0,0,0
2027-05-13,Thursday,2027,2,4,P04 May,15,2027-05-09,103,0,0,0,0,0
2027-06-13,Sunday,2027,2,5,P05 Jun,20,2027-06-13,134,0,0,0,0,0
2027-07-13,Tuesday,2027,2,6,P06 Jul,24,2027-07-11,164,0,0,0,0,0
2027-08-13,Friday,2027,3,7,P07 Aug,28,2027-08-08,195,0,0,0,0,0
2027-09-13,Monday,2027,3,8,P08 Sep,33,2027-09-12,226,0,0,0,0,0
2027-10-13,Wednesday,2027,3,9,P09 Oct,37,2027-10-10,256,0,0,0,0,0
2027-11-13,Saturday,2027,4,10,P10 Nov,41,2027-11-07,287,0,0,0,0,0
2027-12-13,Monday,2027,4,11,P11 Dec,46,2027-12-12,317,0,0,0,0,0
2028-01-14,Friday,2027,4,12,P12 Jan,50,2028-01-09,349,0,0,0,0,0
2027-02-14,Sunday,2027,1,1,P01 Feb,3,2027-02-14,15,0,0,0,0,0
2027-03-14,Sunday,2027,1,2,P02 Mar,7,2027-03-14,43,0,0,0,0,0
2027-04-14,Wednesday,2027,1,3,P03 Apr,11,2027-04-11,74,0,0,0,0,0
2027-05-14,Friday,2027,2,4,P04 May,15,2027-05-09,104,0,0,0,0,0
2027-06-14,Monday,2027,2,5,P05 Jun,20,2027-06-13,135,0,0,0,0,0
2027-07-14,Wednesday,2027,2,6,P06 Jul,24,2027-07-11,165,0,0,0,0,0
2027-08-14,Saturday,2027,3,7,P07 Aug,28,2027-08-08,196,0,0,0,0,0
2027-09-14,Tuesday,2027,3,8,P08 Sep,33,2027-09-12,227,0,0,0,0,0
2027-10-14,Thursday,2027,3,9,P09 Oct,37,2027-10-10,257,0,0,0,0,0
2027-11-14,Sunday,2027,4,10,P10 Nov,42,2027-11-14,288,0,0,0,0,0
2027-12-14,Tuesday,2027,4,11,P11 Dec,46,2027-12-12,318,0,0,0,0,0
2028-01-15,Saturday,2027,4,12,P12 Jan,50,2028-01-09,350,0,0,0,0,0
2027-02-15,Monday,2027,1,1,P01 Feb,3,2027-02-14,16,0,0,0,0,0
2027-03-15,Monday,2027,1,2,P02 Mar,7,2027-03-14,44,0,0,0,0,0
2027-04-15,Thursday,2027,1,3,P03 Apr,11,2027-04-11,75,0,0,0,0,0
2027-05-15,Saturday,2027,2,4,P04 May,15,2027-05-09,105,0,0,0,0,0
2027-06-15,Tuesday,2027,2,5,P05 Jun,20,2027-06-13,136,0,0,0,0,0
2027-07-15,Thursday,2027,2,6,P06 Jul,24,2027-07-11,166,0,0,0,0,0
2027-08-15,Sunday,2027,3,7,P07 Aug,29,2027-08-15,197,0,0,0,0,0
2027-09-15,Wednesday,2027,3,8,P08 Sep,33,2027-09-12,228,0,0,0,0,0
2027-10-15,Friday,2027,3,9,P09 Oct,37,2027-10-10,258,0,0,0,0,0
2027-11-15,Monday,2027,4,10,P10 Nov,42,2027-11-14,289,0,0,0,0,0
2027-12-15,Wednesday,2027,4,11,P11 Dec,46,2027-12-12,319,0,0,0,0,0
2028-01-16,Sunday,2027,4,12,P12 Jan,51,2028-01-16,351,0,0,0,0,0
2027-02-16,Tuesday,2027,1,1,P01 Feb,3,2027-02-14,17,0,0,0,0,0
2027-03-16,Tuesday,2027,1,2,P02 Mar,7,2027-03-14,45,0,0,0,0,0
2027-04-16,Friday,2027,1,3,P03 Apr,11,2027-04-11,76,0,0,0,0,0
2027-05-16,Sunday,2027,2,4,P04 May,16,2027-05-16,106,0,0,0,0,0
2027-06-16,Wednesday,2027,2,5,P05 Jun,20,2027-06-13,137,0,0,0,0,0
2027-07-16,Friday,2027,2,6,P06 Jul,24,2027-07-11,167,0,0,0,0,0
2027-08-16,Monday,2027,3,7,P07 Aug,29,2027-08-15,198,0,0,0,0,0
2027-09-16,Thursday,2027,3,8,P08 Sep,33,2027-09-12,229,0,0,0,0,0
2027-10-16,Saturday,2027,3,9,P09 Oct,37,2027-10-10,259,0,0,0,0,0
2027-11-16,Tuesday,2027,4,10,P10 Nov,42,2027-11-14,290,0,0,0,0,0
2027-12-16,Thursday,2027,4,11,P11 Dec,46,2027-12-12,320,0,0,0,0,0
2028-01-17,Monday,2027,4,12,P12 Jan,51,2028-01-16,352,0,0,0,0,0
2027-02-17,Wednesday,2027,1,1,P01 Feb,3,2027-02-14,18,0,0,0,0,0
2027-03-17,Wednesday,2027,1,2,P02 Mar,7,2027-03-14,46,0,0,0,0,0
2027-04-17,Saturday,2027,1,3,P03 Apr,11,2027-04-11,77,0,0,0,0,0
2027-05-17,Monday,2027,2,4,P04 May,16,2027-05-16,107,0,0,0,0,0
2027-06-17,Thursday,2027,2,5,P05 Jun,20,2027-06-13,138,0,0,0,0,0
2027-07-17,Saturday,2027,2,6,P06 Jul,24,2027-07-11,168,0,0,0,0,0
2027-08-17,Tuesday,2027,3,7,P07 Aug,29,2027-08-15,199,0,0,0,0,0
2027-09-17,Friday,2027,3,8,P08 Sep,33,2027-09-12,230,0,0,0,0,0
2027-10-17,Sunday,2027,3,9,P09 Oct,38,2027-10-17,260,0,0,0,0,0
2027-11-17,Wednesday,2027,4,10,P10 Nov,42,2027-11-14,291,0,0,0,0,0
2027-12-17,Friday,2027,4,11,P11 Dec,46,2027-12-12,321,0,0,0,0,0
2028-01-18,Tuesday,2027,4,12,P12 Jan,51,2028-01-16,353,0,0,0,0,0
2027-02-18,Thursday,2027,1,1,P01 Feb,3,2027-02-14,19,0,0,0,0,0
2027-03-18,Thursday,2027,1,2,P02 Mar,7,2027-03-14,47,0,0,0,0,0
2027-04-18,Sunday,2027,1,3,P03 Apr,12,2027-04-18,78,0,0,0,0,0
2027-05-18,Tuesday,2027,2,4,P04 May,16,2027-05-16,108,0,0,0,0,0
2027-06-18,Friday,2027,2,5,P05 Jun,20,2027-06-13,139,0,0,0,0,0
2027-07-18,Sunday,2027,2,6,P06 Jul,25,2027-07-18,169,0,0,0,0,0
2027-08-18,Wednesday,2027,3,7,P07 Aug,29,2027-08-15,200,0,0,0,0,0
2027-09-18,Saturday,2027,3,8,P08 Sep,33,2027-09-12,231,0,0,0,0,0
2027-10-18,Monday,2027,3,9,P09 Oct,38,2027-10-17,261,0,0,0,0,0
2027-11-18,Thursday,2027,4,10,P10 Nov,42,2027-11-14,292,0,0,0,0,0
2027-12-18,Saturday,2027,4,11,P11 Dec,46,2027-12-12,322,0,0,0,0,0
2028-01-19,Wednesday,2027,4,12,P12 Jan,51,2028-01-16,354,0,0,0,0,0
2027-02-19,Friday,2027,1,1,P01 Feb,3,2027-02-14,20,0,0,0,0,0
2027-03-19,Friday,2027,1,2,P02 Mar,7,2027-03-14,48,0,0,0,0,0
2027-04-19,Monday,2027,1,3,P03 Apr,12,2027-04-18,79,0,0,0,0,0
2027-05-19,Wednesday,2027,2,4,P04 May,16,2027-05-16,109,0,0,0,0,0
2027-06-19,Saturday,2027,2,5,P05 Jun,20,2027-06-13,140,0,0,0,0,0
2027-07-19,Monday,2027,2,6,P06 Jul,25,2027-07-18,170,0,0,0,0,0
2027-08-19,Thursday,2027,3,7,P07 Aug,29,2027-08-15,201,0,0,0,0,0
2027-09-19,Sunday,2027,3,8,P08 Sep,34,2027-09-19,232,0,0,0,0,0
2027-10-19,Tuesday,2027,3,9,P09 Oct,38,2027-10-17,262,0,0,0,0,0
2027-11-19,Friday,2027,4,10,P10 Nov,42,2027-11-14,293,0,0,0,0,0
2027-12-19,Sunday,2027,4,11,P11 Dec,47,2027-12-19,323,0,0,0,0,0
2028-01-20,Thursday,2027,4,12,P12 Jan,51,2028-01-16,355,0,0,0,0,0
2027-02-20,Saturday,2027,1,1,P01 Feb,3,2027-02-14,21,0,0,0,0,0
2027-03-20,Saturday,2027,1,2,P02 Mar,7,2027-03-14,49,0,0,0,0,0
2027-04-20,Tuesday,2027,1,3,P03 Apr,12,2027-04-18,80,0,0,0,0,0
2027-05-20,Thursday,2027,2,4,P04 May,16,2027-05-16,110,0,0,0,0,0
2027-06-20,Sunday,2027,2,5,P05 Jun,21,2027-06-20,141,0,0,0,0,0
2027-07-20,Tuesday,2027,2,6,P06 Jul,25,2027-07-18,171,0,0,0,0,0
2027-08-20,Friday,2027,3,7,P07 Aug,29,2027-08-15,202,0,0,0,0,0
2027-09-20,Monday,2027,3,8,P08 Sep,34,2027-09-19,233,0,0,0,0,0
2027-10-20,Wednesday,2027,3,9,P09 Oct,38,2027-10-17,263,0,0,0,0,0
2027-11-20,Saturday,2027,4,10,P10 Nov,42,2027-11-14,294,0,0,0,0,0
2027-12-20,Monday,2027,4,11,P11 Dec,47,2027-12-19,324,0,0,0,0,0
2028-01-21,Friday,2027,4,12,P12 Jan,51,2028-01-16,356,0,0,0,0,0
2027-02-21,Sunday,2027,1,1,P01 Feb,4,2027-02-21,22,0,0,0,0,0
2027-03-21,Sunday,2027,1,2,P02 Mar,8,2027-03-21,50,0,0,0,0,0
2027-04-21,Wednesday,2027,1,3,P03 Apr,12,2027-04-18,81,0,0,0,0,0
2027-05-21,Friday,2027,2,4,P04 May,16,2027-05-16,111,0,0,0,0,0
2027-06-21,Monday,2027,2,5,P05 Jun,21,2027-06-20,142,0,0,0,0,0
2027-07-21,Wednesday,2027,2,6,P06 Jul,25,2027-07-18,172,0,0,0,0,0
2027-08-21,Saturday,2027,3,7,P07 Aug,29,2027-08-15,203,0,0,0,0,0
2027-09-21,Tuesday,2027,3,8,P08 Sep,34,2027-09-19,234,0,0,0,0,0
2027-10-21,Thursday,2027,3,9,P09 Oct,38,2027-10-17,264,0,0,0,0,0
2027-11-21,Sunday,2027,4,10,P10 Nov,43,2027-11-21,295,0,0,0,0,0
2027-12-21,Tuesday,2027,4,11,P11 Dec,47,2027-12-19,325,0,0,0,0,0
2028-01-22,Saturday,2027,4,12,P12 Jan,51,2028-01-16,357,0,0,0,0,0
2027-02-22,Monday,2027,1,1,P01 Feb,4,2027-02-21,23,0,0,0,0,0
2027-03-22,Monday,2027,1,2,P02 Mar,8,2027-03-21,51,0,0,0,0,0
2027-04-22,Thursday,2027,1,3,P03 Apr,12,2027-04-18,82,0,0,0,0,0
2027-05-22,Saturday,2027,2,4,P04 May,16,2027-05-16,112,0,0,0,0,0
2027-06-22,Tuesday,2027,2,5,P05 Jun,21,2027-06-20,143,0,0,0,0,0
2027-07-22,Thursday,2027,2,6,P06 Jul,25,2027-07-18,173,0,0,0,0,0
2027-08-22,Sunday,2027,3,7,P07 Aug,30,2027-08-22,204,0,0,0,0,0
2027-09-22,Wednesday,2027,3,8,P08 Sep,34,2027-09-19,235,0,0,0,0,0
2027-10-22,Friday,2027,3,9,P09 Oct,38,2027-10-17,265,0,0,0,0,0
2027-11-22,Monday,2027,4,10,P10 Nov,43,2027-11-21,296,0,0,0,0,0
2027-12-22,Wednesday,2027,4,11,P11 Dec,47,2027-12-19,326,0,0,0,0,0
2028-01-23,Sunday,2027,4,12,P12 Jan,52,2028-01-23,358,0,0,0,0,0
2027-02-23,Tuesday,2027,1,1,P01 Feb,4,2027-02-21,24,0,0,0,0,0
2027-03-23,Tuesday,2027,1,2,P02 Mar,8,2027-03-21,52,0,0,0,0,0
2027-04-23,Friday,2027,1,3,P03 Apr,12,2027-04-18,83,0,0,0,0,0
2027-05-23,Sunday,2027,2,4,P04 May,17,2027-05-23,113,0,0,0,0,0
2027-06-23,Wednesday,2027,2,5,P05 Jun,21,2027-06-20,144,0,0,0,0,0
2027-07-23,Friday,2027,2,6,P06 Jul,25,2027-07-18,174,0,0,0,0,0
2027-08-23,Monday,2027,3,7,P07 Aug,30,2027-08-22,205,0,0,0,0,0
2027-09-23,Thursday,2027,3,8,P08 Sep,34,2027-09-19,236,0,0,0,0,0
2027-10-23,Saturday,2027,3,9,P09 Oct,38,2027-10-17,266,0,0,0,0,0
2027-11-23,Tuesday,2027,4,10,P10 Nov,43,2027-11-21,297,0,0,0,0,0
2027-12-23,Thursday,2027,4,11,P11 Dec,47,2027-12-19,327,0,0,0,0,0
2028-01-24,Monday,2027,4,12,P12 Jan,52,2028-01-23,359,0,0,0,0,0
2027-02-24,Wednesday,2027,1,1,P01 Feb,4,2027-02-21,25,0,0,0,0,0
2027-03-24,Wednesday,2027,1,2,P02 Mar,8,2027-03-21,53,0,0,0,0,0
2027-04-24,Saturday,2027,1,3,P03 Apr,12,2027-04-18,84,0,0,0,0,0
2027-05-24,Monday,2027,2,4,P04 May,17,2027-05-23,114,0,0,0,0,0
2027-06-24,Thursday,2027,2,5,P05 Jun,21,2027-06-20,145,0,0,0,0,0
2027-07-24,Saturday,2027,2,6,P06 Jul,25,2027-07-18,175,0,0,0,0,0
2027-08-24,Tuesday,2027,3,7,P07 Aug,30,2027-08-22,206,0,0,0,0,0
2027-09-24,Friday,2027,3,8,P08 Sep,34,2027-09-19,237,0,0,0,0,0
2027-10-24,Sunday,2027,3,9,P09 Oct,39,2027-10-24,267,0,0,0,0,0
2027-11-24,Wednesday,2027,4,10,P10 Nov,43,2027-11-21,298,0,0,0,0,0
2027-12-24,Friday,2027,4,11,P11 Dec,47,2027-12-19,328,0,0,0,0,0
2028-01-25,Tuesday,2027,4,12,P12 Jan,52,2028-01-23,360,0,0,0,0,0
2027-02-25,Thursday,2027,1,1,P01 Feb,4,2027-02-21,26,0,0,0,0,0
2027-03-25,Thursday,2027,1,2,P02 Mar,8,2027-03-21,54,0,0,0,0,0
2027-04-25,Sunday,2027,1,3,P03 Apr,13,2027-04-25,85,0,0,0,0,0
2027-05-25,Tuesday,2027,2,4,P04 May,17,2027-05-23,115,0,0,0,0,0
2027-06-25,Friday,2027,2,5,P05 Jun,21,2027-06-20,146,0,0,0,0,0
2027-07-25,Sunday,2027,2,6,P06 Jul,26,2027-07-25,176,0,0,0,0,0
2027-08-25,Wednesday,2027,3,7,P07 Aug,30,2027-08-22,207,0,0,0,0,0
2027-09-25,Saturday,2027,3,8,P08 Sep,34,2027-09-19,238,0,0,0,0,0
2027-10-25,Monday,2027,3,9,P09 Oct,39,2027-10-24,268,0,0,0,0,0
2027-11-25,Thursday,2027,4,10,P10 Nov,43,2027-11-21,299,0,0,0,0,0
2027-12-25,Saturday,2027,4,11,P11 Dec,47,2027-12-19,329,0,0,0,0,0
2028-01-26,Wednesday,2027,4,12,P12 Jan,52,2028-01-23,361,0,0,0,0,0
2027-02-26,Friday,2027,1,1,P01 Feb,4,2027-02-21,27,0,0,0,0,0
2027-03-26,Friday,2027,1,2,P02 Mar,8,2027-03-21,55,0,0,0,0,0
2027-04-26,Monday,2027,1,3,P03 Apr,13,2027-04-25,86,0,0,0,0,0
2027-05-26,Wednesday,2027,2,4,P04 May,17,2027-05-23,116,0,0,0,0,0
2027-06-26,Saturday,2027,2,5,P05 Jun,21,2027-06-20,147,0,0,0,0,0
2027-07-26,Monday,2027,2,6,P06 Jul,26,2027-07-25,177,0,0,0,0,0
2027-08-26,Thursday,2027,3,7,P07 Aug,30,2027-08-22,208,0,0,0,0,0
2027-09-26,Sunday,2027,3,8,P08 Sep,35,2027-09-26,239,0,0,0,0,0
2027-10-26,Tuesday,2027,3,9,P09 Oct,39,2027-10-24,269,0,0,0,0,0
2027-11-26,Friday,2027,4,10,P10 Nov,43,2027-11-21,300,0,0,0,0,0
2027-12-26,Sunday,2027,4,11,P11 Dec,48,2027-12-26,330,0,0,0,0,0
2028-01-27,Thursday,2027,4,12,P12 Jan,52,2028-01-23,362,0,0,0,0,0
2027-02-27,Saturday,2027,1,1,P01 Feb,4,2027-02-21,28,0,0,0,0,0
2027-03-27,Saturday,2027,1,2,P02 Mar,8,2027-03-21,56,0,0,0,0,0
2027-04-27,Tuesday,2027,1,3,P03 Apr,13,2027-04-25,87,0,0,0,0,0
2027-05-27,Thursday,2027,2,4,P04 May,17,2027-05-23,117,0,0,0,0,0
2027-06-27,Sunday,2027,2,5,P05 Jun,22,2027-06-27,148,0,0,0,0,0
2027-07-27,Tuesday,2027,2,6,P06 Jul,26,2027-07-25,178,0,0,0,0,0
2027-08-27,Friday,2027,3,7,P07 Aug,30,2027-08-22,209,0,0,0,0,0
2027-09-27,Monday,2027,3,8,P08 Sep,35,2027-09-26,240,0,0,0,0,0
2027-10-27,Wednesday,2027,3,9,P09 Oct,39,2027-10-24,270,0,0,0,0,0
2027-11-27,Saturday,2027,4,10,P10 Nov,43,2027-11-21,301,0,0,0,0,0
2027-12-27,Monday,2027,4,11,P11 Dec,48,2027-12-26,331,0,0,0,0,0
2028-01-28,Friday,2027,4,12,P12 Jan,52,2028-01-23,363,0,0,0,0,0
2027-02-28,Sunday,2027,1,2,P02 Mar,5,2027-02-28,29,0,0,0,0,0
2027-03-28,Sunday,2027,1,2,P02 Mar,9,2027-03-28,57,0,0,0,0,0
2027-04-28,Wednesday,2027,1,3,P03 Apr,13,2027-04-25,88,0,0,0,0,0
2027-05-28,Friday,2027,2,4,P04 May,17,2027-05-23,118,0,0,0,0,0
2027-06-28,Monday,2027,2,5,P05 Jun,22,2027-06-27,149,0,0,0,0,0
2027-07-28,Wednesday,2027,2,6,P06 Jul,26,2027-07-25,179,0,0,0,0,0
2027-08-28,Saturday,2027,3,7,P07 Aug,30,2027-08-22,210,0,0,0,0,0
2027-09-28,Tuesday,2027,3,8,P08 Sep,35,2027-09-26,241,0,0,0,0,0
2027-10-28,Thursday,2027,3,9,P09 Oct,39,2027-10-24,271,0,0,0,0,0
2027-11-28,Sunday,2027,4,11,P11 Dec,44,2027-11-28,302,0,0,0,0,0
2027-12-28,Tuesday,2027,4,11,P11 Dec,48,2027-12-26,332,0,0,0,0,0
2028-01-29,Saturday,2027,4,12,P12 Jan,52,2028-01-23,364,0,0,0,0,0
2027-03-29,Monday,2027,1,2,P02 Mar,9,2027-03-28,58,0,0,0,0,0
2027-04-29,Thursday,2027,1,3,P03 Apr,13,2027-04-25,89,0,0,0,0,0
2027-05-29,Saturday,2027,2,4,P04 May,17,2027-05-23,119,0,0,0,0,0
2027-06-29,Tuesday,2027,2,5,P05 Jun,22,2027-06-27,150,0,0,0,0,0
2027-07-29,Thursday,2027,2,6,P06 Jul,26,2027-07-25,180,0,0,0,0,0
2027-08-29,Sunday,2027,3,8,P08 Sep,31,2027-08-29,211,0,0,0,0,0
2027-09-29,Wednesday,2027,3,8,P08 Sep,35,2027-09-26,242,0,0,0,0,0
2027-10-29,Friday,2027,3,9,P09 Oct,39,2027-10-24,272,0,0,0,0,0
2027-11-29,Monday,2027,4,11,P11 Dec,44,2027-11-28,303,0,0,0,0,0
2027-12-29,Wednesday,2027,4,11,P11 Dec,48,2027-12-26,333,0,0,0,0,0
2027-03-30,Tuesday,2027,1,2,P02 Mar,9,2027-03-28,59,0,0,0,0,0
2027-04-30,Friday,2027,1,3,P03 Apr,13,2027-04-25,90,0,0,0,0,0
2027-05-30,Sunday,2027,2,5,P05 Jun,18,2027-05-30,120,0,0,0,0,0
2027-06-30,Wednesday,2027,2,5,P05 Jun,22,2027-06-27,151,0,0,0,0,0
2027-07-30,Friday,2027,2,6,P06 Jul,26,2027-07-25,181,0,0,0,0,0
2027-08-30,Monday,2027,3,8,P08 Sep,31,2027-08-29,212,0,0,0,0,0
2027-09-30,Thursday,2027,3,8,P08 Sep,35,2027-09-26,243,0,0,0,0,0
2027-10-30,Saturday,2027,3,9,P09 Oct,39,2027-10-24,273,0,0,0,0,0
2027-11-30,Tuesday,2027,4,11,P11 Dec,44,2027-11-28,304,0,0,0,0,0
2027-12-30,Thursday,2027,4,11,P11 Dec,48,2027-12-26,334,0,0,0,0,0
2027-01-31,Sunday,2027,1,1,P01 Feb,1,2027-01-31,1,0,0,0,0,0
2027-03-31,Wednesday,2027,1,2,P02 Mar,9,2027-03-28,60,0,0,0,0,0
2027-05-31,Monday,2027,2,5,P05 Jun,18,2027-05-30,121,0,0,0,0,0
2027-07-31,Saturday,2027,2,6,P06 Jul,26,2027-07-25,182,0,0,0,0,0
2027-08-31,Tuesday,2027,3,8,P08 Sep,31,2027-08-29,213,0,0,0,0,0
2027-10-31,Sunday,2027,4,10,P10 Nov,40,2027-10-31,274,0,0,0,0,0
2027-12-31,Friday,2027,4,11,P11 Dec,48,2027-12-26,335,0,0,0,0,0
