PROMO_CD,MATNR
BG25W01,20101
BG25W01,94202
BG25W01,551020
BG25W01,94103
BG25W02,4492001
BG25W02,4492050
BG25W02,93401
BG25W02,552001
MB25W03,4482002
MB25W03,562001
MB25W03,5012
MB25W03,93321
MB25W03B,5301
MB25W03B,5012
MB25W03B,20103
MB25W03B,30203
MB25W03B,4472050
MB25W03B,94202
BG25W04,93410
BG25W04,4482003
BG25W04,4493002
BG25W04,94301
BG25W04,4472001
BG25W04B,561001
BG25W04B,30103
BG25W04B,93503
BG25W04B,93410
BG25W04B,31102
LY25W05,5012
LY25W05,4482003
LY25W05,4471030
LY25W05,20201
LY25W05,4471040
LY25W05,4471023
BG25W06,4492050
BG25W06,20202
BG25W06,4493002
MB25W06,40203
MB25W06,552001
MB25W06,31101
MB25W06,5201
MB25W06,93502
MB25W06,31102
MB25W07,30203
MB25W07,552002
MB25W07,5103
PC25W08,20101
PC25W08,40102
PC25W08,552001
PC25W08,4493002
PC25W08,40202
MB25W08,4471030
MB25W08,31101
MB25W08,20101
MB25W08,4492002
MB25W08,4491003
MB25W08,94103
LY25W09,4481001
LY25W09,562002
LY25W09,93503
LY25W09,4472002
LY25W10,94203
LY25W10,4493002
LY25W10,40203
MB25W10,4481003
MB25W10,20201
MB25W10,4482003
MB25W10,93321
MB25W10,40202
MB25W11,4492001
MB25W11,4492050
MB25W11,30201
MB25W11,20103
MB25W11,4471040
PC25W12,4491002
PC25W12,93325
PC25W12,94203
PC25W12,4471030
PC25W12,5102
BG25W13,4491002
BG25W13,93503
BG25W13,4493002
MB25W13,551021
MB25W13,20202
MB25W13,40202
MB25W13,4493001
MB25W13,4481001
MB25W13,30203
MB25W14,4473001
MB25W14,4471040
MB25W14,4482001
MB25W14,4492003
MB25W14,4482002
BG25W15,562001
BG25W15,31101
BG25W15,93321
BG25W15,94101
MB25W15,93402
MB25W15,5202
MB25W15,94101
PC25W16,561001
PC25W16,4483002
PC25W16,40102
PC25W16,4473002
BG25W17,4473002
BG25W17,4483001
BG25W17,93501
BG25W17,94201
BG25W17,93502
BG25W17,4473001
MB25W17,30103
MB25W17,4493002
MB25W17,4482002
MB25W17,20101
PC25W18,93501
PC25W18,551020
PC25W18,93322
LY25W18,4491002
LY25W18,4491001
LY25W18,30203
LY25W18,4473001
LY25W18,93502
LY25W18,20202
LY25W19,4481001
LY25W19,552001
LY25W19,4491002
LY25W19,20103
LY25W19,30103
PC25W19,5103
PC25W19,93502
PC25W19,93501
PC25W20,30102
PC25W20,93503
PC25W20,562002
LY25W21,561002
LY25W21,562002
LY25W21,93410
LY25W21,94102
PC25W21,40202
PC25W21,30202
PC25W21,5103
PC25W21,40101
PC25W21,4472003
MB25W22,93322
MB25W22,4482003
MB25W22,552002
LY25W22,4492001
LY25W22,40202
LY25W22,94302
LY25W22,5302
LY25W23,4482001
LY25W23,551020
LY25W23,5101
LY25W23,4472050
MB25W24,94202
MB25W24,20101
MB25W24,40202
MB25W24,94203
MB25W24,551021
PC25W25,40202
PC25W25,4492001
PC25W25,4491002
PC25W25,40201
LY25W25,5012
LY25W25,93410
LY25W25,93321
LY25W25,5202
LY25W25,94302
LY25W25,40202
PC25W26,94203
PC25W26,94101
PC25W26,20103
PC25W26B,4481003
PC25W26B,94302
PC25W26B,93410
PC25W26B,5102
LY25W27,40102
LY25W27,94202
LY25W27,4471023
LY25W27,552001
LY25W27B,40101
LY25W27B,20201
LY25W27B,30101
LY25W27B,4473002
MB25W28,40203
MB25W28,20201
MB25W28,94202
MB25W28,4472001
LY25W28,4482003
LY25W28,5302
LY25W28,5102
LY25W28,31102
MB25W29,93503
MB25W29,5012
MB25W29,5302
MB25W29,4492002
MB25W29,4473001
MB25W29B,94203
MB25W29B,40202
MB25W29B,30101
LY25W30,5302
LY25W30,5103
LY25W30,4481003
LY25W30,4492002
LY25W30,94203
LY25W30,4472002
BG25W31,93321
BG25W31,4492003
BG25W31,4493002
BG25W31,30201
BG25W31,4471030
BG25W31,4481003
MB25W32,94301
MB25W32,5101
MB25W32,4492001
MB25W32,5102
MB25W32,4473002
PC25W32,30103
PC25W32,4473003
PC25W32,4472001
PC25W32,30101
PC25W33,30202
PC25W33,4481003
PC25W33,561002
PC25W33,4492050
PC25W33,5201
PC25W34,94102
PC25W34,5013
PC25W34,4492002
PC25W34,5202
LY25W35,31101
LY25W35,30201
LY25W35,20102
LY25W35,93401
LY25W35,93410
BG25W35,4482003
BG25W35,4473003
BG25W35,561001
MB25W36,20102
MB25W36,93321
MB25W36,94202
MB25W36,4481001
BG25W36,93501
BG25W36,552001
BG25W36,40102
BG25W36,94301
BG25W36,4482003
BG25W36,20101
MB25W37,4482001
MB25W37,4472050
MB25W37,4492001
MB25W37,4481001
MB25W37,551021
BG25W38,40102
BG25W38,5012
BG25W38,4492003
BG25W38,4491002
BG25W38,40101
PC25W38,40203
PC25W38,5202
PC25W38,5103
PC25W38,551020
BG25W39,30203
BG25W39,93503
BG25W39,4473003
BG25W39,4473002
PC25W39,4473003
PC25W39,4472002
PC25W39,561002
PC25W39,93325
MB25W40,4471023
MB25W40,5101
MB25W40,4472002
LY25W41,4491002
LY25W41,31101
LY25W41,40203
LY25W41,4481003
PC25W42,4483001
PC25W42,94302
PC25W42,4493002
PC25W42,93401
PC25W43,20101
PC25W43,4483001
PC25W43,30102
PC25W43,93501
PC25W43,40202
PC25W43,4472001
PC25W44,40201
PC25W44,94102
PC25W44,4483002
PC25W44,93325
PC25W44,551020
PC25W44,93501
LY25W44,93410
LY25W44,93401
LY25W44,40102
BG25W45,4483002
BG25W45,94203
BG25W45,552002
BG25W45,30203
PC25W45,20201
PC25W45,5102
PC25W45,94202
LY25W46,4472003
LY25W46,30201
LY25W46,94101
LY25W46,562001
LY25W46,40102
LY25W46,94202
PC25W47,5302
PC25W47,4493002
PC25W47,4481001
BG25W48,4473003
BG25W48,4491002
BG25W48,94202
PC25W49,30101
PC25W49,4492003
PC25W49,40203
PC25W49,4493002
PC25W49,4491001
PC25W49,4483001
PC25W49B,40102
PC25W49B,94103
PC25W49B,5012
PC25W49B,4482002
PC25W49B,4483001
MB25W50,5201
MB25W50,30102
MB25W50,4491002
MB25W50,30203
MB25W50,4471023
MB25W50,40202
LY25W51,4492003
LY25W51,30103
LY25W51,94102
BG25W51,4483002
BG25W51,4491002
BG25W51,4482002
BG25W51,93325
BG25W52,561002
BG25W52,4471040
BG25W52,4483002
BG25W52,551021
BG25W52,4493001
PC25W52,4482003
PC25W52,40203
PC25W52,5102
PC25W52,40201
PC25W52,31102
BG26W01,30103
BG26W01,30203
BG26W01,4491001
BG26W01,5012
MB26W01,94201
MB26W01,30103
MB26W01,5020
MB26W01,31102
MB26W01,4471030
BG26W02,93410
BG26W02,93501
BG26W02,551021
BG26W02,5020
BG26W02,94302
MB26W02,561001
MB26W02,5013
MB26W02,4483002
PC26W03,93503
PC26W03,4473001
PC26W03,4491002
PC26W04,94102
PC26W04,40102
PC26W04,94301
PC26W04,552001
PC26W04,4473003
PC26W04B,4482002
PC26W04B,4482001
PC26W04B,5101
PC26W04B,562001
PC26W04B,4481001
PC26W04B,5102
BG26W05,30203
BG26W05,40202
BG26W05,94102
BG26W05,20201
PC26W06,562002
PC26W06,4483002
PC26W06,5020
PC26W06,93402
PC26W06,31102
PC26W06,5013
MB26W06,31102
MB26W06,40202
MB26W06,562001
LY26W07,20103
LY26W07,40203
LY26W07,20102
LY26W07,94101
MB26W08,4482001
MB26W08,94301
MB26W08,4483001
MB26W08,5101
MB26W08,4473001
LY26W08,4482001
LY26W08,94102
LY26W08,562002
LY26W08,93410
LY26W08,4481003
LY26W08,5201
BG26W09,40203
BG26W09,561001
BG26W09,93410
BG26W10,5012
BG26W10,30102
BG26W10,561002
BG26W10,4481003
BG26W10,4491002
BG26W10,94103
PC26W11,5202
PC26W11,4473002
PC26W11,4491003
PC26W11,5013
PC26W12,5103
PC26W12,40201
PC26W12,5201
MB26W13,4473002
MB26W13,93501
MB26W13,30103
MB26W13,4492003
MB26W13,4471030
MB26W13,4491003
PC26W13,5013
PC26W13,4482001
PC26W13,4491002
PC26W13,94301
PC26W14,551021
PC26W14,93322
PC26W14,4473002
PC26W14,94103
PC26W14,31101
LY26W14,20103
LY26W14,4491003
LY26W14,5020
PC26W15,551021
PC26W15,20102
PC26W15,4472002
PC26W15,30103
PC26W15,4492002
PC26W15,20101
PC26W16,93321
PC26W16,5013
PC26W16,5101
PC26W16,562001
PC26W16,561002
PC26W17,5302
PC26W17,5202
PC26W17,551021
PC26W17,551020
PC26W17,4472001
PC26W17,4482003
LY26W18,31102
LY26W18,4473002
LY26W18,93410
LY26W18,5103
LY26W18,4483002
LY26W18,4472001
MB26W19,93402
MB26W19,94302
MB26W19,4492001
MB26W19,562001
MB26W19,5202
MB26W19,94201
LY26W19,93322
LY26W19,20102
LY26W19,4473002
LY26W19,20103
LY26W19,94101
LY26W19,4483002
BG26W20,94102
BG26W20,5202
BG26W20,4493002
BG26W20,4472001
BG26W20,5103
BG26W20,4491002
BG26W21,31102
BG26W21,94103
BG26W21,4481003
BG26W21,94201
BG26W21,4482001
PC26W22,5020
PC26W22,4471023
PC26W22,4471040
PC26W22B,20202
PC26W22B,30101
PC26W22B,94102
PC26W22B,4472050
PC26W23,31102
PC26W23,4483001
PC26W23,40201
PC26W23,4482003
BG26W24,94101
BG26W24,4482001
BG26W24,5302
BG26W24,562001
PC26W24,5101
PC26W24,30201
PC26W24,4472002
PC26W24,4491001
PC26W24,94202
PC26W24,40101
PC26W25,4472003
PC26W25,5012
PC26W25,93322
PC26W25B,5013
PC26W25B,31102
PC26W25B,4471023
PC26W25B,31101
PC26W25B,30103
PC26W25B,40201
MB26W26,94201
MB26W26,93410
MB26W26,5102
MB26W26,4482001
PC26W27,4473003
PC26W27,30101
PC26W27,30201
PC26W27,94302
PC26W27,551020
LY26W27,20202
LY26W27,40201
LY26W27,4491001
LY26W27,5020
LY26W27,5301
PC26W28,552001
PC26W28,4471030
PC26W28,94103
PC26W28,4472003
PC26W28,93322
PC26W28,40202
PC26W29,561002
PC26W29,4472001
PC26W29,4471040
PC26W29,94202
PC26W29,31102
PC26W30,93503
PC26W30,4483001
PC26W30,5101
PC26W30,4473002
BG26W31,94203
BG26W31,94201
BG26W31,40101
BG26W31,4493002
BG26W31,20101
BG26W31,4472002
PC26W31,562001
PC26W31,20103
PC26W31,4473003
PC26W31,94201
PC26W31,4491002
PC26W31,4473002
PC26W32,4482001
PC26W32,40101
PC26W32,4471030
PC26W32,94201
PC26W32,4471040
PC26W32,551020
MB26W33,30103
MB26W33,94301
MB26W33,4482003
MB26W33,94103
MB26W33,30203
PC26W34,94302
PC26W34,552002
PC26W34,30202
PC26W34,93503
BG26W33,4471023
